:020000040800F2
:1000000040650224ED030008010400080304000811
:10001000090E000807040008090400080000000099
:10002000000000000000000000000000E11A0008CD
:100030000D04000800000000510E0008011B00081C
:100040001304000813040008130400081304000834
:100050001304000813040008130400081304000824
:100060001304000813040008130400081304000814
:100070001304000813040008130400081304000804
:1000800013040008130400081304000813040008F4
:1000900013040008130400081304000813040008E4
:1000A00013040008130400081304000813040008D4
:1000B00013040008130400081304000813040008C4
:1000C00013040008130400081304000813040008B4
:1000D00013040008791F1008130400081304000813
:1000E00013040008130400080000000013040008B3
:1000F0001304000813040008130400081304000884
:100100001304000813040008130400081304000873
:100110001304000813040008130400081304000863
:100120001304000813040008130400081304000853
:100130001304000813040008130400081304000843
:1001400000000000000000000000000000000000AF
:100150001304000813040008130400081304000823
:100160001304000813040008130400081304000813
:100170001304000813040008130400080000000022
:1001800013040008130400081304000813040008F3
:1001900013040008130400081304000813040008E3
:1001A00013040008130400081304000813040008D3
:1001B00013040008130400081304000813040008C3
:1001C00013040008130400081304000813040008B3
:1001D00013040008130400081304000813040008A3
:1001E0001304000813040008130400081304000893
:1001F0001304000813040008130400081304000883
:100200001304000813040008130400081304000872
:100210001304000813040008130400081304000862
:100220001304000813040008130400080000000071
:100230001304000813040008000000001304000861
:100240001304000813040008130400081304000832
:100250001304000813040008130400081304000822
:100260001304000813040008130400081304000812
:100270001304000813040008130400080000000021
:100280001304000813040008130400080000000011
:10029000000000001304000800F002F8FFF0B2FEB6
:1002A00014A696E8000CB244B344DA4501D1FFF03D
:1002B000A9FEBAE80F000FA696E83000A5EB0405EA
:1002C00004EB0607AAEB0704A7F101074FEA15158F
:1002D0004FEA3414A4F10104AC4201D3FFF092FEC2
:1002E00013F0010F18BFFB1A43F0010300F001F8EF
:1002F000DBE7184764DE000084DE0000103A24BF0C
:1003000078C878C1FAD8520724BF30C830C144BF7A
:1003100004680C6070470000704700000023002450
:1003200000250026103A28BF78C1FBD8520728BF05
:1003300030C148BF0B6070476E2900F0C38170293F
:100340000DF0AC8266290DF0AB8265290DF0A88214
:1003500067290DF0A58261290DF0A48203681B0AAC
:1003600028BF41F08001692900F07081642900F004
:100370006D81752900F06A816F2900F04982782922
:100380000DF09282E9290DF09182E4290DF08E8220
:10039000F5290DF08B82EF2900F04682F8290DF047
:1003A00087820368DB0928BF41F08001632900F0E0
:1003B0004F82732900F05482E3290DF07B82F329E8
:1003C0000DF07A82002070471FB50AF155F900F14F
:1003D000E1FC0400002000210AF138F9401C6060B3
:1003E000002000210DF08CFAE0601FBDDFF8300026
:1003F000016841F470010160BFF34F8F0948004765
:10040000FEE7FEE7FEE7FEE7FEE7FEE7FEE7FEE7C4
:10041000FEE7FEE704480549034A054B7047000024
:1004200088ED00E099020008405D02244065022446
:10043000405D02240FB4044910B503AA029800F0ED
:1004400055F910BC5DF814FBA808002440EA01032C
:1004500010B59B070FD1042A0DD310C808C9121F6D
:100460009C42F8D020BA19BA884201D9012010BDA7
:100470004FF0FF3010BD1AB1D30703D0521C07E074
:10048000002010BD10F8013B11F8014B1B1B07D1D8
:1004900010F8013B11F8014B1B1B01D1921EF1D149
:1004A000184610BD10B5431C02E010F8011B71B1D5
:1004B0008107FAD14FF0013202C88C1A8C4314EA3A
:1004C000C211F9D0C01A0A0603D0C01E10BDC01A4E
:1004D00010BD0A0401D0801E10BD0902FCD0401ED0
:1004E00010BD032A40F2308010F0030C00F015809C
:1004F00011F8013BBCF1020F624498BF11F801CB27
:1005000000F8013B38BF11F8013BA2F1040298BF8B
:1005100000F801CB38BF00F8013B11F003030DF0E8
:10052000CD81083AC0F0088051F8043B083A51F8F0
:1005300004CBA0E80810F5E7121D5CBF51F8043B9E
:1005400040F8043BAFF30080D20724BF11F8013B11
:1005500011F801CB48BF11F8012B24BF00F8013B73
:1005600000F801CB48BF00F8012B704702F0FF03F1
:1005700043EA032242EA0242FFF0CBBD0000000042
:1005800030B44FF0013C50F8042BCCFA52F451F83F
:10059000043BD51A20D1FCB950F8042BCCFA52F404
:1005A00051F8043BD51A17D1B4B950F8042BCCFA42
:1005B00052F451F8043BD51A0ED16CB950F8042B03
:1005C000CCFA52F451F8043BD51A05D1002CDAD0FC
:1005D00030BC4FF00000704729BAB1FA81F111F038
:1005E0001801D1F120008440F2D1CA40CB4012F072
:1005F000FF0213F0FF0330BCD01A704770B50446F9
:1006000085690068C10601D5302600E02026C007B4
:1006100007D070BDD4E9012130469047206A401CC4
:1006200020626D1EF6D570BD70B5044685690078F0
:10063000C00707D170BDD4E9012120209047206A6E
:10064000401C20626D1EF6D570BD00002DE9F04102
:100650000646002410687529314616A510D0FFF013
:1006600081FD002802DA404213A507E031688A07BD
:1006700001D512A502E0490704D511A5012401E026
:10068000FFF079FD00210A2206F1240709E0B0FB02
:10069000F2FCB0FBF2F302FB1C0030307854184639
:1006A000491C0028F3D123462A463046BDE8F041D4
:1006B000FFF043BF000000002D0000002B000000F1
:1006C0002000000011680268006A530501D5087017
:1006D0000AE0D30501D5088006E0130603D5C2174A
:1006E000C1E9000200E0086001207047074B70B5C7
:1006F0000D467B44FFF077FD0446284600F118FBC9
:1007000010B14FF0FF3070BD204670BDCB580000D7
:100710002DE9FF5F15468A460446DFF8AC80F844B1
:100720000027D8E900103E46CDE9001010E03AF865
:1007300016106A4602A800F097F8411C07D02178ED
:10074000890603D5E269391891420DD80744761C11
:100750002078800602D5E069B84205DDAE42E6DBCE
:100760003AF816000028E2D1A069C01BA06120461B
:10077000FFF744FFD8E90010CDE90010002017E092
:100780003AF818106A4602A800F06EF8B0F1FF3F80
:1007900081460BD000250DF1080B05E0D4E90121BD
:1007A0001BF8050090476D1C4D45F7D308F101007B
:1007B000B0428046E4DB206A384420622046FFF7DE
:1007C00033FFBDE8FF9F00007A9F100030B4002186
:1007D00000F1240408E002F00705D208303542EAAF
:1007E0004372DB086554491C52EA0305F3D10468DF
:1007F000002310A2250708D504F020040C4304D0E0
:10080000C46901230CA2641EC46130BCFFF095BE14
:1008100010B5044621461068FFF0ADFC02462046A4
:10082000BDE810400023D1E7D21D22F00701D1E935
:100830000023CBE7000000003000000010B5436942
:1008400013B1AFF3008001E0FFF09EFC012010BD6A
:10085000127800F124010A7000224A700122EDE7AB
:1008600011684FF0FF32E9E72DE9F04116460C46DA
:10087000054600F187FA036893F80101012807D0C3
:10088000FF2C12D8185D80B101202C70BDE8F081DA
:10089000D3F807013246214603F20713C71828464A
:1008A000BC46BDE8F041002360474FF0FF30EDE764
:1008B0002DE9F0411F46044603260168072A01F48A
:1008C000006004DB08B116A505E016A503E008B139
:1008D00015A500E015A521F010002060A069C01E3C
:1008E000A0610FB1401EA0612046FFF787FE4FB107
:1008F000D4E9012138469047206A401C2062C01C80
:10090000206206E0206AFAE7D4E9012115F8010B1C
:100910009047761EF8D22046FFF786FEBDE8F081AC
:100920004E414E006E616E00494E4600696E660093
:100930002DE9F047814616468AB0354878440DC8FF
:100940008DE80D0032487844801C03AC0DC884E863
:100950000D0041F69B300844372190FBF1F290FBEB
:10096000F1F5A5F1800501FB12041B3C02D56442A0
:10097000012000E00020DFF898A080460027FA441C
:10098000AAF1BE0A0EE0E0070AD03246684607EB3D
:10099000470101230AEB810109F120FD8DE80700E1
:1009A00064107F1C002CEED1194F7F44AE3F19E03C
:1009B000E80715D007EB04100DF1180A90E80E00B7
:1009C0008AE80E00C068F04201D1981908903246BA
:1009D000012306A903A809F101FD03AB83E8070081
:1009E0006D10641C002DE3D14FF0010332466946BF
:1009F000B8F1000F03A802D00CF03AFF01E009F1B2
:100A0000EDFCC9E90001C9F808200AB0BDE8F0878B
:100A10007CD000000000000082B08DF80600FFE7E7
:100A200047F23400C5F20020006800909DF80000F5
:100A300010F0450F01D0FFE700E0F1E79DF800005E
:100A4000400700280FD5FFE747F23801C5F2002123
:100A50000420086040F6FF70C1F6E07008600320D3
:100A60008DF807002EE09DF80000C00748B1FFE7B1
:100A700047F23801C5F20021012008608DF8070017
:100A800020E047F21000C5F2002000689DF8061033
:100A9000884204D0FFE710208DF8070012E047F2EB
:100AA0003801C5F2002140F6FF70C1F6E070086021
:100AB00047F21400C5F20020006800F008008DF82D
:100AC0000700FFE79DF8070002B070470000000034
:100AD00083B000208DF80A004FF480300090FFE7CB
:100AE0000098411E009170B1FFE747F23400C5F253
:100AF0000020006801909DF8040010F0450F01D01F
:100B0000FFE700E0ECE7009830B1FFE79DF8040054
:100B10004007002810D5FFE703208DF80A0047F2B0
:100B20003801C5F20021086840F0040008609DF813
:100B30000A008DF80B0016E09DF80400400600281E
:100B40000CD5FFE700208DF80A0047F23801C5F206
:100B50000021086840F040000860FFE79DF80A00A7
:100B60008DF80B00FFE79DF80B0003B07047000005
:100B700080B58AB0ADF82400089100208DF81F00E0
:100B800006900590102004900121082200F188FCB5
:100B90000498FFF741FF8DF81F009DF81F0028B152
:100BA000FFE79DF81F008DF82700BAE0BDF824008C
:100BB000020437200390012100F172FC0398FFF733
:100BC0002BFF8DF81F009DF81F0028B1FFE79DF84F
:100BD0001F008DF82700A4E04FF0FF30082103220A
:100BE0000123019300F184FC01993320029000223B
:100BF00000F156FC0298FFF70FFF8DF81F009DF8DB
:100C00001F0028B1FFE79DF81F008DF8270088E03E
:100C1000FFE747F23400C5F20020006840F22A5195
:100C2000084213D1FFE747F23400C5F20020006804
:100C30000003002809D4FFE747F28000C5F2002036
:100C4000016805910068069000E0E2E747F2340091
:100C5000C5F200200068000700280CD5FFE747F226
:100C60003801C5F20021086840F00800086004203F
:100C70008DF8270055E047F23400C5F200200068E7
:100C8000800700280CD5FFE747F23801C5F20021A4
:100C9000086840F00200086002208DF8270040E05C
:100CA00047F23400C5F200200068800600280CD509
:100CB000FFE747F23801C5F20021086840F0200044
:100CC000086006208DF827002BE0FFE7FFE747F2DA
:100CD0003801C5F2002140F6FF70C1F6E0700860EF
:100CE0000599080601F47F4240EA022001F47F02E0
:100CF00040EA122040EA1160089948600699080607
:100D000001F47F4240EA022001F47F0240EA12200F
:100D100040EA1160089908609DF81F008DF82700CF
:100D2000FFE79DF827000AB080BD0000000000002A
:100D300080B584B0029000200190009040F248609D
:100D4000C2F20040006802040D20012100F1A8FB5E
:100D500047F23400C5F2002000680090FFE70098D9
:100D600010F0450F07D1FFE747F23400C5F200202D
:100D700000680090F3E70098C00760B1FFE747F212
:100D80003801C5F20021086840F001000860012028
:100D90008DF80F0034E00098400700280CD5FFE7DD
:100DA00047F23801C5F20021086840F004000860ED
:100DB00003208DF80F0023E047F21000C5F2002059
:100DC00000680D2804D0FFE710208DF80F0017E011
:100DD00047F23801C5F2002140F6FF70C1F6E0701D
:100DE000086047F21400C5F20020006801900198E5
:100DF000C0F343200299087000208DF80F00FFE730
:100E00009DF80F0004B080BD80B582B040F2004074
:100E1000C5F602000121002207F1C2FE4DF6FC607A
:100E2000C0F61000FFF706FB4FF47A70019003F153
:100E300037FF4DF61170C0F61000FFF7FBFA01986E
:100E400003F12EFF0AF090FE02B080BD000000000A
:100E5000EFF30980BFF36F8F154B1A681EF0100F68
:100E600008BF20ED108A20E9F04F10602DE909003D
:100E70004FF0500072B680F31188BFF34F8FBFF36D
:100E80006F8F62B60BF04CFD4FF0000080F31188BD
:100E9000BDE8090019680868B0E8F04F1EF0100FAF
:100EA00008BFB0EC108A80F30988BFF36F8F7047DA
:100EB0005C5B00240000000080B586B08DF8160051
:100EC00000208DF81500049003908DF80B009DF81C
:100ED000160020B1FFE702208DF80B0003E0002090
:100EE0008DF80B00FFE747F21400C5F20020006800
:100EF0008001002804D5FFE70E208DF8170046E09A
:100F000040F24860C2F20040008803A9FFF730FEBB
:100F10008DF815009DF8150028B1FFE79DF8150024
:100F20008DF8170033E09DF81200400700282AD5FD
:100F3000FFE740F24860C2F2004000680204372038
:100F40000190012100F1ACFA0198FFF765FD8DF8E1
:100F500015009DF8150028B1FFE79DF815008DF8E4
:100F6000170014E09DF80B2006200090012100F1ED
:100F700097FA0098FFF750FD8DF815009DF81500C1
:100F80008DF8170003E025208DF81700FFE79DF886
:100F9000170006B080BD000080B584B0029000202C
:100FA0008DF80700ADF8040040F23C60C2F200404A
:100FB0000078032804D1FFE727208DF80F0048E0D0
:100FC00040F23C60C2F20040007880B1FFE740F29E
:100FD0003C60C2F200400078012808D0FFE740F2F0
:100FE0003C60C2F20040007802282CD1FFE7029852
:100FF000022804D3FFE727208DF80F0029E09DF891
:101000000800FFF759FF8DF807009DF80700C0B9E9
:10101000FFE747F20401C5F200210868ADF80400BB
:10102000BDF804006FF39F30ADF80400029ABDF8DC
:10103000040040EA8230ADF80400BDF80400086006
:10104000FFE7FFE7FFE7FFE79DF807008DF80F00D8
:10105000FFE79DF80F0004B080BD00000000000015
:10106000B0B582B0019000218DF803108DF8021008
:1010700040F23C60C2F200400278019B83F85620A7
:1010800040F24862C2F200421268019BA3F8542069
:1010900040F22C62C2F20042D3788DF802309DF803
:1010A00002309B09DDF804C08CF800309DF8023056
:1010B000C3F38303DDF804C08CF801309DF80230DF
:1010C00003F00303DDF804C08CF8023053888DF878
:1010D00002309DF80230DDF804C08CF8033013684C
:1010E0001B0A8DF802309DF80230DDF804C08CF840
:1010F000043013688DF802309DF80230DDF804C02A
:101100008CF80530D3798DF802309DF802301B0140
:10111000DDF804C0ACF80630D3888DF802309DF8B5
:1011200002E0DDF804C0BCF8063043EA1E13ACF858
:1011300006309DF8023003F00F03DDF804C08CF890
:1011400008305268120A8DF802209DF80220D20958
:10115000019B5A729DF80220C2F38012019B9A7281
:101160009DF80220C2F34012019BDA729DF8022022
:10117000C2F30012019B1A73019A5173007880B177
:10118000FFE740F23C60C2F200400078012808D03E
:10119000FFE740F23C60C2F200400078032873D1C0
:1011A000FFE79DF8020000F003008002019908614A
:1011B00040F22C60C2F2004041688DF802109DF8A8
:1011C0000230019A116941EA83011161C17A8DF8F7
:1011D00002109DF80230019A116941EA93111161E0
:1011E0009DF80210C1F3C201019A11759DF8021019
:1011F00001F00701019A517541898DF802109DF89F
:1012000002104909019A91759DF80210C1F38201FB
:10121000019AD1759DF8021001F003014900019A6D
:1012200011768068000A8DF802009DF8022001996D
:10123000087E40EAD2100876019908690130002240
:10124000CA648864019A107E811C012000FA01FCA6
:101250004FEAEC74D16CD2F848E0AEFB0C350EFBD3
:10126000045E01FB0CE19364D16401990A7A904019
:10127000086501998A6CC86C0B6DA2FB032C00FBFE
:1012800003C08A64C86439E040F23C60C2F20040A6
:101290000078022831D1FFE740F22C60C2F2004012
:1012A00041688DF802109DF8021001F03F01090419
:1012B000019A1161C17A8DF802109DF80230019AED
:1012C000116941EA0321116141898DF802109DF8ED
:1012D0000230019A1169194311618068000A8DF882
:1012E000020001990869421CD004520BCA64886448
:1012F00001994FF400700865FFE7FFE79DF80200D1
:10130000C0F38010019948769DF8020000F03F007C
:1013100040000199887640F22C60C2F2004081685A
:101320008DF802109DF80230019A917E41EAD311A6
:1013300091769DF8021001F07F01019AD176C17B70
:101340008DF802109DF80210C909019A11779DF8D5
:101350000210C1F34111019A51779DF80210C1F3B7
:101360008201019A91779DF8021001F00301890032
:10137000019AD177C1898DF802109DF80230019A47
:10138000D17F41EA9311D1779DF80210C1F340114A
:10139000019A82F82010019A002182F821109DF80C
:1013A000021001F00101019A82F82210C168090AB5
:1013B0008DF802109DF80210C909019A82F82310D5
:1013C0009DF80210C1F38011019A82F824109DF853
:1013D0000210C1F34011019A82F825109DF8021005
:1013E000C1F30011019A82F826109DF80210C1F392
:1013F0008101019A82F827109DF8021001F0030183
:10140000019A82F82810C0688DF802009DF8020049
:101410004008019981F829000199012081F82A00EA
:1014200040F21C61C2F20041CA788DF802209DF89A
:101430000220019B83F82C204A888DF802209DF819
:1014400002201202019BDA850A68120A8DF8022036
:101450009DF802C0019BDA8D42EA0C02DA850A6827
:101460008DF802209DF802201206019B1A63CA79AA
:101470008DF802209DF802C0019B1A6B42EA0C42D3
:101480001A63CA888DF802209DF802C0019B1A6B6E
:1014900042EA0C221A634A68120A8DF802209DF86B
:1014A00002C0019B1A6B42EA0C021A634A688DF86B
:1014B00002209DF80220019B83F83420CA7A8DF81F
:1014C00002209DF80220019B83F835204A898DF87F
:1014D00002209DF802201206019B9A638A68120A74
:1014E0008DF802209DF802C0019B9A6B42EA0C42E3
:1014F0009A638A688DF802209DF802C0019B9A6B5E
:1015000042EA0C229A63CA7B8DF802209DF802C041
:10151000019B9A6B42EA0C029A63CA898DF80220F9
:101520009DF802C0019B93F83C2042EA1C1283F80C
:101530003C209DF8022002F00F021202019BDA8784
:10154000CA68120A8DF802209DF802C0019BDA8F4A
:1015500042EA0C02DA87C9688DF802109DF8021081
:101560004908019A82F84010019981F841009DF8DC
:10157000030002B0B0BD000080B58CB000230A9318
:101580008DF82F308DF82E3044F2E041C5F602017F
:10159000086840F00C00086044F2D441C5F602012E
:1015A000086840F48030086069464B60032005906D
:1015B000086040F60000C5F6020003904FF4F851B1
:1015C00004910222069207F107FB039804990C226A
:1015D000099207F185FA0598069A0A9B69464B60BD
:1015E000086040F60040C5F602000790042108910B
:1015F00007F1F2FA07980899099A07F171FA0A981F
:1016000047F20001C5F20021086047F20401C5F26B
:101610000021086047F20801C5F20021086047F286
:101620000C01C5F20021086047F22401C5F2002137
:10163000086047F22801C5F20021086047F22C013A
:10164000C5F20021086047F23802C5F2002240F6D8
:10165000FF71C1F6E071116047F23C01C5F2002153
:10166000086000F165F88DF82F009DF82F0028B96B
:10167000FFE7FFF075FF8DF82F00FFE79DF82F00C3
:1016800048B9FFE740F25060C2F20040FFF7E8FCC3
:101690008DF82F00FFE79DF82F0060B9FFE740F2BB
:1016A0005060C2F20040B0F85400000400F168F944
:1016B0008DF82F00FFE79DF82F0030B9FFE70120DC
:1016C000FFF76AFC8DF82F00FFE79DF82F0040B16F
:1016D000FFE740F23C60C2F20040007803281ED1D0
:1016E000FFE740F25060C2F2004090F8560048B167
:1016F000FFE740F25060C2F2004090F85600012827
:1017000004D1FFE706208DF82E0003E004208DF8B9
:101710002E00FFE79DF82E00FFF0AAFEFFE79DF8E0
:101720002F000CB080BD000080B58EB0014611982E
:1017300010980C910B930A92ADF8260000208DF8BA
:10174000250008904FF0FF3107910C99069147F260
:101750002C01C5F20021086040F23C60C2F200405A
:10176000007802280DD1FFE74FF40070ADF8260095
:101770000A980B99400A40EAC15049120B910A900D
:10178000FFE7BDF82620102005900121FFF088FE1C
:101790000598FFF741F98DF825009DF8250068B1FF
:1017A000FFE79DF825104EF2F800C0F60000FEF7A6
:1017B00041FE9DF825008DF8370027E11198BDF80E
:1017C000261041434FF0FF3009220123FFF090FE25
:1017D00047F20C01C5F20021086840F040000860A3
:1017E000119802281BD3FFE70A9A122004900121C6
:1017F000FFF056FE0498FFF70FF98DF825009DF8CD
:10180000250058B1FFE74EF20C10C0F60000FEF7BD
:1018100011FE9DF825008DF83700F7E014E00A9AD4
:10182000112003900121FFF03BFE0398FFF7F4F82D
:101830008DF825009DF8250028B1FFE79DF82500CB
:101840008DF83700E2E0FFE707F142FAFFE747F2E1
:101850003400C5F20020006810F4957F33D1FFE713
:1018600047F23400C5F200200068000400281ED5AD
:10187000FFE700200890FFE7089807280ED8FFE749
:1018800047F28000C5F2002000680699089A41F8E6
:101890002200FFE7089801300890EDE70698203015
:1018A00006904FF6FF70C0F27F0007900AE007989D
:1018B00020B9FFE704208DF83700A7E0079801382A
:1018C0000790FFE7C3E747F20C01C5F20021086863
:1018D00020F04000086007F1FFF947F23400C5F23C
:1018E00000200068000700280CD5FFE747F2380108
:1018F000C5F20021086840F00800086004208DF857
:10190000370083E047F23400C5F20020006880070A
:1019100000281CD5FFE747F23801C5F2002108680E
:1019200040F002000860119802280CD3FFE70C2059
:10193000029001210022FFF0B3FD0298FFF76CF83E
:101940008DF82500FFE702208DF837005EE047F2B2
:101950003400C5F200200068800600280CD5FFE79F
:1019600047F23801C5F20021086840F02000086005
:1019700006208DF8370049E0FFE7FFE747F2340023
:10198000C5F200200068C005002831D5FFE7119896
:1019900002282DD3FFE740F23C60C2F200400078FD
:1019A00080B1FFE740F23C60C2F2004000780128BD
:1019B00008D0FFE740F23C60C2F200400078022805
:1019C00015D1FFE70C20019001210022FFF068FDF6
:1019D0000198FFF721F88DF825009DF8250028B122
:1019E000FFE79DF825008DF837000FE0FFE7FFE7E0
:1019F00047F23801C5F2002140F6FF70C1F6E070F1
:101A000008609DF825008DF83700FFE79DF8370046
:101A10000EB080BD0000000080B58CB00B900A9124
:101A2000099200218DF823100A980791069040F240
:101A30003C60C2F20040007848B1FFE70699079881
:101A4000400240EAD150490206910790FFE79DF815
:101A50002C00800770B3FFE700200590FFE7059892
:101A60000999884225D2FFE706990798059A11EB54
:101A7000422240F100036946012048604FF40070A3
:101A80000490086040F2A860C2F200400390FFF7A3
:101A90004BFE0399049A8DF823000B98FEF721FD65
:101AA0000B9800F500700B90FFE70598013005904A
:101AB000D5E70FE00B98069A079B0999EC46CCF8FE
:101AC00004104FF40071CCF80010FFF72DFE8DF8D4
:101AD0002300FFE79DF823000CB080BD000000004C
:101AE000064B19680868B0E8F04F80F30988BFF327
:101AF0006F8F4FF0000080F3118870475C5B00240B
:101B000080B582B04FF0500072B680F31188BFF3F9
:101B10006F8FBFF34F8F62B6009008F105FA40B1A6
:101B2000FFE74EF60451CEF200014FF080500860FE
:101B300000E0FFE700200190019880F3118802B0D7
:101B400080BD00000000000082B0ADF80600BDF8C6
:101B5000061001200090C1B1FFE7BDF8061001207A
:101B6000B1F5784F009010D0FFE7BDF806100120C6
:101B7000B1F5FC6F009008D0FFE7BDF806001F38F4
:101B8000B0FA80F040090090FFE7009800F00100F3
:101B900002B070470000000086B0059004910598DF
:101BA00003904FF0FF30029000200190FFE7019872
:101BB000049988422DD2FFE703980199415C02986D
:101BC0004840029000208DF80300FFE79DF80300D5
:101BD000072819D8FFE79DF80800C00748B1FFE7BC
:101BE000029948F22030CEF6B85080EA51000290B7
:101BF00003E0029840080290FFE7FFE79DF803002A
:101C000001308DF80300E1E7FFE701980130019012
:101C1000CDE70298C04306B0704700000000000006
:101C200080B586B004900498102839D3FFE743F2BA
:101C3000C070C2F200400078442831D1FFE743F27F
:101C4000C070C2F200404078522829D1FFE743F229
:101C5000C070C2F200408078572821D1FFE743F2DC
:101C6000C070C2F20040C078312819D1FFE743F2BA
:101C7000C070C2F200408088012811D1FFE743F212
:101C8000C070C2F20040C088082809D1FFE743F2C3
:101C9000C070C2F200408068B0F5806F04D9FFE7E1
:101CA00000208DF8170059E043F2C070C2F20040E6
:101CB0008068C000029004980299103188420ED1C9
:101CC000FFE7029943F2C070C2F20040009010306A
:101CD000FFF762FF0099C968884204D0FFE700203F
:101CE0008DF817003AE000200390FFE7039843F2D5
:101CF000C071C2F20041896888422BD2FFE7039984
:101D000043F2C070C2F2004000EBC10010300190FD
:101D100001990888498800F157FB90B1FFE70198C5
:101D20008088FFF711FF60B1FFE7019880790128F3
:101D300007D8FFE7039840B9FFE70198807920B9F9
:101D4000FFE700208DF8170008E0FFE70398013057
:101D50000390CBE701208DF81700FFE79DF81700EF
:101D600006B080BD0000000080B582B041F26C106A
:101D7000C2F20040019042F25001FEF0C8F9019910
:101D800001200870002088804DF6B660C0F6000083
:101D900000F052F800F144FB02B080BD00000000EA
:101DA00080B584B000200390FFE7039841F26C11E6
:101DB000C2F20041C96888423AD2FFE7039941F272
:101DC0006C10C2F2004000EBC1005030029002984B
:101DD000807918B9FFE7039858B9FFE7029802889D
:101DE00043888088694608601046194601F124FC42
:101DF00019E0039941F26C10C2F2004000EBC100FF
:101E000048300190019908884988DDF808C0BCF87D
:101E10000020BCF80230BCF804C0EE46CEF800C08A
:101E200001F10AFCFFE7FFE7039801300390BCE7EC
:101E300004B080BD0000000080B582B00190019A1E
:101E400041F26C10C2F200401030402100F160F904
:101E500002B080BD0000000083B08DF807009DF83F
:101E6000070001460091012808D0FFE700980328E9
:101E70000AD0FFE7009806280CD011E04DF6AF60BD
:101E8000C0F61000029011E04DF65F60C0F6000051
:101E900002900BE04DF6B650C0F61000029005E03F
:101EA0004DF6F350C0F600000290FFE7029803B031
:101EB000704700000000000080B5B8B001A8009095
:101EC000DC21FEF024F9009805218DF80410013082
:101ED0004DF65572C0F600020D2100F119F9009877
:101EE00043F2C071C2F20041359142F210013791C4
:101EF00001F00EFA012809D0FFE74DF6B650C0F602
:101F00001000FFF799FF00F103FB10E041F26C11A4
:101F1000C2F2004101204870002088704DF63A70EE
:101F2000C0F60000FFF788FF00F1F2FAFFE738B0D3
:101F300080BD00000000000080B5BCB043F2C0705E
:101F4000C2F2004002904421017052214170572199
:101F500081703121C170012181800821C18041F24D
:101F60006C11C2F20041CA688260CA68D200049251
:101F7000049A103001905031FEF075F801980499E0
:101F8000FFF70AFE0299C86005A80390DC21FEF065
:101F9000BEF8039806218DF8141001304DF65572E5
:101FA000C0F600020D2100F1B3F8029903983991AF
:101FB000049910313A9101F0ABF9012809D0FFE7FB
:101FC0004DF6B650C0F61000FFF736FF00F1A0FA4C
:101FD00010E041F26C11C2F2004101204870002073
:101FE00088704DF64E70C0F60000FFF725FF00F137
:101FF0008FFAFFE73CB080BD43F2C411C2F200414A
:10200000002008707047000085B004900391029290
:10201000049818B1FFE7039808B9FFE728E000200B
:1020200001900298F8B1FFE7FFE702980199415C3F
:102030000020009049B1FFE70198411C039A00205D
:10204000914238BF01200090FFE70098C00748B1D7
:10205000FFE70298019A805C049988540198013046
:102060000190E2E7FFE70499019A00208854FFE716
:1020700005B070470000000080B5BCB005A8049012
:10208000DC21FEF044F8049801218DF81410013091
:10209000029000F0A1F904980E3001904AF27C728F
:1020A000C0F61002C021FFF7AFFF0198FEF7FAF962
:1020B000029AADF8E20043F2C410C2F2004003906D
:1020C00020300D21FFF7A0FF039A049800215174DE
:1020D0004DF6AB41C0F6100100F182FC3CB080BD72
:1020E00080B5BCB03B9043F2C410C2F20040407CCB
:1020F00078B9FFE743F2C411C2F2004101204874ED
:102100004DF6EA50C0F6100000F0FEFA00F1D8FBE0
:1021100026E004A80390DC21FDF0F9FF03980421D8
:102120008DF8101001303B9A0D210191FFF76CFFE3
:10213000019943F2C410C2F20040029020304EF2E6
:102140004312C0F60002FFF75FFF029A03980021D6
:1021500051744DF69041C0F6100100F141FCFFE7CB
:102160003CB080BD0000000080B584B0039043F215
:10217000C410C2F20040007870B1FFE7039858B174
:10218000FFE70398007838B9FFE743F2C410C2F2C2
:102190000040407808B1FFE71BE10399488889882F
:1021A00043F2C412C2F2004201925279013AB2FAE9
:1021B00082F2520901F174FA014601988DF80B1070
:1021C000407901283ED1FFE79DF80B00032803D199
:1021D000FFE700F1B1F934E09DF80B00042803D1CA
:1021E000FFE700F1ADFB2BE09DF80B00052808D1BF
:1021F000FFE743F2C410C2F200401330FFF770FF54
:102200001DE09DF80B00092818D1FFE743F2C41028
:10221000C2F20040002141714174027C4DF6086118
:10222000C0F610014DF68560C0F61000002A18BFF8
:10223000084600F069FA00F143FBFFE7FFE7FFE71C
:10224000FFE7C6E003994888898801F1FDFA8DF817
:102250000A009DF90A00002826D4FFE743F2C411C2
:10226000C2F20041C87800EB40029DF80A0000EB82
:1022700042008DF809009DF809008978884212DA39
:10228000FFE79DF8090043F2C411C2F20041087152
:10229000002048744DF6E930C0F6100000F034FA22
:1022A00000F10EFBFFE794E09DF80B00012803D13D
:1022B000FFE7FFF7E1FE8CE09DF80B00022803D159
:1022C000FFE700F071F983E09DF80B00052821D1AC
:1022D000FFE743F2C410C2F2004090F90400002866
:1022E00017D4FFE743F2C410C2F2004081780079AE
:1022F00088420EDAFFE743F2C410C2F200400179CF
:1023000001EB410100EB011000F5B870FFF7E8FEAA
:10231000FFE75CE09DF80B00062819D1FFE743F2C8
:10232000C410C2F20040C07890B1FFE743F2C4117C
:10233000C2F20041C8780138C870002048744DF6D8
:10234000DB40C0F6100000F0DFF900F1B9FA3DE023
:102350009DF80B00072829D1FFE743F2C410C2F211
:102360000040817805314AF6AB22CAF6AA22A1FBC9
:10237000022189088DF80810C07801309DF80810F6
:10238000884212D2FFE743F2C411C2F20041C8787A
:102390000130C870002048744DF6E940C0F61000C6
:1023A00000F0B2F900F18CFAFFE70EE09DF80B00A7
:1023B000082809D1FFE743F2C411C2F2004100200E
:1023C000487400F035F9FFE7FFE7FFE7FFE7FFE7B5
:1023D000FFE704B080BD000080B582B0019043F2F9
:1023E000C410C2F200400089ADF80200FFE7BDF85A
:1023F000020042F20F7188426ED8FFE701994E2029
:10240000087001994F204870019954208870019AF2
:102410004521D170BDF8021048F63812C0F24102D1
:10242000A1FB022149F69A12C1F69912A1FB02C33F
:1024300003EB8303A1EB430141F03001019B1971D0
:10244000BDF8021045F62943C0F28F23A1FB0331EA
:10245000A1FB02C303EB8303A1EB430141F0300175
:10246000019B5971BDF80210A1FB0231A1FB02C30F
:1024700003EB8303A1EB430141F03001019B997110
:10248000BDF80210A1FB023202EB8202A1EB420175
:1024900041F03001019AD171019A2E2111720199F6
:1024A0004872019A582191720199C87201990020CD
:1024B0000873BDF802000130ADF80200019800F089
:1024C00017F840B9FFE7BDF8020043F2C411C2F2A9
:1024D0000041088109E08AE701984DF6A362C0F641
:1024E00010020D21FFF790FDFFE702B080BD000054
:1024F00080B584B0029000208DF80700FFE79DF8BA
:10250000070043F2C411C2F20041897888421CDA04
:10251000FFE79DF8070000EB400143F2C410C2F250
:10252000004000EB011000F5B8700299FEF728F8A2
:1025300020B9FFE701208DF80F000AE0FFE79DF8C2
:10254000070001308DF80700D9E700208DF80F0053
:10255000FFE79DF80F0004B080BD00000000000000
:1025600080B582B043F2C410C2F2004000904FF434
:10257000BE61FDF0CCFD009901200870FF220A71B8
:1025800008810020019048714DF6CD60C0F6100022
:1025900000F0BAF800F194F9019800F049F802B09F
:1025A00080BD00000000000080B5BAB043F2C41046
:1025B000C2F2004090F90400002809D4FFE743F27A
:1025C000C410C2F2004081780079884209DBFFE73D
:1025D0004DF68F60C0F6100000F096F800F170F92B
:1025E00023E003A80290DC21FDF091FD0298022176
:1025F0008DF80C10013043F2C411C2F20041019178
:102600000A7902EB420201EB021101F5B8720D21C9
:10261000FFF7FAFC019A0298002151744DF67641B9
:10262000C0F6100100F1DCF9FFE73AB080BD000010
:1026300080B5BAB0399002A80190DC21FDF067FDA9
:1026400000208DF80800399A43F2C410C2F200400D
:1026500000F22D104021FFF7D7FC01984DF6E761FD
:10266000C0F6100100F1BCF93AB080BD00000000D6
:1026700080B582B043F2C410C2F2004090F820004E
:1026800008B9FFE73EE000208DF80700FFE79DF85E
:10269000070043F2C411C2F200418978884229DA66
:1026A000FFE79DF8070000EB400043F2C411C2F2BF
:1026B000004101EB001000F5B8702031FDF760FF1C
:1026C00088B9FFE79DF8070043F2C411C2F2004148
:1026D00008719DF807004AF6AB22C2F6AA22A0FBB9
:1026E0000220C87006E0FFE79DF8070001308DF872
:1026F0000700CCE743F2C411C2F20041002081F888
:102700002000FFE702B080BD80B582B00190019A41
:1027100043F2C410C2F20040ED304021FFF774FCD8
:1027200002B080BD0000000080B5FFE740F6FC006D
:10273000C2F2004000F0DCFC012807D1FFE740F6C0
:10274000FC00C2F20040FFF083FFEFE780BD000015
:1027500081B00090009878B1FFE745F65020C2F2B2
:10276000004000680099086043F2BC10C2F20040CB
:10277000006800994860FFE701B070470000000062
:10278000B0B582B00190019808B9FFE71BE00AF0EC
:1027900013F8019945F2E470C2F200400268436800
:1027A000D0F808C0D0F80CE0046945694D610C61AF
:1027B000C1F80CE0C1F808C04B600A60806988610C
:1027C0000AF02EF8FFE702B0B0BD000000000000E4
:1027D00082B00190009101980099401AC043C00F47
:1027E00002B070470000000080B584B003900291F1
:1027F0000399012008700399002001904871029804
:10280000007901F1F9FA019B039881794DF6A6123E
:10281000C0F61002184602F013F904B080BD0000A3
:1028200080B584B00390029101920093039890F9CF
:102830001D00012817D0FFE70198007828B1FFE7B5
:102840000198007801280ED1FFE70198408803998C
:1028500008810198808803994881039908894989EA
:1028600001F1B2F8FFE70198007810BBFFE701998A
:102870004888898800F0BCFED8B1FFE7039890F93A
:102880001D0018B9FFE7FFF7B7FB09E0039890F9BF
:102890001D00012803D1FFE7FFF032FCFFE7FFE74F
:1028A0000399487F087703980299009A00F134F958
:1028B00013E0039890F91D0020B9FFE70198FFF796
:1028C00053FC0AE0039890F91D00012804D1FFE7AA
:1028D0000198FFF055FCFFE7FFE704B080BD000062
:1028E00080B584B00390029101920298007828B1DB
:1028F000FFE70298007801280ED1FFE70298408890
:10290000039908810298808803994881039908896E
:10291000498901F159F8FFE70298007830BBFFE7D9
:1029200002994888898800F0A7FF8DF803009DF977
:102930000300002819D4FFE79DF90300039991F9DA
:102940001C10884207D1FFE703989DF90310019AF4
:1029500000F1A2F808E09DF80300039908779DF9BB
:10296000030001F141F8FFE7FFE7FFE704B080BD96
:1029700080B586B005900491039202930398007885
:1029800008B1FFE74BE003994888898800F1A8FF68
:102990008DF807009DF90700002821D4FFE79DF975
:1029A000070009281CDCFFE70598407903280CD8AC
:1029B000FFE79DF80700303005994A7911444870C7
:1029C0000599487901304871FFE705994879897977
:1029D0004DF6A612C0F61002002302F031F81EE0F8
:1029E0009DF907000A280DD1FFE7059800234371E0
:1029F000059881794DF64432C0F61002184602F06F
:102A00001FF80BE09DF907000B2806D1FFE705989A
:102A10000499029A00F03CF8FFE7FFE7FFE706B0F1
:102A200080BD00000000000083B001900198407953
:102A3000042804D0FFE700208DF80B0024E00020DC
:102A40008DF80300FFE79DF80300032818D8FFE77F
:102A500001989DF80320104440784DF65C01C0F6C3
:102A60001001895C884204D0FFE700208DF80B003C
:102A70000AE0FFE79DF8030001308DF80300E2E76C
:102A800001208DF80B00FFE79DF80B0003B07047A5
:102A900080B584B003900291019203984079032895
:102AA0000BD8FFE70399487989794DF65B32C0F678
:102AB0001002012301F0C4FF32E00398FFF7B4FFD6
:102AC00030B1FFE703980299019A00F125F827E059
:102AD000039900204871039988790130887103981F
:102AE0008079032811D3FFE7039902200870019829
:102AF00042F2107108440399C86003990A204861A2
:102B00000398406901F124F90AE0039881794DF6B0
:102B10004C32C0F610020020012301F091FFFFE7C4
:102B200004B080BD0000000080B588B00790069119
:102B30000798013000F054F920B9FFE70699042006
:102B400048701DE00798411C0DF10600009000F050
:102B5000E7F8009802F070FE8DF817009DF8170056
:102B6000069988709DF8170000F0F2F806994870F1
:102B700006980C3007994A1C0D2100F18DF8FFE7EB
:102B800008B080BD0000000080B584B00420DC21C6
:102B90000022009209F06CFF009A45F60801C2F28B
:102BA0000041029108600220019040F25C5109F05E
:102BB0005FFF009A0146019845F60C03C2F20043FC
:102BC0001960082109F054FF0146029840F65C6242
:102BD000C2F200421160006870B1FFE745F60C00D8
:102BE000C2F20040006838B1FFE740F65C60C2F214
:102BF0000040006818B9FFE70020039023E045F685
:102C00000800C2F2004000684DF6DE51C0F6000137
:102C100006F19AFD45F60C00C2F2004000684DF640
:102C2000B651C0F6000106F18FFD40F65C60C2F2BD
:102C3000004000684DF6C751C0F6000106F184FD62
:102C400001200390FFE7039804B080BD000000005E
:102C500080B594B013904DF66F51C0F6000108A8EE
:102C600002F122FB8DF807009DF80700002843D1F0
:102C7000FFE7FFE71398C078172839D8FFE708A8BF
:102C800002A902F1B5FC8DF807009DF8070020B9F4
:102C9000FFE79DF8110008B9FFE729E09DF8100053
:102CA000C006002801D5FFE7E4E71398C17801EBDF
:102CB000410100EB0110DC300090009802A901F105
:102CC00009020D21FFF0E8FF009901F1150000F065
:102CD00027F8009800F12CF9029800998862009971
:102CE000012081F82C001399C8780130C870C1E721
:102CF00008A802F0DDFCFFE79DF807001399887033
:102D00009DF8070000F024F8139948701398407854
:102D100020B9FFE7139800F13FF9FFE714B080BD39
:102D200080B582B00190009101993020087001991E
:102D30003A20487001992F20887001980330009A3A
:102D40000E21FFF0A9FF02B080BD000000000000CE
:102D500081B08DF802009DF8020020B9FFE7002045
:102D60008DF8030036E09DF80200082804D1FFE743
:102D700002208DF803002DE09DF80200042805D004
:102D8000FFE79DF80200052804D1FFE703208DF836
:102D900003001FE09DF80200062804D1FFE704208D
:102DA0008DF8030016E09DF8020003280AD0FFE723
:102DB0009DF802000C2805D0FFE79DF802000D28C1
:102DC00004D1FFE701208DF8030003E005208DF812
:102DD0000300FFE79DF8030001B07047000000000A
:102DE00085B00390039820B1FFE70398007820B9DD
:102DF000FFE700208DF813006EE000200190FFE750
:102E000003980199415C0020009039B1FFE70199D6
:102E100000200D2938BF01200090FFE70098C0076F
:102E200020B1FFE7019801300190E9E7019820B156
:102E3000FFE701980D2804D3FFE700208DF8130069
:102E40004AE000200290FFE70298019988423FD2B1
:102E5000FFE703980299405C2F2830D0FFE70398E2
:102E60000299405C5C282AD0FFE703980299405CF5
:102E70003A2824D0FFE703980299405C2A281ED004
:102E8000FFE703980299405C3F2818D0FFE70398BA
:102E90000299405C222812D0FFE703980299405C17
:102EA0003C280CD0FFE703980299405C3E2806D0EE
:102EB000FFE703980299405C7C2804D1FFE70020DB
:102EC0008DF8130008E0FFE7029801300290BBE79D
:102ED00001208DF81300FFE79DF8130005B070473F
:102EE00080B584B003900291029900204860086088
:102EF000039800780299087045F65420C2F2004009
:102F00000078012811D0FFE7FFF062FF8DF807007D
:102F10009DF8070040B1FFE79DF80700029988700F
:102F20000299012048700FE0FFE703980078052818
:102F300005D1FFE70398029900F05EF804E00398DA
:102F4000029900F06DFAFFE704B080BD00000000B8
:102F500080B5ADF5167D9590949195980130FFF769
:102F60003FFF20B9FFE794990420487040E095980E
:102F7000411C0DF10F000290FFF7D2FE02990AA842
:102F8000012201F1F5FF8DF82700002008909DF83F
:102F9000270098B9FFE70D9894998860949800F1FC
:102FA00019010AA80190BF2208AB02F1E9F9014614
:102FB00001988DF8271002F05BFBFFE79DF82700D2
:102FC000949988709DF82700FFF7C2FE9499487085
:102FD000089894998880949808990144002048762C
:102FE00094980C3095994A1C0D21FFF055FEFFE78F
:102FF0000DF5167D80BD000080B5ADF5167D959070
:10300000949195980130FFF7EBFE50B1FFE795984A
:10301000D0F8D00028B1FFE79598D0F8D80020B9B3
:10302000FFE79499042048705DE09598411C0DF1EC
:103030000B000190FFF774FE019800F079F88DF80D
:1030400027009DF8270058B1FFE79DF827009499C5
:1030500088709DF82700FFF77BFE9499487042E046
:103060000AA80DF10B01012201F182FF8DF8270062
:103070000020089007909DF82700E0B9FFE70D9821
:10308000079007989599D1F8D810884204D9FFE79E
:1030900009208DF827000AE09598D0F8D010079AFB
:1030A0000AA808AB02F16CF98DF82700FFE70AA81F
:1030B00002F0DEFAFFE79DF82700949988709DF8EA
:1030C0002700FFF745FE949948709DF8270018B92E
:1030D000FFE70898009002E007980090FFE700984B
:1030E00094994860FFE70DF5167D80BD0000000053
:1030F00080B582B00090009838B1FFE745F60C002B
:10310000C2F20040006818B9FFE7002001900AE011
:1031100045F60C00C2F2004000680099002209F058
:1031200087FD0190FFE7019802B080BD000000001C
:1031300080B58AB00890089802A902F0D1FA8DF8FB
:1031400007009DF8070020B9FFE700208DF8270051
:1031500040E09DF8070004280AD0FFE79DF807002B
:10316000052805D0FFE79DF807008DF8270031E01E
:103170004DF67B50C0F6000002A902F0B1FA8DF8BE
:1031800007009DF8070050B9FFE708994DF67B50FE
:10319000C0F6000002F174FA8DF827001AE04DF62F
:1031A0008850C0F6000002A902F09AFA8DF80700D4
:1031B0009DF8070050B9FFE708994DF68850C0F612
:1031C000000002F15DFA8DF8270003E004208DF87D
:1031D0002700FFE79DF827000AB080BD000000002F
:1031E00080B5ADF51E7D4DF6AA51C0F6000114A8BC
:1031F000012201F1BDFE8DF84F009DF84F00A8BBE4
:10320000FFE702A800904021FCF05FFF009914A89E
:1032100001903F2212AB02F1B3F8014601988DF8FC
:103220004F1002F025FA9DF84F00A8B9FFE7129859
:103230000D2811D3FFE74DF6E811C0F6000102A8F2
:103240000D22FDF703F938B9FFE74DF6F240C0F65D
:103250000000FDF7EFF808E09DF84F104DF67540BF
:10326000C0F60000FDF7E6F8FFE708E09DF84F1014
:103270004DF6D440C0F60000FDF7DCF8FFE74DF650
:103280009A51C0F6000114A80A2201F171FE8DF8CE
:103290004F009DF84F00E8B9FFE74DF6F611C0F674
:1032A000000114A8132212AB02F1CAFA8DF84F00E4
:1032B0009DF84F0050B9FFE71298132806D1FFE799
:1032C00014A802F041FA8DF84F00FFE714A802F0AD
:1032D000CFF9FFE79DF84F0058B9FFE71298132880
:1032E00007D1FFE74DF63350C0F60000FDF7A2F816
:1032F00008E09DF84F104DF6B240C0F60000FDF713
:1033000099F8FFE70DF51E7D80BD0000000000006C
:1033100080B582B00090009838B1FFE745F608000C
:10332000C2F20040006818B9FFE7002001900BE0EE
:1033300045F60800C2F200400068009900231A46D2
:1033400006F126FC0190FFE7019802B080BD000065
:1033500080B5ADF5147D9390929193980130FFF76D
:103360003FFD20B9FFE792990420487052E09398FE
:10337000B0F8CE00C02804D3FFE79299052048702A
:1033800048E09398411C0DF107000090FFF7C8FC3E
:10339000009908A80A2201F1EBFD8DF81F0000201A
:1033A00006909DF81F0000BBFFE7939800F10E0107
:1033B000B0F8CE2008A806AB02F142FA8DF81F0043
:1033C0009DF81F0068B9FFE706989399B1F8CE10F1
:1033D000884206D1FFE708A802F0B6F98DF81F0071
:1033E000FFE708A802F044F9FFE79DF81F00929953
:1033F00088709DF81F00FFF7ABFC92994870069803
:103400009299888092980C3093994A1C0D21FFF074
:1034100043FCFFE70DF5147D80BD000000000000B7
:1034200080B5ADF51E7D9D909C919D980130FFF774
:10343000D7FC50B1FFE79D98D0F8D00028B1FFE746
:103440009D98D0F8D40020B9FFE79C9904204870DB
:10345000CAE09D98411C0DF116000390FFF760FC37
:103460000398FFF765FE4DF68850C0F60000049003
:1034700002F0E2F9049912A80A2201F179FD8DF80F
:103480002F0000200A909DF82F0048BBFFE79D9871
:10349000D0F8D010D0F8D42012A80AAB02F1D0F99D
:1034A0008DF82F009DF82F0068B9FFE70A989D99C5
:1034B000D1F8D410884206D1FFE712A802F044F9EF
:1034C0008DF82F0008E09DF82F0020B9FFE70120BC
:1034D0008DF82F00FFE7FFE712A802F0C9F8FFE719
:1034E0009DF82F00A0B1FFE74DF68850C0F6000010
:1034F00002F0A2F99DF82F009C9988709DF82F008A
:10350000FFF726FC9C9948700A989C9948606BE0EC
:103510000DF116000CA902F0E3F8B0FA80F04009B2
:103520008DF827009DF8270078B1FFE74DF67B5016
:10353000C0F60000029002F07FF902990DF116002A
:1035400002F19EF88DF82F00FFE79DF82F0058B983
:10355000FFE74DF68850C0F600000DF1160102F1AC
:103560008FF88DF82F00FFE79DF82F00B0B1FFE72F
:103570009DF8270058B1FFE74DF67B50C0F60000DC
:103580000DF1160102F17CF88DF82E00FFE74DF6E3
:103590008850C0F6000002F04FF90BE09DF82700BC
:1035A00038B1FFE74DF67B50C0F6000002F044F959
:1035B000FFE7FFE79DF82F009C9988709DF82F008A
:1035C000FFF7C6FB9C9948709DF82F0028B9FFE7CC
:1035D0009D98D0F8D400019002E000200190FFE710
:1035E00001989C994860FFE70DF51E7D80BD0000A5
:1035F00082B0ADF80600ADF80410BDF8061000204A
:103600000C29009016D3FFE7BDF8061000206C29A6
:1036100000900FD8FFE7BDF80410002008290090A3
:1036200008D3FFE7BDF804100020282938BF012087
:103630000090FFE7009800F0010002B07047000022
:1036400080B582B041F26410C2F20040007808B93F
:10365000FFE744E00020ADF80600FFE7BDF80600F4
:103660000F2835D8FFE70020ADF80400FFE7BDF8CC
:1036700004000B2825D8FFE741F26610C2F2004093
:103680000088BDF80420104441F26811C2F20041E4
:103690000988BDF80630194403EB430302EB8303AA
:1036A00040F66462C2F2004252F8232080B289B22E
:1036B00002F172FEFFE7BDF804000130ADF804002E
:1036C000D5E7FFE7BDF806000130ADF80600C5E715
:1036D00041F26411C2F2004100200870FFE702B01D
:1036E00080BD00000000000080B584B0ADF80E0081
:1036F000ADF80C10BDF80E00B0F5457F05D9FFE719
:103700004FF44570ADF80E00FFE7BDF80C00B0F5C2
:10371000E87F05D9FFE74FF4E870ADF80C00FFE74C
:10372000BDF80E0041F26611C2F200410880BDF8FA
:103730000C0041F26811C2F2004108800020ADF88F
:103740000A00FFE7BDF80A000F2833D8FFE7002082
:10375000ADF80800FFE7BDF808000B2823D8FFE705
:10376000BDF80E00BDF808100844BDF80C10BDF8F7
:103770000A20114480B289B203F196FABDF80A100A
:1037800001EB4102BDF8081001EB820240F66461D2
:10379000C2F2004141F82200FFE7BDF80800013005
:1037A000ADF80800D7E7FFE7BDF80A000130ADF833
:1037B0000A00C7E70020ADF80A00FFE7BDF80A00DD
:1037C0000F2851D8FFE70020ADF80800FFE7BDF84B
:1037D00008000B2841D8FFE7BDF80A004DF24372FC
:1037E000C0F610020D2100FB0120BDF80810405C5E
:1037F0008DF807009DF80700232810D1FFE7BDF8DA
:103800000E00BDF808100844BDF80C10BDF80A20E1
:10381000114480B289B2002202F1BEFD16E09DF88B
:1038200007002B2811D1FFE7BDF80E00BDF80810E6
:103830000844BDF80C10BDF80A20114480B289B2CA
:103840004FF6FF7202F1A8FDFFE7FFE7FFE7BDF8C3
:1038500008000130ADF80800B9E7FFE7BDF80A003D
:103860000130ADF80A00A9E741F26411C2F200414B
:103870000120087004B080BD83B0ADF80800ADF839
:10388000061000208DF80500FFE79DF805000528CB
:1038900037D8FFE79DF8050000EB40014DF6140016
:1038A000C0F6100000EB81000090BDF80800009900
:1038B000098888421EDBFFE7BDF80800009A1188DE
:1038C00092881144884215DAFFE7BDF80600009996
:1038D000498888420EDBFFE7BDF80600009A518850
:1038E000D2881144884205DAFFE79DF805008DF87B
:1038F0000B000AE0FFE79DF8050001308DF8050098
:10390000C3E7FF208DF80B00FFE79DF90B0003B024
:10391000704700000000000080B58EB00D9041F2AD
:103920006411C2F200410020089008704DF6FB605F
:1039300002F122FC08996A4641F2A200039010604D
:1039400040F21F3204922F23084605F0D5FC03995C
:10395000049A08986B4619604FF4E07140F2DF1347
:1039600005F0CAFC694640F2FF4008600C2009904F
:10397000082105916C2206922723079305F0BCFCD1
:103980000599069A079B0998EE464FF6FF7CCDF8FD
:1039900028C0CEF800C002F127FD089809996A46B0
:1039A00050604DF67E10C0F61000106061221023AA
:1039B0000C93084600F120F909990A9B0D9A684674
:1039C00083604260182303608E204FF4FA720B92DA
:1039D00000F112FB0A990B9A0C9B684681604DF628
:1039E0000131C0F61001416003604FF4E4711846E4
:1039F00000F102FB0EB080BD80B58AB0ADF82600A4
:103A000008918DF81F209DF81F1041F6E300002952
:103A100018BF44F66920ADF81C009DF81F1049F648
:103A2000F3400390002918BF4FF6FF70ADF81A005D
:103A3000BDF8261001F12900BDF81C206B461A6064
:103A400083B240F28220059040F20732049205F0E2
:103A500053FCDDF80CC0049A0598BDF8261001F15E
:103A600029039DF81FE0BEF1000F18BF4FF6FF7C41
:103A7000EE46CEF800C09BB202F1B6FC0598BDF848
:103A800026100D31089ABDF81AC06B46C3F804C061
:103A90001A6089B28622102300F1AEF80AB080BD08
:103AA00080B588B084460A98ADF81EC0ADF81C10E9
:103AB000ADF81A2005938DF813009DF8131041F608
:103AC000E300002918BF44F66920ADF810009DF806
:103AD000131049F6F3400290002918BF4FF6FF700B
:103AE000ADF80E00BDF81E00BDF81C10BDF81A2080
:103AF0000244013A01F12903BDF810C0EE46CEF8A8
:103B000000C092B29BB205F0F7FBDDF808C0BDF82B
:103B10001E00BDF81C10BDF81A200244013A01F144
:103B200029039DF813E0BEF1000F18BF4FF6FF7C8C
:103B3000EE46CEF800C092B29BB202F155FCBDF841
:103B40001E00BDF81C100D31BDF81A20059BBDF8F4
:103B50000EE0EC46CCF804E0CCF8003089B210233B
:103B600000F14AF808B080BD80B586B08DF8170026
:103B70008DF816109DF8170000EB40014DF614006B
:103B8000C0F6100000EB810004909DF8161044F67A
:103B90006920002918BF40F2ED50ADF80E009DF8E5
:103BA00016104FF6FF700290002918BF4FF6E07014
:103BB000ADF80C00049B188859889A880244013A91
:103BC000DB880B44013BBDF80EC0EE46CEF800C0CA
:103BD00092B29BB205F090FB049B188859889A8892
:103BE0000244013ADB880B44013BBDF80CC0EE46B1
:103BF000CEF800C092B29BB202F1F6FB04990A889B
:103C000002F136004B8803F112015F323B339DF81D
:103C100017C0CCEBCC0E4FF4784C0CEB4E1C1FFABB
:103C20008CFCEE46CEF800C080B289B292B29BB254
:103C300005F062FBDDF808E0049B188859885231D2
:103C40009A889B68EC46CCF804E0CCF8003089B246
:103C50001023FFF0D1FF06B080BD0000000000007F
:103C600080B584B003900291039844F20751CCF2DE
:103C70002E21A0FB0121090C40F2A3225143A0EB0D
:103C8000C110039003994BF2C530C9F2A210A1FBF9
:103C90000021C90A0191039AA2FB0010C00A4FF447
:103CA000616100FB112044F24541C0F24441A0FB98
:103CB00001100090039848F68901C8F68801A0FB1E
:103CC000011251090901A1EB5211A0EB81000390EF
:103CD00001984CF6CD41CCF6CC41A0FB010230203E
:103CE00000EBD202029B1A70019AA2FB01C3DB080F
:103CF00003EB8303A2EB430242F03002029B5A70B3
:103D0000029B3A229A70009BA3FB01C300EBD303F2
:103D1000DDF808C08CF80330009BA3FB01EC4FEAF0
:103D2000DC0C0CEB8C0CA3EB4C0343F03003DDF804
:103D300008C08CF80430029B5A71039AA2FB01322E
:103D400000EBD200029A90710398A0FB0121C908F0
:103D500001EB8101A0EB410040F030000299C871F5
:103D600002990020087204B080BD0000000000002D
:103D700080B58EB08DF837000C9141F26411C2F21B
:103D8000004100200690087040F21001C2F200418C
:103D9000FF20087041F6E30002F1EEF906996A4649
:103DA00041F2A200106040F21F322F23084605F0B6
:103DB000A3FA68464FF6FF710A9181604DF6CE0175
:103DC000C0F61001416018230993036012200C21F2
:103DD0004FF4FA7200F110F90A98694648604DF6FE
:103DE0007400C0F610000860502007907E214FF448
:103DF000207208922023FFF0FFFE0798089A099B83
:103E0000EC4640F2FF410B91CCF804104DF6CA216C
:103E1000C0F61001CCF80010B021FFF0EDFE0A98BA
:103E20006946086095204FF4887140F28A224FF469
:103E3000987302F1D9FA0B98694608609A2040F20B
:103E4000151140F2852240F22B1305F055FA9DF82A
:103E500037104DF61C12C0F610024DF6EB00C0F6FE
:103E60001000002918BF10464FF47842002918BFEF
:103E70004FF4FC6269464A60086064204FF4A57103
:103E80004FF416721023FFF0B7FE9DF8370038B3D9
:103E9000FFE70C9820B3FFE7684649F6F3418160DD
:103EA0004DF6AC01C0F6100141601023059303608C
:103EB0004FF4A5704FF4B4710491502200F19CF8B6
:103EC0000499059B0C9A68464FF6FF7CC0F808C021
:103ED000426003604FF4BF708C2200F18DF8FFE761
:103EE0000EB080BD0000000080B592B08DF8470094
:103EF00010910F9241F26411C2F20041002009902A
:103F0000087040F21001C2F20041FF2008704DF627
:103F1000FB6002F131F909996A4641F2A20008906A
:103F2000106040F21F320A922F23084605F0E4F990
:103F300009986A4642F6451111603021B42240F2D8
:103F4000BF1305F0D9F9089909980A9A6B461960C8
:103F50004FF4E07140F2DF1305F0CEF968464FF6FA
:103F6000FF7181604DF6D911C0F610014160182330
:103F7000036010200D900C214FF4B47200F13CF856
:103F80000D9B68464FF4FC6181604DF6AE21C0F692
:103F900010014160036012200C90482191220B9285
:103FA00000F12AF80B9A0C980D9B9DF847104DF6DE
:103FB000301EC0F6100E4DF6001CC0F6100C002985
:103FC00018BFF4464FF4784E002918BF4FF4FC6E2A
:103FD0006946C1F808E0C1F804C00B606E2100F129
:103FE0000BF80C980D9B694649F6F3428A604DF632
:103FF000AC02C0F610024A600B6090214122FFF033
:10400000FBFF109870B1FFE7109968464FF6FF72FA
:1040100082604160102303601220A6219122FFF0EC
:10402000EBFFFFE768464FF6FF71049181604DF6A4
:104030008201C0F610014160102307930360122033
:104040000590D82191220692FFF0D6FFDDF810C02E
:104050000598069A079B6946C1F808C04DF6561C9C
:10406000C0F6100CC1F804C00B60FA21FFF0C4FFC9
:1040700000208DF83B00FFE79DF83B0005280CD899
:10408000FFE79DF83B000021FFF76EFDFFE79DF87D
:104090003B0001308DF83B00EEE768464FF6FF71BC
:1040A00081604DF6E621C0F61001416010230360E7
:1040B0004FF4E4714FF416721846FFF09DFF0F980D
:1040C00000F17AF812B080BD80B588B0ADF81E005E
:1040D00006918DF817204DF68D20C0F61000FFF7E1
:1040E0001BFC69464FF6FF700860182001904221C2
:1040F00002914FF41A7203924FF4D573049305F0B2
:10410000FBF801980299039A049BEE4641F2A20C37
:10411000CEF800C002F168F9BDF81E0006999DF8BE
:10412000172000F191F808B080BD000000000000E9
:1041300080B596B084461998DDF860E0CDF854C09B
:10414000149113928DF84B308DF84A0041F26410AF
:10415000C2F2004000788DF8490041F26610C2F2C8
:1041600000400088ADF8460041F26810C2F20040FD
:104170000088ADF84400FFF763FA4DF6F410C0F67E
:104180001000FFF7C9FB694641F6E30008601820FC
:104190000C9042210D9140F207320E924FF4A5731C
:1041A0000F9305F0A9F80C980D990E9A0F9BEE4607
:1041B00049F6F34CCDF840C0CEF800C002F114F936
:1041C0001099684681604DF69A01C0F61001416071
:1041D00010230360282050213C22FFF00DFF15988A
:1041E00018B1FFE715980B9005E04EF24310C0F6AA
:1041F00000000B90FFE70B9968464FF6FF7208929C
:104200008260416010230A9303606020502109916D
:10421000A022FFF0F1FE09990A9B684649F6F34295
:1042200082604DF6A002C0F61002426003604FF4B7
:1042300096704022FFF0E0FE089809990A9B139AB5
:10424000EC46CCF800004FF4B270FFF055FF9DF83B
:104250004B0090B1FFE768464FF6E07181604DF684
:10426000B801C0F6100141601023036040F28A20BB
:1042700050216022FFF0C0FEFFE7694641F2A20034
:10428000086026206C2140F2F9224FF49D7302F160
:10429000ABF8149818B1FFE71498079005E04EF2B8
:1042A0004310C0F600000790FFE7079869464FF6F5
:1042B000FF724A600860302078214FF42F72B423D7
:1042C00000F09AFA9DF84A00B0FA80F04009694679
:1042D00008604DF68323C0F6100328204FF4B77111
:1042E0009622FFF7DDFB9DF84A100020069039B9B1
:1042F000FFE79DF84B00002818BF01200690FFE75C
:10430000069800F00100694608604DF67A53C0F641
:104310001003DC204FF4B771049196220592FFF749
:10432000BFFB0499059A9DF84A00B0FA80F0400955
:104330006B4618604DF64F13C0F610034FF4C8706B
:10434000FFF7AEFB0499059A9DF84A00B0FA80F099
:1043500040096B4618604DF68A63C0F610034FF4AF
:104360001170FFF79DFB18989DF84A10FFF08CFC28
:104370009DF8490038B1FFE7BDF84600BDF844108C
:10438000FFF7B2F9FFE716B080BD000000000000A3
:1043900010B59AB084461D98DDF870E0CDF864C081
:1043A0008DF863108DF862208DF861308DF8600013
:1043B00041F26410C2F2004000788DF85D0041F2D5
:1043C0006610C2F200400088ADF85A0041F2681051
:1043D000C2F200400088ADF85800FFF731F94DF601
:1043E000E710C0F61000FFF797FA684641F2A20105
:1043F000129181604DF62E51C0F6100141601023DC
:10440000149303602820362113918222FFF0F4FDDB
:10441000129A1399149B684682604DF64A12C0F6B0
:10442000100242600360DC204622FFF0E5FD129A94
:104430001399149B684682604DF62522C0F610023F
:10444000426003604FF4A2705022FFF0D5FD129A33
:104450001399149B684682604DF6D012C0F6100284
:10446000426003604FF4D7708C22FFF0C5FD00203E
:104470008DF85F00FFE79DF85F00052800F2B88027
:10448000FFE79DF8620000EB40019DF85F0000EB44
:1044900041008DF85E009DF85F004A22362110FB36
:1044A0000120ADF856009DF95E109DF9612041F69E
:1044B000E300914208BF40F2ED50ADF85400BDF862
:1044C000561001F12F00BDF854206B461A6083B2DC
:1044D0001820109040F24D22119204F00DFF109818
:1044E000119ABDF8561001F12F039DF95EE09DF978
:1044F000614049F6F34CA64508BF4FF6E07CEE4616
:10450000CEF800C09BB201F16FFF1998002868D067
:10451000FFE79DF85E009DF86310884261DAFFE7CF
:10452000BDF856000F3019999DF85E2002EB42024B
:1045300001EB021269464FF6FF730D938B604A60E0
:1045400010230F930B6081B228209622FFF054FDB8
:104550000F9BBDF856000F3019999DF85E2002EBB5
:10456000420201EB02110D316A4649F6F34CCDF8D7
:1045700038C0C2F808C01360516081B2DC20482204
:10458000FFF03AFD0D990F9BBDF856000F30199AB8
:104590009DF85EC00CEB4C0C02EB0C12926AEC46E0
:1045A000CCF8001081B24FF4A270FFF0A5FDDDF849
:1045B00038C00F9BBDF856000F3019999DF85E204A
:1045C00002EB420201EB021115316A46C2F808C043
:1045D0001360516081B24FF4D7708C22FFF00CFD54
:1045E000FFE7FFE79DF85F0001308DF85F0042E7CD
:1045F0009DF86000B0FA80F04009694608604DF609
:104600009223C0F610034FF41B7046219B22FFF744
:1046100047FA9DF8601000200C9049B9FFE79DF91A
:1046200061100020B1F1FF3FC8BF01200C90FFE7EF
:104630000C9800F00100694608604DF69B13C0F627
:1046400010034FF41B7080219B22FFF729FA9DF87D
:10465000601000200B9049B9FFE79DF96110002020
:10466000B1F1FF3FC8BF01200B90FFE70B9800F0AE
:104670000100694608604DF64F13C0F610034FF471
:104680001B70BA219B22FFF70BFA9DF860100020E7
:104690000A9039B9FFE79DF86200002818BF012091
:1046A0000A90FFE70A9800F00100694608604DF69D
:1046B0006E23C0F610034FF41B70F4219B22FFF70A
:1046C000EFF99DF8630005304AF6AB21CAF6AA213E
:1046D000A0FB011080088DF85C009DF860100020A0
:1046E000099059B9FFE79DF86200411C9DF85C20D4
:1046F0000020914238BF01200990FFE7099800F09F
:104700000100694608604DF68823C0F610034FF497
:104710001B7005904FF497719B220492FFF7C0F92C
:10472000049A05989DF86010B1FA81F149096B4629
:1047300019604DF66513C0F610034FF4B471FFF71E
:10474000AFF90598694641F2A20206928A604DF6D9
:10475000EE42C0F610024A60102308930B604FF43B
:10476000CF7107912C22FFF047FC06980799089B10
:104770009DF862200132EC46CCF800004FF427701F
:10478000FFF0BAFC0799089B684649F6F34282603D
:104790004DF67152C0F60002426003604FF42F7074
:1047A0000C22FFF029FC9DF85C0020B1FFE79DF88A
:1047B0005C00039002E001200390FFE7039A694642
:1047C00041F2A20008604FF434704FF4CF7110230F
:1047D000FFF092FC1C989DF86010FFF055FA9DF8D0
:1047E0005D0038B1FFE7BDF85A00BDF85810FEF77C
:1047F0007BFFFFE71AB010BD80B588B084460B98E8
:10480000DDF828E0ADF81EC0ADF81C10ADF81A2098
:10481000ADF81830ADF816000A9808B9FFE786E041
:10482000BDF81E00ADF81400BDF81E00BDF81A104A
:104830000844ADF81200BDF81C00BDF8181008447B
:10484000ADF81000FFE70A9801780020029061B1EE
:10485000FFE7BDF81C00103081B2BDF81020002029
:104860009142D8BF01200290FFE70298C0070028BC
:104870005DD0FFE70A98411C0A9100788DF80F007F
:104880009DF80F000D2801D1FFE7DCE79DF80F0030
:104890000A280AD1FFE7BDF81400ADF81E00BDF8E4
:1048A0001C001230ADF81C00CDE7BDF81E0008302A
:1048B00080B2BDF81210884214DDFFE7BDF8140085
:1048C000ADF81E00BDF81C001230ADF81C00BDF89C
:1048D0001C00103080B2BDF81010884201DDFFE7E7
:1048E00025E0FFE79DF80F00202805DBFFE79DF896
:1048F0000F007F2804DBFFE72E208DF80F00FFE775
:10490000BDF81E00BDF81C109DF80F20BDF8163034
:10491000EC46CCF804300123CCF80030102305F02D
:1049200043FBBDF81E000830ADF81E008BE708B051
:1049300080BD00000000000010B58AB08C4686469D
:104940000D980C99ADF826E0ADF824C008928DF8CA
:104950001F308DF81E10ADF81C009DF81F000B28AD
:1049600004D3FFE70A208DF81F00FFE79DF81F2002
:104970000DF11101002088549DF81F008DF81000E2
:10498000FFE79DF8100008B3FFE708984CF6CD410B
:10499000CCF6CC41A0FB0132D20802EB8202A0EBA4
:1049A000420040F030009DF810200DF111031A4430
:1049B00002F8010C0898A0FB0110C0080890FFE75E
:1049C0009DF8100001388DF81000DAE7BDF82600D8
:1049D000BDF824109DF81F209DF81E305A43520840
:1049E000BDF81CE0EC46CCF808E00DF1110ECCF857
:1049F00004E0CCF80030FFF0FFFA0AB010BD000070
:104A000082B001908DF803100020ADF80000FFE7A0
:104A10000198BDF80010405C30B1FFE7BDF8000020
:104A20000130ADF80000F3E7BDF800009DF8031079
:104A30004908484380B202B07047000000000000FF
:104A400080B592B08DF847008DF8461010928DF821
:104A50003F309DF84700052804D3FFE704208DF878
:104A60004700FFE700208DF83900FFE79DF8390087
:104A70009DF8471088420DDAFFE79DF839200DF1C7
:104A80003A012A208854FFE79DF8390001308DF85B
:104A90003900EBE79DF847200DF13A01069100201F
:104AA0008854694641F6E30008604FF49B70079014
:104AB0004E21039140F27A2204927923059304F067
:104AC0001BFC0399049A059B0798EE4641F2A20C41
:104AD000CDF82CC0CEF800C001F186FC06990798ED
:104AE0006A464FF6FF7353601160582140F2451239
:104AF0001823FFF081F869464DF6FB6009900860C5
:104B0000FA20089080214FF42F72972304F0F4FBD1
:104B100008980B9B10999DF83F20002A18BF4FF46E
:104B200078436A465360116082214FF4E17210238A
:104B30000C93FFF061F809986946086040F28A20FA
:104B40000A90522140F2EE22692304F0D5FB0A9824
:104B50000B9A0C9B69468A604DF6A602C0F61002BD
:104B60004A600B6054210D914822FFF045FADDF8B0
:104B70002CC00C980D999DF84620002A18BF4FF4C0
:104B8000784C6B46C3F804C0186040F2C220012381
:104B9000FFF7D2FE12B080BD80B584B002900191C3
:104BA00002990020C87002994FF0FF30C862029845
:104BB000019905F031FD20B1FFE704208DF80F00C9
:104BC00042E0029800F22E2005F002FB4AF6552141
:104BD000884204D0FFE703208DF80F0034E00298EC
:104BE00090F83000E9280CD0FFE7029890F83000E8
:104BF000EB2806D0FFE7029890F83000E8281FD194
:104C0000FFE7029866304EF23111C0F60001032230
:104C100002F166FF20B9FFE700208DF80F0013E0D6
:104C2000029882304EF22B11C0F60001052202F1EB
:104C300057FF20B9FFE700208DF80F0004E0FFE7E1
:104C400002208DF80F00FFE79DF80F0004B080BD33
:104C500083B002900191FFE7029801780020009054
:104C600041B1FFE7029800780199401A18BF01206E
:104C70000090FFE70098C00720B1FFE702980130DD
:104C80000290E9E70298007803B070470000000046
:104C900083B001900091009802380090009801992B
:104CA00049690239884203D3FFE70020029007E0F8
:104CB0000198826A4089009900FB01200290FFE779
:104CC000029803B07047000080B586B042F2000041
:104CD000C5F602000390082104910022029203F11C
:104CE0005FFFFFF081FF41F60040C5F60200009033
:104CF000402101910122059203F152FFFFF074FF60
:104D000000980199029A03F14BFFFFF06DFF0398A1
:104D10000499059A03F144FFFFF066FF06B080BDD9
:104D200080B584B0FFE744F2E041C5F602010868AF
:104D300040F080000860FFE7FFE744F2E041C5F67D
:104D40000201086840F480700860FFE768460123AC
:104D500003934360036041F60040C5F60200402122
:104D60001A4603F139FF039B68464360036042F231
:104D70000000C5F6020008211A4603F12DFFFFF0DE
:104D80003BFF04B080BD000080B584B042F200005B
:104D9000C5F6020008210122019203F101FFFFF094
:104DA00023FF019A41F60040C5F60200029040211F
:104DB000039103F1F5FEFFF017FF0298039900221B
:104DC00003F1EEFEFFF010FF04B080BD0000000014
:104DD00080B582B08DF8070000208DF805008DF8B1
:104DE0000600FFE79DF8060007282FDCFFE79DF887
:104DF000050040008DF8050041F60040C5F60200B0
:104E00004021012203F1CCFEFFF0EEFE42F2000051
:104E1000C5F60200082103F1ABFE30B1FFE79DF8B3
:104E2000050001308DF80500FFE741F60040C5F6AA
:104E300002004021002203F1B3FEFFF0D5FEFFE7A0
:104E40009DF8060001308DF80600CBE79DF80700BD
:104E500018B9FFE7FFF798FF02E0FFF735FFFFE71C
:104E60009DF8050002B080BD80B584B08DF80F00BC
:104E700000208DF80E00FFE79DF80E00072829DCC2
:104E8000FFE79DF80F00C20942F20000C5F60200DC
:104E9000082103F185FEFFF0A7FE41F60040C5F6AC
:104EA0000200019040210291012203F179FEFFF0FE
:104EB0009BFE01980299002203F172FE9DF80F00FB
:104EC00040008DF80F00FFE79DF80E0001308DF8CF
:104ED0000E00D1E742F20000C5F6020008210122CF
:104EE00003F15EFE04B080BD80B586B042F20000E2
:104EF000C5F602000190082102910122009203F1FF
:104F00004FFE009A41F60040C5F602000390402192
:104F1000049103F145FEFFF067FE0198029900221B
:104F2000059203F13DFEFFF05FFE03980499059A98
:104F300003F136FEFFF058FE06B080BD0000000011
:104F400080B582B000208DF807008DF8060042F28F
:104F50000000C5F6020008210122009203F120FEA4
:104F6000FFF042FE009A41F60040C5F602004021E3
:104F700003F116FEFFF038FEFFE742F20000C5F62F
:104F80000200082103F1F4FD98B1FFE79DF8070046
:104F900001308DF807009DF80700FB2806DBFFE7CE
:104FA000FFF02AFE01208DF8060002E0FFF01CFE53
:104FB000E3E741F60040C5F602004021002203F17C
:104FC000EFFDFFF011FE9DF8060002B080BD00006D
:104FD00082B08DF803009DF8030018B1FFE70020B0
:104FE000019002E000200190FFE7019802B07047B5
:104FF00086B00590002001904EF21400CEF2000021
:1050000000680090059843F2C011C2F2004109689F
:10501000484304904EF21800CEF20000006803905E
:10502000FFE74EF21800CEF20000006802900298EE
:10503000039988421ED0FFE702980399884207D25D
:10504000FFE703980299411A01980844019008E08B
:1050500000980299401A039901440198084401906C
:10506000FFE70298039001980499884201D3FFE773
:1050700001E0FFE7D5E706B0704700000000000040
:1050800080B58AB008900791089806F005FB20B11A
:10509000FFE701208DF8270040E008980799FFF707
:1050A000F7FD069006980899C862089830300021EC
:1050B00002914FF4007202F15FFD029808993031BD
:1050C0000391012104910590FFE705990898428911
:1050D0000020914201900ED2FFE708984078039992
:1050E000069A059B1A44049B00F092FAB0FA80F0ED
:1050F00040090190FFE70198C00730B1FFE7FFE7E3
:105100000499059808440590DFE7059808994989AE
:10511000401A18BF01208DF82700FFE79DF82700EF
:105120000AB080BD0000000080B586B004900391F5
:105130000498006800900498006920300290049858
:10514000806928B1FFE70298B0F5001F04D3FFE79C
:1051500004208DF817008BE0BDF80800C00500287A
:1051600077D1FFE704998869013088610498406924
:1051700078B9FFE7029900980089B0EB511F07D872
:10518000FFE704990020886104208DF817006FE084
:105190005EE0029900984089013810EA512F56D1FB
:1051A000FFE70498416900F1A3FD019001980128EF
:1051B00004D8FFE702208DF8170059E0019801306C
:1051C00020B9FFE701208DF8170051E00198009900
:1051D0004969884231D3FFE7039838B9FFE704995A
:1051E0000020886104208DF8170041E0049841698F
:1051F000FFF002FB0190019820B9FFE707208DF82E
:10520000170035E00198012804D1FFE702208DF84E
:1052100017002DE00198013020B9FFE701208DF83B
:10522000170025E000980199FFF72AFF20B1FFE75A
:1052300001208DF817001BE0FFE7019804994861F1
:1052400000980199FFF724FD04998861FFE7FFE7C3
:10525000FFE7029804990861009802996FF35F21B3
:10526000084430300499C86100208DF81700FFE72A
:105270009DF8170006B080BD80B586B005900491FA
:1052800004208DF80F00059800680290FFE705984C
:10529000806900284AD0FFE702980599896905F0DE
:1052A000BBF98DF80F009DF80F0008B1FFE73DE056
:1052B0000598C06900788DF806009DF8060020B9B1
:1052C000FFE704208DF80F0030E00598C069C07A30
:1052D00000F03F008DF80700059988719DF80600E1
:1052E000E52817D0FFE79DF806002E2812D0FFE72B
:1052F0009DF807000F280DD0FFE79DF8070000F08C
:10530000DF000838B0FA80F040090499884201D1E2
:10531000FFE70BE005980021FFF706FF8DF80F006F
:105320009DF80F0008B1FFE700E0B0E79DF80F001F
:1053300020B1FFE7059900208861FFE79DF80F0085
:1053400006B080BD0000000080B584B003900398D3
:105350000068019003980121FFF0B2FC8DF80B006A
:105360009DF80B00E0B9FFE701980399896905F002
:1053700053F98DF80B009DF80B0080B9FFE70398F7
:10538000C0690021202202F1F7FB0399C86920318E
:105390000B2202F1D1FB01990120C870FFE7FFE762
:1053A0009DF80B0004B080BD80B584B003900398D5
:1053B0000068019001980399896905F02DF98DF82D
:1053C0000B009DF80B0040B9FFE70398C169E52089
:1053D000087001990120C870FFE79DF80B0004B028
:1053E00080BD00000000000080B586B004900391ED
:1053F00004980068009003990020B0EB515F05D13C
:10540000FFE79DF80C00C00620B1FFE702208DF8F1
:10541000170072E00398049908610498806801906D
:10542000019848B9FFE700980078032804DBFFE7FC
:105430000098406A0190FFE7019880B9FFE703995F
:1054400000980089B0EB511F04D8FFE702208DF8C7
:10545000170052E00098406A0499886130E0009893
:10546000408940020290FFE703980299884220D3C6
:10547000FFE70498019900F13BFC0190019801308D
:1054800020B9FFE701208DF8170036E001980228C7
:1054900006D3FFE7019800994969884204D3FFE7E2
:1054A00002208DF8170028E002990398401A039013
:1054B000DAE700980199FFF7EBFB04998861FFE7B1
:1054C0000198049948610498806920B9FFE7022097
:1054D0008DF8170011E0039A0499886900EB5220B7
:1054E0008861009803996FF35F2108443030049974
:1054F000C86100208DF81700FFE79DF8170006B07F
:1055000080BD00000000000083B08DF80A008DF817
:10551000091001929DF80A0020B1FFE704208DF8E0
:105520000B0056E040F20F00C2F200400078C007C6
:1055300020B1FFE703208DF80B004AE09DF8090039
:1055400001460091032840D80099DFE801F00206E7
:10555000213000208DF80B003BE0019820B9FFE7D7
:1055600004208DF80B0034E040F25061C2F200419B
:10557000886CC96CCA1710EBD25041F10001400A87
:1055800040EAC1500199086000208DF80B0020E02E
:10559000019820B9FFE704208DF80B0019E001996C
:1055A0004FF40070088000208DF80B0011E0019886
:1055B00020B9FFE704208DF80B000AE001990120D3
:1055C000086000208DF80B0003E004208DF80B002C
:1055D000FFE79DF80B0003B07047000000000000DB
:1055E00081B08DF802009DF8020020B1FFE7012094
:1055F0008DF8030007E040F20F00C2F2004000788F
:105600008DF80300FFE79DF8030001B0704700002C
:1056100080B584B08DF80E000291019200939DF840
:105620000E0030B9FFE7029818B1FFE7009820B9E3
:10563000FFE704208DF80F0016E040F20F00C2F2E1
:1056400000400078C00720B1FFE703208DF80F006D
:105650000AE002980199009AFCF026FC002818BF85
:1056600001208DF80F00FFE79DF80F0004B080BD0A
:1056700080B584B00390039800F066F88DF80B00B5
:105680009DF80B0078B9FFE7039801A907F0B4F97A
:105690008DF80B009DF80B0020B9FFE7039900205F
:1056A0000860FFE7FFE79DF80B0004B080BD000035
:1056B00080B584B00390039801A907F09DF98DF897
:1056C0000B009DF80B0020B9FFE70399002008604C
:1056D000FFE79DF80B0004B080BD00000000000053
:1056E00080B58EB00D900C910DA86946002200F097
:1056F0006BF98DF82F009DF82F00F8B9FFE70D9991
:10570000684600F0DDFB8DF82F009DF82F00A0B952
:10571000FFE79DF82B000006002804D5FFE70620D0
:105720008DF82F0008E00C9828B1FFE70C99684627
:1057300000F17AFBFFE7FFE7FFE7FFE79DF82F00A7
:105740000EB080BD0000000080B586B004900498C3
:1057500002A907F051F98DF80F009DF80F000028FD
:105760005ED1FFE70498007C4006002857D5FFE78C
:105770000498007C0006002815D5FFE702984078C1
:10578000049A02F12801D2690123FFF741FF20B1F9
:10579000FFE701208DF8170047E00499087C00F02E
:1057A0007F000874FFE70020C4F6214001900298B2
:1057B0000499096A04F030FF8DF80F009DF80F007E
:1057C00060BBFFE70498406A00900099C87A40F0F7
:1057D0002000C872049A00991068926803F1DCF8FE
:1057E00000981C300499C96803F1F2F8009816304B
:1057F000019903F1EDF800981230002105F034FF13
:1058000002990120C870029803F106F98DF80F0083
:105810000499087C00F0BF000874FFE7FFE7FFE78A
:105820009DF80F008DF81700FFE79DF8170006B0F0
:1058300080BD00000000000080B59AB019900020E3
:10584000019019A86946022200F0BEF88DF86300A5
:105850009DF8630000287DD1FFE700980D9019990D
:105860000DA800F02DFB8DF863009DF86300002863
:105870006FD1FFE79DF85F000006002804D5FFE721
:1058800006208DF8630009E09DF83A00C00720B1BA
:10589000FFE707208DF86300FFE7FFE79DF863004F
:1058A00098BBFFE70098149901F15AFB01909DF80D
:1058B0003A00C006002827D5FFE70098029001981B
:1058C000049002A80021FFF78FFD8DF863009DF87A
:1058D0006300C0B9FFE702A80021FFF7CDFC8DF8F7
:1058E00063009DF8630020B9FFE707208DF863008F
:1058F000FFE79DF86300042804D1FFE700208DF83E
:105900006300FFE7FFE7FFE7FFE79DF86300F8B9F3
:10591000FFE70DA8FFF748FD8DF863009DF86300D1
:1059200058B9FFE7019840B1FFE701990DA800229F
:1059300002F1D2FD8DF86300FFE79DF8630030B9F6
:10594000FFE7009803F168F88DF86300FFE7FFE7D1
:10595000FFE7FFE79DF863001AB080BD000000007C
:1059600080B584B08DF80F00FFE700208DF80E00A1
:10597000FFE79DF80E009DF80F1088421DDAFFE743
:1059800040F20040C5F60200009002210191002281
:1059900003F106F9B4200290FFF082F90098019912
:1059A000012203F1FDF80298FFF07AF9FFE79DF874
:1059B0000E0001308DF80E00DBE74FF46170FFF050
:1059C0006FF9D2E70000000080B598B016901591ED
:1059D0008DF85320159900200860169800F188FA78
:1059E00012901298B0F1FF3F04DCFFE70B208DF816
:1059F0005F0061E2129940F24060C2F2004050F84C
:105A000021000590059820B9FFE70C208DF85F0074
:105A100052E20598159908609DF8530000F0FE00C9
:105A20008DF8530005980078F0B1FFE705984078AD
:105A3000FFF7D6FD8DF847009DF84700C00790B9E5
:105A4000FFE79DF8530050B1FFE79DF8470040077E
:105A5000002804D5FFE70A208DF85F002CE2002023
:105A60008DF85F0028E2FFE7059900200870129882
:105A70000599487005984078FFF0D2F98DF84700F5
:105A80009DF84700C00720B1FFE703208DF85F00B5
:105A900012E29DF8530050B1FFE79DF84700400720
:105AA000002804D5FFE70A208DF85F0004E20020FB
:105AB000109005981099FFF76FF88DF852009DF837
:105AC0005200022809D0FFE79DF8520001285EDC51
:105AD000FFE7012000285AD1FFE700200490FFE7EC
:105AE000049803281ED8FFE70598049900EB0110DD
:105AF00000F5F77013901398007930B1FFE7139811
:105B0000083001F149FA039002E000200390FFE71A
:105B10000398049A07A941F82200FFE7049801308E
:105B20000490DDE700200490049820B1FFE704987A
:105B300001380490FFE7FFE7049907A850F8210017
:105B40001090109830B1FFE705981099FFF724F8EE
:105B5000029002E003200290FFE702988DF85200C5
:105B6000FFE79DF8521000200229019009DBFFE7B2
:105B70000498411C04910020042938BF01200190A1
:105B8000FFE70198C0070028D6D1FFE7FFE79DF89F
:105B90005200042804D1FFE701208DF85F008BE15B
:105BA0009DF85200022804DBFFE70D208DF85F000E
:105BB00082E105983B3004F00BFBB0F5007F04D088
:105BC000FFE70D208DF85F0076E10598463004F080
:105BD000FFFA0F900F9830B9FFE70598543001F1A4
:105BE000DBF90F90FFE70F9805998861059991F807
:105BF0004000887005988078012809D0FFE7059853
:105C00008078022804D0FFE70D208DF85F0053E173
:105C1000059881780F9848430F90059991F83D00B9
:105C200048810598408930B1FFE705984089411EB9
:105C3000084204D0FFE70D208DF85F003CE1059895
:105C4000413004F0C5FA059908810598007A0007EB
:105C500020B1FFE70D208DF85F002DE1059843305E
:105C600004F0B6FA0E900E9830B9FFE70598503060
:105C700001F192F90E90FFE705983E3004F0A8FA82
:105C8000ADF81A00BDF81A0020B9FFE70D208DF815
:105C90005F0011E1BDF81A000F99084405990989C0
:105CA00000EB11100D900E980D99884204D2FFE779
:105CB0000D208DF85F00FFE00E980D99401A0599B0
:105CC0004989B0FBF1F00C900C9820B9FFE70D204A
:105CD0008DF85F00F0E000208DF852000C984FF630
:105CE000F571C0F6FF71884204D8FFE703208DF8F4
:105CF0005200FFE70C984FF6F571884204D8FFE791
:105D000002208DF85200FFE70C9840F6F5718842AA
:105D100004D8FFE701208DF85200FFE79DF85200FC
:105D200020B9FFE70D208DF85F00C5E00C98023028
:105D30000599486110980599C8611098BDF81A1026
:105D400008440599086210980D99084405998862DD
:105D50009DF8520003281DD1FFE705985A3004F042
:105D600037FA20B1FFE70D208DF85F00A4E0059819
:105D7000008920B1FFE70D208DF85F009CE00598B9
:105D80005C3001F109F90599486205984069800085
:105D90000B9023E00598008920B9FFE70D208DF8CE
:105DA0005F0089E00599086A0F9A104448629DF8DF
:105DB0005200022805D1FFE7059840694000009095
:105DC00009E00598406900EB400100F0010000EB9C
:105DD00051000090FFE700980B90FFE7059880695D
:105DE0000B9901F2FF11B0EB512F04D2FFE70D2008
:105DF0008DF85F0060E005994FF0FF30086105996C
:105E0000C8600599802008719DF85200032842D18E
:105E1000FFE70598603004F0DBF901283BD1FFE78C
:105E200005981099013104F0F7FBA0BBFFE7059935
:105E300000200871059800F22E2004F0C9F94AF6F6
:105E40005521884226D1FFE70598303001F1A4F8AA
:105E500045F25221C4F2611188421BD1FFE7059837
:105E600000F5057001F198F847F27221C6F2411170
:105E700088420FD1FFE7059800F5067001F18CF814
:105E800005990861059800F5077001F185F80599F5
:105E9000C860FFE7FFE79DF852000599087040F2DF
:105EA0004461C2F200410888013008800599C88029
:105EB00000208DF85F00FFE79DF85F0018B080BDFF
:105EC00080B586B005900491059800680290FFE7C0
:105ED0000498017801202F29019008D0FFE7049849
:105EE00000785C38B0FA80F040090190FFE7019833
:105EF000C00720B1FFE7049801300490E8E7059956
:105F000000208860049800781F280BD8FFE70599C7
:105F1000802081F82B0005980021FFF765FA8DF8A5
:105F20000F0048E0FFE7059804A9FEF059FD8DF841
:105F30000F009DF80F0008B1FFE73BE00598FEF069
:105F400013FF8DF80F00059890F82B008DF80E00C8
:105F50009DF80F0088B1FFE79DF80F0004280BD1D2
:105F6000FFE79DF80E004007002804D4FFE7052056
:105F70008DF80F00FFE7FFE71CE09DF80E004007DB
:105F8000002801D5FFE715E005988079C0060028B4
:105F900004D4FFE705208DF80F000BE00298059967
:105FA00009696FF35F210144303100F1D9FF059990
:105FB0008860B8E7FFE79DF80F0006B080BD0000DD
:105FC00082B001900091FFE741F21C00C4F2010091
:105FD00000684006002801D4FFE7F5E79DF80400BB
:105FE00041F22801C4F201010860019802B0704733
:105FF00080B584B08DF80F0000208DF80E008DF86C
:1060000009008DF8080040F65860C2F2004001789F
:1060100001310170007849F69812C1F699124CF6D8
:10602000CD41CCF6CC4100FB01204FEA700049F68F
:106030009911C1F69911884209D3FFE740F65860DB
:10604000C2F200400078092800F3D980FFE702205F
:106050000DF10E010122FFF00BFE9DF80E0000076E
:10606000002800F0CB80FFE79DF80E0000F00F0045
:10607000052800F3C380FFE79DF80E0000F00F0134
:106080004FF6FF708840ADF80600BDF806104FF4DB
:10609000404060EA010040F21401C2F200418886EB
:1060A0000420FEF0FDFD00208DF80900FFE79DF8BB
:1060B0000900042800F38680FFE740F21400C2F2D2
:1060C0000040808E9DF80910C840C007002872D09B
:1060D000FFE79DF809104AF27270C0F6100030F820
:1060E00011000DF10A010422FFF0C2FD40F214007C
:1060F000C2F2004090F84400C007F8B1FFE79DF8F5
:106100000A109DF80B0001F00F0140EA01209DF8F4
:10611000092040F21401C2F2004101EB4202108456
:106120009DF80C209DF80D0002F00F0240EA0220BD
:106130009DF8092001EB4201888124E045F62830D2
:10614000C2F2004000889DF80A209DF80B1002F072
:106150000F0241EA0221401A9DF8092040F2140181
:10616000C2F2004101EB420290819DF80C209DF8A3
:106170000D0002F00F0240EA02209DF8092001EB19
:1061800042010884FFE79DF80A0000F0F000802833
:1061900010D0FFE79DF8090040F21401C2F200415F
:1061A00001EB4002002010849DF8092001EB420120
:1061B0008881FFE7FFE7FFE79DF8090001308DF8D0
:1061C000090074E701208DF8080040F21400C2F2C3
:1061D0000040808958B9FFE740F21400C2F2004045
:1061E000008C20B9FFE700208DF80E00FFE740F695
:1061F0005861C2F2004100200870FFE7FFE79DF8F8
:106200000E00C00600BBFFE740F21400C2F20040DF
:10621000808E0004002809D5FFE740F21401C2F285
:106220000041888E6FF3DF3088860CE040F2140165
:10623000C2F200414FF6FF7088810884888E00F416
:1062400060408886FFE7FFE740F65860C2F20040F2
:106250000078F12807DBFFE740F65861C2F2004101
:106260000A200870FFE79DF8080004B080BD000018
:1062700080B584B0ADF80E0002918DF807200020A3
:1062800000908DF80500FEF72FFE7020FEF7ECFD64
:10629000FEF756FE9DF80E00FEF7E6FDFEF750FEF7
:1062A00000988DF80600FFE79DF806009DF807109E
:1062B000884216DAFFE702989DF80610405CFEF768
:1062C000D3FDFEF73DFE8DF805009DF8050008B1F1
:1062D000FFE706E0FFE79DF8060001308DF80600B5
:1062E000E2E7FEF089FC9DF8050004B080BD0000E7
:1062F00080B58CB0FFE744F2E041C5F602010868C2
:1063000040F480700860FFE7FFE744F2E041C5F623
:106310000201086840F080000860FFE7684601223B
:1063200009924260026042F20000C5F602004FF49A
:106330008071002302F150FCFEF7F2FC099828213D
:1063400000F03AF998B9FFE740F20D01C2F20041BE
:106350002820087040F20C01C2F200412920087088
:106360004DF68870C0F60000FAF764F828E04DF6A4
:10637000C670C0F60000FAF75DF80020BA2100F000
:106380001BF950B1FFE74DF6E670C0F60000FAF7D2
:1063900051F801208DF82F0077E040F20D01C2F294
:1063A0000041BA20087040F20C01C2F20041BB204B
:1063B00008704DF6A770C0F60000FAF73BF8FFE74B
:1063C00048F240100DF12A010891042200F0A4F8CF
:1063D000DDF820E000208DF82E009DF82A109DF8B1
:1063E0002B209DF82C309DF82D00EC46CCF804E0D5
:1063F000CCF800004EF20600C0F60000FAF71AF8DA
:10640000089800F049F850B9FFE74DF66170C0F602
:106410000000FAF70FF801208DF82F0035E04EF25A
:106420003600C0F600000DF12A010791FAF702F8D4
:1064300007984EF24201C0F60001FAF7A1F838B908
:10644000FFE740F20E01C2F200410A200870FFE7A8
:1064500002208DF82A0048F2400003900DF12A0135
:1064600004910122059200F0F7FA0A20FEF018FCD0
:1064700003980499059A002306938DF82A3000F0BA
:10648000EBFA06988DF82F00FFE79DF82F000CB06F
:1064900080BD00000000000083B0019000208DF856
:1064A00002008DF80300FFE79DF80300032825D8BC
:1064B000FFE701989DF80310405C08B9FFE71DE075
:1064C00001989DF80310405C202807D3FFE701984E
:1064D0009DF80310405C7F2804D3FFE700208DF86F
:1064E0000B0014E09DF8020001308DF80200FFE778
:1064F0009DF8030001308DF80300D5E79DF80210E8
:106500000020022988BF01208DF80B00FFE79DF8CD
:106510000B0003B07047000080B584B0ADF80E00EA
:1065200002918DF80720FEF7DFFC40F20D00C2F269
:1065300000400078FEF798FCFEF702FD9DF80F0082
:10654000FEF792FCFEF7FCFC9DF80E00FEF78CFCBB
:10655000FEF7F6FCFEF7C8FC40F20C00C2F2004069
:106560000078FEF781FCFEF7EBFC00208DF80600BA
:10657000FFE79DF806009DF80710884215DAFFE74F
:106580009DF806009DF807100139401A18BF012038
:10659000FEF71EFC02999DF806208854FFE79DF83F
:1065A000060001308DF80600E3E7FEF025FB04B09D
:1065B00080BD00000000000080B58AB08DF8270083
:1065C0008DF8261068460023089343600122059247
:1065D000026041F60040C5F6020006908021079156
:1065E00002F1FAFA089A42F20000C5F6020003909E
:1065F0004FF48071049102F1D3FA0A20FEF050FBAF
:10660000069807999DF8272002F1CAFA0598FEF02E
:1066100047FB03980499059A02F1C2FA0620FEF09E
:106620003FFB059A06980799089BEC46CCF8043086
:10663000CCF800201A4602F1CFFA3220FEF030FBEF
:106640009DF82600FEF0BCFA0AB080BD00000000F4
:1066500080B584B08DF80F0000208DF80A008DF809
:10666000090045F62630C2F2004001780131017080
:10667000007849F69812C1F699124CF6CD41CCF645
:10668000CC4100FB01204FEA700049F69911C1F698
:106690009911884209D3FFE745F62630C2F200403F
:1066A0000078092800F39C81FFE748F24E100DF1B5
:1066B0000F010122FFF730FF9DF80F0000060028B0
:1066C00017D5FFE79DF80F0000F00F0040F20E0114
:1066D000C2F20041097888420BDCFFE700208DF808
:1066E0000A0048F24E100DF10A01012200F0B4F93F
:1066F000FFE79DF80F000007002800F07081FFE71A
:106700009DF80F0000F00F0040F20E01C2F20041B0
:106710000978884200F36381FFE79DF80F0000F0DD
:106720000F014FF6FF708840ADF8060040F21401EB
:10673000C2F20041888EADF80400BDF806204FF487
:10674000404060EA020088860B4633F80C0F40F2A6
:106750000E02C2F2004292F800C003EB4C0323F891
:10676000020C31F8200F127801EB420121F8020CE3
:1067700000208DF80A00FFE79DF80A0040F20E01A4
:10678000C2F200410978884280F2CE80FFE740F2F1
:106790001400C2F20040808E9DF80A10C840C00765
:1067A000002800F0BA80FFE79DF80A104DF6D410DB
:1067B000C0F6000030F811000DF10B010422FFF7C4
:1067C000ABFE45F62830C2F20040808845F21051F9
:1067D000884214D0FFE745F62830C2F20040808896
:1067E00049F6060188420AD0FFE745F62830C2F292
:1067F0000040808847F29671884246D1FFE740F218
:106800001400C2F2004090F84400C00708B3FFE74C
:1068100045F62830C2F2004000889DF80D109DF822
:106820000E2041EA0221401A9DF80A2040F214018C
:10683000C2F2004101EB420290819DF80B009DF8ED
:106840000C2040EA02209DF80A2001EB4201088456
:106850001AE09DF80B009DF80C1040EA01209DF80D
:106860000A2040F21401C2F2004101EB4202908181
:106870009DF80D009DF80E2040EA02209DF80A20A8
:1068800001EB42010884FFE746E040F21400C2F247
:10689000004090F84400C007D8B1FFE79DF80B0016
:1068A0009DF80C1040EA01209DF80A2040F21401E6
:1068B000C2F2004101EB420290819DF80D009DF86B
:1068C0000E2040EA02209DF80A2001EB42010884D4
:1068D00021E045F62830C2F2004001889DF80D0005
:1068E0009DF80E2040EA0220C04308449DF80A208B
:1068F00040F21401C2F2004101EB420290819DF886
:106900000B009DF80C2040EA02209DF80A2001EBC4
:1069100042010884FFE7FFE7FFE7FFE79DF80A0071
:1069200001308DF80A0027E701208DF8090040F2B8
:106930001400C2F20040808945F62831C2F20041BD
:10694000098888420DDCFFE740F21400C2F20040E3
:10695000008C45F62831C2F200414988884236DD74
:10696000FFE79DF80F0000F00F0002280FDBFFE7A4
:1069700040F21401C2F20041C8898881488C088421
:1069800045F62631C2F20041002008701EE040F2B8
:106990000E00C2F20040037840F21401C2F200413E
:1069A00001F10C0202EB430232F8022C8A810278D8
:1069B00001F1200000EB420030F8020C0884802036
:1069C0008DF80F00BDF804008886FFE706E045F665
:1069D0002631C2F2004100200870FFE7FFE7FFE721
:1069E0009DF80F0000F08F00802820D1FFE740F2D3
:1069F0001400C2F20040808E0004002809D5FFE791
:106A000040F21401C2F20041888E6FF3DF308886B5
:106A10000CE040F21401C2F200414FF6FF70888191
:106A20000884888E00F460408886FFE7FFE745F61B
:106A30002630C2F200400078F12807DBFFE745F678
:106A40002631C2F200410A200870FFE79DF80900D4
:106A500004B080BD0000000080B584B0ADF80E0029
:106A600002918DF80720002000908DF80500FEF7B8
:106A70003BFA40F20D00C2F200400078FEF7F4F954
:106A8000FEF75EFA9DF80F00FEF7EEF9FEF758FAF2
:106A90009DF80E00FEF7E8F9FEF752FA00988DF81F
:106AA0000600FFE79DF806009DF80710884216DAF9
:106AB000FFE702989DF80610405CFEF7D5F9FEF757
:106AC0003FFA8DF805009DF8050008B1FFE706E0E4
:106AD000FFE79DF8060001308DF80600E2E7FEF0C2
:106AE0008BF89DF8050004B080BD00000000000098
:106AF00080B584B0FFE744F2E041C5F602010868C2
:106B000040F080000860FFE7FFE744F2E041C5F68F
:106B10000201086840F080000860FFE76846012233
:106B200003924260026041F60040C5F60200029006
:106B30001021002302F150F80298039B69464B6034
:106B40000B6020211A4602F147F800F06DF804B0FE
:106B500080BD00000000000080B584B08DF80F00FB
:106B600000208DF80E00FFE79DF80E00072826DCB8
:106B7000FFE79DF80F00C20941F60040C5F602008C
:106B80000190202102F10CF8FFF03EFA019810214B
:106B90000291012202F104F8FFF036FA01980299FD
:106BA000002201F1FDFF9DF80F0040008DF80F005D
:106BB000FFE79DF80E0001308DF80E00D4E741F696
:106BC0000040C5F602002021012201F1E9FF04B0D6
:106BD00080BD00000000000080B586B041F6004096
:106BE000C5F602000390202102910122019201F1D9
:106BF000D7FF019A03981021049101F1D1FFFFF012
:106C000003FA029903980022059201F1C9FFFFF0EF
:106C1000FBF903980499059A01F1C2FFFFF0F4F91A
:106C200006B080BD0000000080B584B041F6004091
:106C3000C5F60200019020210291002201F1B0FF6F
:106C4000FFF0E2F9019810210122039201F1A8FF5F
:106C5000FFF0DAF901980299039A01F1A1FFFFF020
:106C6000D3F904B080BD000080B582B08DF8070074
:106C70009DF8070045F62831C2F20041887145F6BB
:106C80003830C2F20040006888B1FFE79DF8070085
:106C900003F0CAFA45F63830C2F20040C28A45F61F
:106CA0002831C2F200410A80008B4880FCE09DF848
:106CB0000700002840F08080FFE745F62830C2F248
:106CC0000040F02101804FF4A0714180808845F29E
:106CD0001051884214D1FFE745F62831C2F2004135
:106CE0004FF4305008814FF4285048814FF42C5015
:106CF00088814FF4F07008804FF44870488026E097
:106D000045F62830C2F20040808841F6631188427F
:106D100011D1FFE745F62831C2F200412C2008814D
:106D20002B2048812A2088814FF4F07008804FF48E
:106D3000487048800AE045F62831C2F200412C2014
:106D400008812A2048812B208881FFE7FFE745F64C
:106D50002830C2F20040808845F2103188420AD0C3
:106D6000FFE745F62830C2F20040808847F296716E
:106D700088420BD1FFE745F62831C2F200414FF4BB
:106D8000A07008804FF4F0704880FFE745F6283087
:106D9000C2F20040808849F6060188420BD1FFE725
:106DA00045F62831C2F200414FF4F07008804FF4EC
:106DB00048704880FFE773E045F62830C2F2004093
:106DC0004FF4A0710180F0214180808845F210517C
:106DD000884214D1FFE745F62831C2F200414FF452
:106DE000305008814FF4285048814FF42C5088814E
:106DF0004FF4487008804FF4F070488030E045F65A
:106E00002830C2F20040808841F6631188420AD0DF
:106E1000FFE745F62830C2F20040808849F60601B7
:106E2000884211D1FFE745F62831C2F200412C20FB
:106E300008812A2048812B2088814FF448700880DF
:106E40004FF4F07048800AE045F62831C2F2004164
:106E50002C2008812A2048812B208881FFE7FFE72A
:106E600045F62830C2F20040808845F21031884251
:106E70000AD0FFE745F62830C2F20040808847F28A
:106E8000967188420BD1FFE745F62831C2F20041E6
:106E90004FF4F07008804FF4A0704880FFE7FFE7E0
:106EA000002002F00DFEFFE702B080BD00000000F0
:106EB00080B586B0ADF81600ADF814108DF813202B
:106EC000ADF81030002003909DF8130002909DF85B
:106ED00013100320A0EB41000190FFE703980299F3
:106EE000884200F38D80FFE7BDF81600039908443F
:106EF000BDF81410029A891ABDF8102080B289B228
:106F0000FFF04AFABDF8160002990844BDF81410C3
:106F1000039A891ABDF8102080B289B2FFF03CFABA
:106F2000BDF8160002990844BDF81410039A1144E4
:106F3000BDF8102080B289B2FFF02EFABDF816001D
:106F400003990844BDF81410029A1144BDF81020AA
:106F500080B289B2FFF020FABDF816000399401AFA
:106F6000BDF81410029A1144BDF8102080B289B205
:106F7000FFF012FABDF816000299401ABDF814107D
:106F8000039A1144BDF8102080B289B2FFF004FAD0
:106F9000BDF816000399401ABDF81410029A891A18
:106FA000BDF8102080B289B2FFF0F6F9BDF81600E6
:106FB0000299401ABDF81410039A891ABDF81020DE
:106FC00080B289B2FFF0E8F903980130039001988C
:106FD000B0F1FF3F07DCFFE70399019800EB810068
:106FE000063001900BE003980299411A019800EBDA
:106FF00081000A300190029801380290FFE76DE7A6
:1070000006B080BD0000000080B58CB0CF20FFF03E
:107010008BFF00200A9003F0B7F8C120009003F026
:10702000B3F83020019003F0AFF8ED20FFF07CFFC3
:10703000642003F0A9F8032003F0A6F8122003F05F
:10704000A3F8812003F0A0F8E820FFF06DFF852071
:1070500003F09AF81020049003F096F87A2003F0D9
:1070600093F8CB20FFF060FF392003F08DF82C203F
:1070700003F08AF80A9803F087F8342003F084F8C4
:10708000022003F081F8F720FFF04EFF202003F0EC
:107090007BF8EA20FFF048FF0A9803F075F80A9899
:1070A00003F072F8C020FFF03FFF1B2003F06CF8E4
:1070B0000098FFF039FF0120079003F065F8C52024
:1070C000FFF032FF019803F05FF8019803F05CF8DD
:1070D000C720FFF029FFB72003F056F83620FFF055
:1070E00023FF482003F050F83A20FFF01DFF552001
:1070F00003F04AF8B120FFF017FF0A9803F044F8B4
:107100001A2003F041F8B620FFF00EFF0A2003908A
:1071100003F03AF8A22003F037F8F220FFF004FF62
:107120000A9803F031F82620FFF0FEFE079803F0DE
:107130002BF8E020FFF0F8FE0F20059003F024F874
:107140002A20099003F020F8282003F01DF80820D9
:10715000029003F019F80E2003F016F8029803F0DD
:1071600013F8542003F010F8A92003F00DF8432081
:1071700003F00AF8039803F007F8059803F004F801
:107180000A9803F001F80A9802F0FEFF0A9802F04C
:10719000FBFF0A9802F0F8FFE120FFF0C5FE0A9815
:1071A00002F0F2FF152002F0EFFF172002F0ECFFD3
:1071B000072002F0E9FF11200B9002F0E5FF062006
:1071C00002F0E2FF2B20069002F0DEFF562002F0D4
:1071D000DBFF3C2002F0D8FF052002F0D5FF049829
:1071E00002F0D2FF059802F0CFFF3F20089002F096
:1071F000CBFF089802F0C8FF059802F0C5FF06987B
:10720000FFF092FE0A9802F0BFFF0A9802F0BCFF5E
:10721000079802F0B9FF089802F0B6FF0998FFF04E
:1072200083FE0A9802F0B0FF0A9802F0ADFF0A98B8
:1072300002F0AAFFEF2002F0A7FF0B98FFF074FE08
:107240007820FDF02DFD2920FFF06EFE0CB080BDF2
:1072500080B5CEB0ED20FFF067FE0120219002F056
:1072600093FFFE2002F090FFEE20FFF05DFEDE2097
:1072700002F08AFF21200B9002F086FFF120FFF040
:1072800053FE219802F080FFDF20FFF04DFE10201A
:10729000459002F079FFC4202D90FFF045FE8F202D
:1072A00002F072FFC6200890FFF03EFE00204A90D8
:1072B00002F06AFFE220169002F066FF169802F0D4
:1072C00063FF169802F060FFBF20FFF02DFEAA209A
:1072D000419002F059FFB020FFF026FE0D200090F3
:1072E00002F052FF4A9802F04FFF009802F04CFF64
:1072F0004A9802F049FF1120479002F045FF4A9852
:1073000002F042FF192002F03FFF4A9802F03CFFD2
:107310000B9802F039FF4A9802F036FF2D2002F058
:1073200033FF4A9802F030FF3D2002F02DFF4A98CB
:1073300002F02AFF5D20269002F026FF4A9802F014
:1073400023FF269802F020FF4A9802F01DFFB1208B
:10735000FFF0EAFD802002F017FF4A9802F014FFC8
:107360008B20109002F010FF4A9802F00DFF96203B
:10737000019002F009FF4A9802F006FFB220FFF0E8
:10738000D3FD4A9802F000FF4A9802F0FDFE022069
:10739000239002F0F9FE4A9802F0F6FE03200290D4
:1073A00002F0F2FE4A9802F0EFFEB3202B90FFF0BD
:1073B000BBFD4A9802F0E8FE4A9802F0E5FE4A98C2
:1073C00002F0E2FE4A9802F0DFFE4A9802F0DCFE8C
:1073D0004A9802F0D9FE4A9802F0D6FE4A9802F086
:1073E000D3FE4A9802F0D0FE4A9802F0CDFE4A98A9
:1073F00002F0CAFE4A9802F0C7FE4A9802F0C4FEA4
:107400004A9802F0C1FE4A9802F0BEFE4A9802F085
:10741000BBFE4A9802F0B8FE4A9802F0B5FE4A98C0
:1074200002F0B2FE4A9802F0AFFE4A9802F0ACFEBB
:107430004A9802F0A9FE4A9802F0A6FE4A9802F085
:10744000A3FEB420FFF070FD109802F09DFE4A9854
:1074500002F09AFE019802F097FE4A9802F094FE1C
:10746000A12002F091FE4A9802F08EFEB520FFF0B6
:107470005BFD239802F088FE4A9802F085FE029890
:1074800002F082FE4A9802F07FFE0420039002F090
:107490007BFE4A9802F078FEB620FFF045FD4A9840
:1074A00002F072FE4A9802F06FFEB7201D90FFF0C6
:1074B0003BFD4A9802F068FE4A9802F065FE3F20C4
:1074C00002F062FE4A9802F05FFE5E2002F05CFE6F
:1074D0004A9802F059FE6420489002F055FE4A98FE
:1074E00002F052FE8C2002F04FFE4A9802F04CFE51
:1074F000AC2002F049FE4A9802F046FEDC203090B3
:1075000002F042FE4A9802F03FFE702002F03CFE7C
:107510004A9802F039FE902002F036FE4A9802F0B6
:1075200033FEEB2002F030FE4A9802F02DFE309838
:1075300002F02AFE4A9802F027FEB820FFF0F4FC81
:107540004A9802F021FE4A9802F01EFE4A9802F084
:107550001BFE4A9802F018FE4A9802F015FE4A985F
:1075600002F012FE4A9802F00FFE4A9802F00CFE5A
:10757000BA20FFF0D9FC2420069002F005FE4A98BC
:1075800002F002FE4A9802F0FFFD4A9802F0FCFD6C
:10759000C120FFF0C9FC2020099002F0F5FD4A98B7
:1075A00002F0F2FD542002F0EFFD4A9802F0ECFDEB
:1075B000FF204B9002F0E8FD4A9802F0E5FDC22062
:1075C0001E90FFF0B1FC0A20189002F0DDFD4A98F1
:1075D00002F0DAFD039802F0D7FD4A9802F0D4FDDC
:1075E000C320FFF0A1FC3C20249002F0CDFD4A987E
:1075F00002F0CAFD3A20469002F0C6FD4A9802F019
:10760000C3FD392002F0C0FD4A9802F0BDFD3720CD
:1076100002F0BAFD4A9802F0B7FD249802F0B4FDDA
:107620004A9802F0B1FD36200D9002F0ADFD4A9867
:1076300002F0AAFD3220339002F0A6FD4A9802F033
:10764000A3FD2F20049002F09FFD4A9802F09CFDBC
:107650002C204D9002F098FD4A9802F095FD2920CB
:10766000499002F091FD4A9802F08EFD2620059087
:1076700002F08AFD4A9802F087FD069802F084FD28
:107680004A9802F081FD069802F07EFD4A9802F0C9
:107690007BFD2320379002F077FD4A9802F074FDBD
:1076A000249802F071FD4A9802F06EFD0D9802F0E8
:1076B0006BFD4A9802F068FD339802F065FD4A9828
:1076C00002F062FD049802F05FFD4A9802F05CFD52
:1076D0004D9802F059FD4A9802F056FD499802F083
:1076E00053FD4A9802F050FD059802F04DFD4A986E
:1076F00002F04AFD069802F047FD4A9802F044FD68
:10770000069802F041FD4A9802F03EFD379802F0DB
:107710003BFD4A9802F038FD2D98FFF005FC6220F1
:107720001A9002F031FD4A9802F02EFD05201790C4
:1077300002F02AFD4A9802F027FD8420289002F0EA
:1077400023FD4A9802F020FDF020429002F01CFD3B
:107750004A9802F019FD1820079002F015FD4A988A
:1077600002F012FDA42002F00FFD4A9802F00CFD79
:10777000079802F009FD4A9802F006FD5020439058
:1077800002F002FD4A9802F0FFFC0C2002F0FCFC23
:107790004A9802F0F9FC17200A9002F0F5FC4A988A
:1077A00002F0F2FC952002F0EFFC4A9802F0ECFCAB
:1077B000F320449002F0E8FC4A9802F0E5FCE62051
:1077C000319002F0E1FC4A9802F0DEFCC520FFF0A7
:1077D000ABFB339802F0D8FC4A9802F0D5FC442069
:1077E000409002F0D1FC4A9802F0CEFC652002F0F5
:1077F000CBFC4A9802F0C8FC7620349002F0C4FC1E
:107800004A9802F0C1FC88203C9002F0BDFC4A98E6
:1078100002F0BAFC0898FFF087FB099802F0B4FC6C
:107820004A9802F0B1FC0A9802F0AEFC4A9802F0C5
:10783000ABFC219802F0A8FC4A9802F0A5FCC720F6
:107840001F90FFF071FB4A9802F09EFC4A9802F0EC
:107850009BFC4A9802F098FC4A9802F095FCC820DC
:10786000FFF062FB4A9802F08FFC4A9802F08CFC11
:107870004A9802F089FC4A9802F086FCC920FFF081
:1078800053FB4A9802F080FC4A9802F07DFC4A982B
:1078900002F07AFC4A9802F077FC4A9802F074FCF5
:1078A0004A9802F071FC4A9802F06EFC4A9802F085
:1078B0006BFC4A9802F068FC4A9802F065FC4A9812
:1078C00002F062FC4A9802F05FFC4A9802F05CFC0D
:1078D0004A9802F059FC4A9802F056FC4A9802F085
:1078E00053FCE0201590FFF01FFB16200C9002F0D7
:1078F0004BFC4A9802F048FC1C20199002F044FC12
:107900004A9802F041FC0B9802F03EFC4A9802F0C3
:107910003BFC0D9802F038FC4A9802F035FC4620FA
:1079200002F032FC4A9802F02FFC52200E9002F036
:107930002BFC4A9802F028FC489802F025FC4A9853
:1079400002F022FC7A200F9002F01EFC4A9802F00E
:107950001BFC109802F018FC4A9802F015FC9920C4
:107960003E9002F011FC4A9802F00EFCA820119003
:1079700002F00AFC4A9802F007FCB920129002F0CB
:1079800003FC4A9802F000FC2D9802F0FDFB4A9897
:1079900002F0FAFBCA20139002F0F6FB4A9802F0BC
:1079A000F3FBD220149002F0EFFB4A9802F0ECFBBC
:1079B000D92002F0E9FB4A9802F0E6FB159802F0A4
:1079C000E3FB4A9802F0E0FB449802F0DDFB4A98A2
:1079D00002F0DAFBE120FFF0A7FA0C9802F0D4FBEA
:1079E0004A9802F0D1FB199802F0CEFB4A9802F0B7
:1079F000CBFB222002F0C8FB4A9802F0C5FB0D9891
:107A000002F0C2FB4A9802F0BFFB4520399002F019
:107A1000BBFB4A9802F0B8FB0E9802F0B5FB4A98FF
:107A200002F0B2FB489802F0AFFB4A9802F0ACFBC0
:107A30000F9802F0A9FB4A9802F0A6FB109802F0FA
:107A4000A3FB4A9802F0A0FB3E9802F09DFB4A98E7
:107A500002F09AFB119802F097FB4A9802F094FB0F
:107A6000129802F091FB4A9802F08EFB2D9802F0DA
:107A70008BFB4A9802F088FB139802F085FB4A982A
:107A800002F082FB149802F07FFB4A9802F07CFB24
:107A9000D82002F079FB4A9802F076FB159802F0A4
:107AA00073FB4A9802F070FB449802F06DFB4A9811
:107AB00002F06AFB1698FFF037FA179802F064FBA1
:107AC0004A9802F061FB0B2002F05EFB4A9802F03C
:107AD0005BFB1B2002F058FB4A9802F055FB342058
:107AE000329002F051FB4A9802F04EFB409802F0AF
:107AF0004BFB4A9802F048FB4F2002F045FB4A98A6
:107B000002F042FB612002F03FFB4A9802F03CFB8E
:107B1000792002F039FB4A9802F036FB3C9802F0DB
:107B200033FB4A9802F030FB97201B9002F02CFBAD
:107B30004A9802F029FBA6201C9002F025FB4A98E7
:107B400002F022FB1D9802F01FFB4A9802F01CFB7A
:107B50001E9802F019FB4A9802F016FB1F9802F0DB
:107B600013FB4A9802F010FBD120209002F00CFB8E
:107B70004A9802F009FBD62002F006FB4A9802F070
:107B800003FBDD20229002F0FFFA4A9802F0FCFA93
:107B9000449802F0F9FA4A9802F0F6FAE320FFF06E
:107BA000C3F9179802F0F0FA4A9802F0EDFA189823
:107BB00002F0EAFA4A9802F0E7FA199802F0E4FAB9
:107BC0004A9802F0E1FA3320389002F0DDFA4A9840
:107BD00002F0DAFA409802F0D7FA4A9802F0D4FAA2
:107BE000439802F0D1FA4A9802F0CEFA1A9802F0BD
:107BF000CBFA4A9802F0C8FA782002F0C5FA4A98FF
:107C000002F0C2FA3C9802F0BFFA4A9802F0BCFABD
:107C10001B9802F0B9FA4A9802F0B6FA1C9802F0E2
:107C2000B3FA4A9802F0B0FA1D9802F0ADFA4A98F9
:107C300002F0AAFA1E9802F0A7FA4A9802F0A4FAF3
:107C40001F9802F0A1FA4A9802F09EFA209802F0DA
:107C50009BFA4A9802F098FAD52002F095FA4A98D1
:107C600002F092FA229802F08FFA4A9802F08CFA07
:107C7000449802F089FA4A9802F086FAE420FFF06C
:107C800053F9219802F080FA4A9802F07DFA21987F
:107C900002F07AFA4A9802F077FA239802F074FA1E
:107CA0004A9802F071FA2A2002F06EFA4A9802F01D
:107CB0006BFA249802F068FA4A9802F065FA4B20B1
:107CC000259002F061FA4A9802F05EFA269802F0D6
:107CD0005BFA4A9802F058FA7420279002F054FA9E
:107CE0004A9802F051FA289802F04EFA4A9802F0A7
:107CF0004BFA9320299002F047FA4A9802F044FA8E
:107D0000A2202A9002F040FA4A9802F03DFA2B98FD
:107D100002F03AFA4A9802F037FABE202C9002F0AC
:107D200033FA4A9802F030FA2D9802F02DFA4A9868
:107D300002F02AFACD202E9002F026FA4A9802F09C
:107D400023FAD3202F9002F01FFA4A9802F01CFA6F
:107D5000229802F019FA4A9802F016FA449802F0B2
:107D600013FA4A9802F010FAE520FFF0DDF84A987D
:107D700002F00AFA4A9802F007FA4A9802F004FA66
:107D80004A9802F001FA239802F0FEF94A9802F0AC
:107D9000FBF9499802F0F8F94A9802F0F5F92498AD
:107DA00002F0F2F94A9802F0EFF9259802F0ECF9A6
:107DB0004A9802F0E9F9269802F0E6F94A9802F0AA
:107DC000E3F9279802F0E0F94A9802F0DDF92898E3
:107DD00002F0DAF94A9802F0D7F9299802F0D4F9BA
:107DE0004A9802F0D1F92A9802F0CEF94A9802F0A6
:107DF000CBF92B9802F0C8F94A9802F0C5F92C98F3
:107E000002F0C2F94A9802F0BFF92D9802F0BCF9CD
:107E10004A9802F0B9F92E9802F0B6F94A9802F0A1
:107E2000B3F92F9802F0B0F94A9802F0ADF9309802
:107E300002F0AAF94A9802F0A7F9449802F0A4F9CE
:107E40004A9802F0A1F93198FFF06EF8479802F0D5
:107E50009BF94A9802F098F9329802F095F94A98FD
:107E600002F092F95620369002F08EF94A9802F00C
:107E70008BF9349802F088F94A9802F085F9772056
:107E80003B9002F081F94A9802F07EF966203F901B
:107E900002F07AF94A9802F077F93C9802F074F906
:107EA0004A9802F071F93E9802F06EF94A9802F091
:107EB0006BF9BB203D9002F067F94A9802F064F933
:107EC0003E9802F061F94A9802F05EF93F9802F09C
:107ED0005BF94A9802F058F955204C9002F054F999
:107EE0004A9802F051F94C9802F04EF94A9802F083
:107EF0004BF9399802F048F94A9802F045F94320C5
:107F000002F042F94A9802F03FF9409802F03CF939
:107F10004A9802F039F9E720FFF006F8339802F0AA
:107F200033F94A9802F030F94C9802F02DF94A984A
:107F300002F02AF9349802F027F94A9802F024F95D
:107F40003F9802F021F94A9802F01EF96720359017
:107F500002F01AF94A9802F017F9359802F014F96C
:107F60004A9802F011F987203A9002F00DF94A98E8
:107F700002F00AF93E9802F007F94A9802F004F973
:107F80003D9802F001F94A9802F0FEF83E9802F09E
:107F9000FBF84A9802F0F8F83B9802F0F5F84A9896
:107FA00002F0F2F8409802F0EFF84A9802F0ECF88C
:107FB000369802F0E9F84A9802F0E6F8379802F0AD
:107FC000E3F84A9802F0E0F8389802F0DDF84A98B1
:107FD00002F0DAF8399802F0D7F84A9802F0D4F8AB
:107FE000E820FEF0A1FF4A9802F0CEF84A9802F08D
:107FF000CBF83E9802F0C8F84A9802F0C5F83A98D3
:1080000002F0C2F84A9802F0BFF83C9802F0BCF8BF
:108010004A9802F0B9F83B9802F0B6F84A9802F094
:10802000B3F83F9802F0B0F84A9802F0ADF83C98E7
:1080300002F0AAF84A9802F0A7F8419802F0A4F8D2
:108040004A9802F0A1F83D9802F09EF84A9802F092
:108050009BF83E9802F098F84A9802F095F83F98FD
:1080600002F092F84A9802F08FF84C9802F08CF8DF
:108070004A9802F089F84C9802F086F84A9802F083
:1080800083F8409802F080F84A9802F07DF8409812
:1080900002F07AF84A9802F077F84C9802F074F8F7
:1080A0004A9802F071F8E920FEF03EFF419802F094
:1080B0006BF84A9802F068F84A9802F065F84A9816
:1080C00002F062F84A98FEF02FFF419802F05CF847
:1080D000CF20FEF029FF4A9802F056F84A9802F0A5
:1080E00053F84A9802F050F84A9802F04DF84A982E
:1080F00002F04AF84A9802F047F84A9802F044F829
:108100004A9802F041F84A9802F03EF84A9802F084
:108110003BF84A9802F038F84A9802F035F84A9845
:1081200002F032F84A9802F02FF84A9802F02CF840
:108130004A9802F029F84A9802F026F84298FEF090
:10814000F3FE4A9802F020F8439802F01DF84A988E
:1081500002F01AF84A9802F017F84A9802F014F858
:108160004498FEF0E1FE4A9802F00EF8F920FEF085
:10817000DBFE062002F008F8459802F005F8499861
:1081800002F002F84A9801F0FFFF4698FEF0CCFE9C
:108190004C9801F0F9FF4798FEF0C6FE4898FCF0B5
:1081A0007FFD4998FEF0C0FE3520FEF0BDFE4A98E6
:1081B00001F0EAFF5120FEF0B7FE4B9801F0E4FF1A
:1081C0005320FEF0B1FE4D9801F0DEFF4C98FEF01A
:1081D000ABFE822001F0D8FF4D98FEF0A5FE4EB018
:1081E00080BD00000000000080B5B4B04FF47040C6
:1081F00019905521329101F0D7FF4FF201001A90EA
:10820000AA211B9101F0D0FF4FF202001C905221D5
:108210001D9101F0C9FF4FF203001E9008211F912C
:1082200001F0C2FF4FF2040020900121289101F0DB
:10823000BBFF4FF430400D21009101F0B5FF0099D4
:108240004BF2010001F0B0FF00994BF2020001F087
:10825000ABFF4FF43640239034210D9101F0A4FF81
:108260000D994BF2016001F09FFF0D994BF20260F6
:1082700001F09AFF00994FF43140219001F094FFF2
:1082800000994BF20110229001F08EFF00994BF201
:10829000021001F089FF0D994FF43740249001F04E
:1082A00083FF0D994BF20170259001F07DFF0D9930
:1082B0004BF2027001F078FF4FF43240002131910F
:1082C00001F072FF31994BF2012001F06DFF3199FD
:1082D0004BF2022001F068FF4FF438402790242130
:1082E000029101F061FF02994BF60100299001F023
:1082F0005BFF02994BF602002A9001F055FF289986
:108300004FF43F4001F050FF4FF433400F210191F3
:1083100001F04AFF01994BF2013001F045FF01994C
:108320004BF2023001F040FF0D994FF4394001F05B
:108330003BFF0D994BF6011001F036FF0D994BF6FE
:10834000021001F031FF1F994FF4354001F02CFF6E
:108350001F994BF2015001F027FF1F994BF2025079
:1083600001F022FF4FF4424003212B9101F01CFF4A
:1083700002994FF43A4001F017FF02994BF60120A1
:1083800001F012FF02994BF6022001F00DFF319926
:108390004FF43C402C9001F007FF4BF601402D902C
:1083A0007821339101F000FF31994BF602402E9075
:1083B00001F0FAFE31994FF43D4001F0F5FE33999A
:1083C0004BF6015001F0F0FE31994BF6025001F0EE
:1083D000EBFE31994FF43E4001F0E6FE4BF60160B2
:1083E000642101F0E1FE31994FF4514001F0DCFECF
:1083F0004DF201103321179101F0D6FE31994DF263
:10840000021001F0D1FE0D994DF2031001F0CCFEE7
:1084100031994DF2041001F0C7FE4DF205103A21DA
:10842000039101F0C1FE31994DF2061001F0BCFE3E
:108430004DF207104A21049101F0B6FE31994DF238
:10844000081001F0B1FE4DF209105C21059101F018
:10845000ABFE31994DF20A1001F0A6FE4DF20B1061
:108460008121069101F0A0FE31994DF20C1001F02E
:108470009BFE4DF20D10A621079101F095FE31995A
:108480004DF20E1001F090FE4DF20F10E521089113
:1084900001F08AFE28994DF2101001F085FE4DF290
:1084A00011101321099101F07FFE28994DF212104D
:1084B00001F07AFE4DF2131054210A9101F074FE7E
:1084C00028994DF2141001F06FFE4DF21510822123
:1084D0000B9101F069FE28994DF2161001F064FE2F
:1084E0004DF21710CA210C9101F05EFE4DF21810EA
:1084F00002212F9101F058FE31994DF2191001F02F
:1085000053FE2F994DF21A1001F04EFE28994DF2AC
:108510001B1001F049FE2F994DF21C1001F044FE92
:108520000D994DF21D1001F03FFE2F994DF21E10D6
:1085300001F03AFE4DF21F1067210E9101F034FE5A
:108540002F994DF2201001F02FFE4DF221108421C1
:108550000F9101F029FE2F994DF2221001F024FE17
:108560004DF22310A421109101F01EFE2F994DF21F
:10857000241001F019FE4DF22510B721119101F0E0
:1085800013FE2F994DF2261001F00EFE4DF227102A
:10859000CF21129101F008FE2F994DF2281001F021
:1085A00003FE4DF22910DE21139101F0FDFD2F99FC
:1085B0004DF22A1001F0F8FD4DF22B10F22114912A
:1085C00001F0F2FD2F994DF22C1001F0EDFD4DF26E
:1085D0002D10FE21159101F0E7FD2B994DF22E1083
:1085E00001F0E2FD4DF22F101021169101F0DCFD9B
:1085F0002B994DF2301001F0D7FD17994DF2311043
:1086000001F0D2FD2B994DF2321001F0CDFD4DF26B
:1086100033106D21189101F0C7FD31994FF452408C
:1086200001F0C2FD17994DF2012001F0BDFD319915
:108630004DF2022001F0B8FD0D994DF2032001F03A
:10864000B3FD31994DF2042001F0AEFD03994DF2D6
:10865000052001F0A9FD31994DF2062001F0A4FD9D
:1086600004994DF2072001F09FFD31994DF2082049
:1086700001F09AFD05994DF2092001F095FD31991F
:108680004DF20A2001F090FD06994DF20B2001F009
:108690008BFD31994DF20C2001F086FD07994DF2CA
:1086A0000D2001F081FD31994DF20E2001F07CFD8D
:1086B00008994DF20F2001F077FD28994DF2102016
:1086C00001F072FD09994DF2112001F06DFD28991C
:1086D0004DF2122001F068FD0A994DF2132001F0CD
:1086E00063FD28994DF2142001F05EFD0B994DF2C7
:1086F000152001F059FD28994DF2162001F054FD86
:108700000C994DF2172001F04FFD2F994DF21820D2
:1087100001F04AFD31994DF2192001F045FD2F99E4
:108720004DF21A2001F040FD28994DF21B2001F076
:108730003BFD2F994DF21C2001F036FD0D994DF2B5
:108740001D2001F031FD2F994DF21E2001F02CFD6E
:108750000E994DF21F2001F027FD2F994DF2202098
:1087600001F022FD0F994DF2212001F01DFD2F99FE
:108770004DF2222001F018FD10994DF2232001F056
:1087800013FD2F994DF2242001F00EFD11994DF2A9
:10879000252001F009FD2F994DF2262001F004FD5E
:1087A00012994DF2272001F0FFFC2F994DF228205D
:1087B00001F0FAFC13994DF2292001F0F5FC2F99F4
:1087C0004DF22A2001F0F0FC14994DF22B2001F01B
:1087D000EBFC2F994DF22C2001F0E6FC15994DF29F
:1087E0002D2001F0E1FC2B994DF22E2001F0DCFC54
:1087F00016994DF22F2001F0D7FC2B994DF2302025
:1088000001F0D2FC17994DF2312001F0CDFC2B99EB
:108810004DF2322001F0C8FC18994DF2332001F0DE
:10882000C3FC31994FF4534001F0BEFC17994DF24F
:10883000013001F0B9FC31994DF2023001F0B4FC85
:108840000D994DF2033001F0AFFC31994DF2043037
:1088500001F0AAFC03994DF2053001F0A5FC319915
:108860004DF2063001F0A0FC04994DF2073001F002
:108870009BFC31994DF2083001F096FC05994DF2C0
:10888000093001F091FC31994DF20A3001F08CFC75
:1088900006994DF20B3001F087FC31994DF20C3006
:1088A00001F082FC07994DF20D3001F07DFC319909
:1088B0004DF20E3001F078FC08994DF20F3001F0C6
:1088C00073FC28994DF2103001F06EFC09994DF2BD
:1088D000113001F069FC28994DF2123001F064FC6E
:1088E0000A994DF2133001F05FFC28994DF21430D3
:1088F00001F05AFC0B994DF2153001F055FC289906
:108900004DF2163001F050FC0C994DF2173001F089
:108910004BFC2F994DF2183001F046FC31994DF285
:10892000193001F041FC2F994DF21A3001F03CFC56
:1089300028994DF21B3001F037FC2F994DF21C3075
:1089400001F032FC0D994DF21D3001F02DFC2F99F4
:108950004DF21E3001F028FC0E994DF21F3001F04F
:1089600023FC2F994DF2203001F01EFC0F994DF29F
:10897000213001F019FC2F994DF2223001F014FC46
:1089800010994DF2233001F00FFC2F994DF2243055
:1089900001F00AFC11994DF2253001F005FC2F99E8
:1089A0004DF2263001F000FC12994DF2273001F013
:1089B000FBFB2F994DF2283001F0F6FB13994DF295
:1089C000293001F0F1FB2F994DF22A3001F0ECFB38
:1089D00014994DF22B3001F0E7FB2F994DF22C301A
:1089E00001F0E2FB15994DF22D3001F0DDFB2B99E2
:1089F0004DF22E3001F0D8FB16994DF22F3001F0D8
:108A0000D3FB2B994DF2303001F0CEFB17994DF28C
:108A1000313001F0C9FB2B994DF2323001F0C4FB2B
:108A200018994DF2333001F0BFFB31994FF45440A7
:108A300001F0BAFB17994DF2014001F0B5FB3199F5
:108A40004DF2024001F0B0FB0D994DF2034001F0F0
:108A5000ABFB31994DF2044001F0A6FB03994DF2B6
:108A6000054001F0A1FB31994DF2064001F09CFB5D
:108A700004994DF2074001F097FB31994DF20840FF
:108A800001F092FB05994DF2094001F08DFB3199FF
:108A90004DF20A4001F088FB06994DF20B4001F0BF
:108AA00083FB31994DF20C4001F07EFB07994DF2AA
:108AB0000D4001F079FB31994DF20E4001F074FB4D
:108AC00008994DF20F4001F06FFB28994DF21040CC
:108AD00001F06AFB09994DF2114001F065FB2899FC
:108AE0004DF2124001F060FB0A994DF2134001F083
:108AF0005BFB28994DF2144001F056FB0B994DF2A7
:108B0000154001F051FB28994DF2164001F04CFB45
:108B10000C994DF2174001F047FB2F994DF2184088
:108B200001F042FB31994DF2194001F03DFB2F99C4
:108B30004DF21A4001F038FB28994DF21B4001F02C
:108B400033FB2F994DF21C4001F02EFB0D994DF295
:108B50001D4001F029FB2F994DF21E4001F024FB2E
:108B60000E994DF21F4001F01FFB2F994DF220404E
:108B700001F01AFB0F994DF2214001F015FB2F99DE
:108B80004DF2224001F010FB10994DF2234001F00C
:108B90000BFB2F994DF2244001F006FB11994DF289
:108BA000254001F001FB2F994DF2264001F0FCFA1F
:108BB00012994DF2274001F0F7FA2F994DF2284013
:108BC00001F0F2FA13994DF2294001F0EDFA2F99D4
:108BD0004DF22A4001F0E8FA14994DF22B4001F0D1
:108BE000E3FA2F994DF22C4001F0DEFA15994DF27F
:108BF0002D4001F0D9FA2B994DF22E4001F0D4FA14
:108C000016994DF22F4001F0CFFA2B994DF23040DA
:108C100001F0CAFA17994DF2314001F0C5FA2B99CB
:108C20004DF2324001F0C0FA18994DF2334001F094
:108C3000BBFA31994FF4554001F0B6FA17994DF24D
:108C4000015001F0B1FA31994DF2025001F0ACFA45
:108C50000D994DF2035001F0A7FA31994DF20450ED
:108C600001F0A2FA03994DF2055001F09DFA3199F5
:108C70004DF2065001F098FA04994DF2075001F0B8
:108C800093FA31994DF2085001F08EFA05994DF2A0
:108C9000095001F089FA31994DF20A5001F084FA35
:108CA00006994DF20B5001F07FFA31994DF20C50BC
:108CB00001F07AFA07994DF20D5001F075FA3199E9
:108CC0004DF20E5001F070FA08994DF20F5001F07C
:108CD0006BFA28994DF2105001F066FA09994DF29D
:108CE000115001F061FA28994DF2125001F05CFA2E
:108CF0000A994DF2135001F057FA28994DF2145089
:108D000001F052FA0B994DF2155001F04DFA2899E5
:108D10004DF2165001F048FA0C994DF2175001F03F
:108D200043FA2F994DF2185001F03EFA31994DF265
:108D3000195001F039FA2F994DF21A5001F034FA16
:108D400028994DF21B5001F02FFA2F994DF21C502B
:108D500001F02AFA0D994DF21D5001F025FA2F99D4
:108D60004DF21E5001F020FA0E994DF21F5001F005
:108D70001BFA2F994DF2205001F016FA0F994DF27F
:108D8000215001F011FA2F994DF2225001F00CFA06
:108D900010994DF2235001F007FA2F994DF224500B
:108DA00001F002FA11994DF2255001F0FDF92F99C9
:108DB0004DF2265001F0F8F912994DF2275001F0CA
:108DC000F3F92F994DF2285001F0EEF913994DF275
:108DD000295001F0E9F92F994DF22A5001F0E4F9F8
:108DE00014994DF22B5001F0DFF92F994DF22C50D0
:108DF00001F0DAF915994DF22D5001F0D5F92B99C2
:108E00004DF22E5001F0D0F916994DF22F5001F08D
:108E1000CBF92B994DF2305001F0C6F917994DF26C
:108E2000315001F0C1F92B994DF2325001F0BCF9EB
:108E300018994DF2335001F0B7F931994FF456407B
:108E400001F0B2F917994DF2016001F0ADF93199D5
:108E50004DF2026001F0A8F90D994DF2036001F0A6
:108E6000A3F931994DF2046001F09EF903994DF296
:108E7000056001F099F931994DF2066001F094F91D
:108E800004994DF2076001F08FF931994DF20860B5
:108E900001F08AF905994DF2096001F085F93199DF
:108EA0004DF20A6001F080F906994DF20B6001F075
:108EB0007BF931994DF20C6001F076F907994DF28A
:108EC0000D6001F071F931994DF20E6001F06CF90D
:108ED00008994DF20F6001F067F928994DF2106082
:108EE00001F062F909994DF2116001F05DF92899DC
:108EF0004DF2126001F058F90A994DF2136001F039
:108F000053F928994DF2146001F04EF90B994DF286
:108F1000156001F049F928994DF2166001F044F905
:108F20000C994DF2176001F03FF92F994DF218603E
:108F300001F03AF931994DF2196001F035F92F99A4
:108F40004DF21A6001F030F928994DF21B6001F0E2
:108F50002BF92F994DF21C6001F026F90D994DF275
:108F60001D6001F021F92F994DF21E6001F01CF9EE
:108F70000E994DF21F6001F017F92F994DF2206004
:108F800001F012F90F994DF2216001F00DF92F99BE
:108F90004DF2226001F008F910994DF2236001F0C2
:108FA00003F92F994DF2246001F0FEF811994DF26A
:108FB000256001F0F9F82F994DF2266001F0F4F8E0
:108FC00012994DF2276001F0EFF82F994DF22860C9
:108FD00001F0EAF813994DF2296001F0E5F82F99B4
:108FE0004DF22A6001F0E0F814994DF22B6001F087
:108FF000DBF82F994DF22C6001F0D6F815994DF25F
:109000002D6001F0D1F82B994DF22E6001F0CCF8D3
:1090100016994DF22F6001F0C7F82B994DF2306090
:1090200001F0C2F817994DF2316001F0BDF82B99AB
:109030004DF2326001F0B8F818994DF2336001F04A
:10904000B3F81998329901F0AFF81A981B9901F00A
:10905000ABF81C981D9901F0A7F81E981F9901F014
:10906000A3F82098319901F09FF82198CC2101F0C4
:109070009BF82298319901F097F82398052101F087
:1090800093F824987021269101F08EF8259826995E
:1090900001F08AF82798289901F086F829982B99E9
:1090A00001F082F82A982B9901F07EF82B994BF663
:1090B000030001F079F82C982F9901F075F82D989C
:1090C000319901F071F82E98319901F06DF84FF453
:1090D0004940D02101F068F82F994CF6011001F0B9
:1090E00063F84CF602105021309101F05DF8309990
:1090F0004CF6031001F058F830994CF6041001F0CA
:1091000053F831994FF4545001F04EF832994FF41E
:10911000685001F049F84FF48850FDF005FF33988E
:10912000FBF766FF4FF42450FDF0FEFE34B080BD27
:1091300080B58CB01120FDF0F7FE7820FBF0B0FD7B
:109140003620FDF0F1FE00200A9001F01DF83A20D3
:10915000FDF0EAFE052001F017F8B220FDF0E4FE74
:109160000C20019001F010F8019801F00DF80A9818
:1091700001F00AF83320009001F006F8009801F0A1
:1091800003F8B720FDF0D0FE352000F0FDFFBB2036
:10919000FDF0CAFE3220029000F0F6FFC020FDF084
:1091A000C3FE019800F0F0FFC220FDF0BDFE0120DB
:1091B0000B9000F0E9FFC320FDF0B6FE102000F098
:1091C000E3FFC420FDF0B0FE202000F0DDFFC6204C
:1091D000FDF0AAFE0F2000F0D7FFD0200390FDF095
:1091E000A3FEA42000F0D0FFA12000F0CDFFE020DE
:1091F000FDF09AFE039800F0C7FF0A9800F0C4FF44
:109200000220049000F0C0FF0720059000F0BCFF92
:109210000A20069000F0B8FF2820079000F0B4FF65
:10922000029800F0B1FF442000F0AEFF422000F0B1
:10923000ABFF062000F0A8FF0E20089000F0A4FF6E
:10924000122000F0A1FF142000F09EFF17200990CB
:1092500000F09AFFE120FDF067FE039800F094FF14
:109260000A9800F091FF049800F08EFF059800F036
:109270008BFF069800F088FF079800F085FF3120EB
:1092800000F082FF542000F07FFF472000F07CFFB9
:10929000089800F079FF1C2000F076FF099800F094
:1092A00073FF1B2000F070FF1E2000F06DFF2A20CE
:1092B000FDF03AFE0A9800F067FF0A9800F064FF9C
:1092C0000A9800F061FFEF2000F05EFF2B20FDF018
:1092D0002BFE0A9800F058FF0A9800F055FF0B98F3
:1092E00000F052FF3F2000F04FFF2920FDF01CFE50
:1092F0000CB080BD0000000080B586B0DDF820C055
:10930000ADF81600ADF81410ADF81220ADF810301D
:109310000020ADF80A0045F63830C2F2004000687F
:1093200080B1FFE7BDF81600BDF81410BDF812209B
:10933000BDF81030DDF820C0EE46CEF800C0FDF0DC
:1093400077FF3AE0BDF81200BDF81610401A013060
:10935000ADF80A00BDF81400ADF80E00FFE7BDF847
:109360000E00BDF81010884226DCFFE7BDF816009D
:10937000BDF80E1000F054FDFDF0E6FD0020ADF844
:109380000C00FFE7BDF80C00BDF80A1088420CDAAB
:10939000FFE708980021C6F208010880FFE7BDF842
:1093A0000C000130ADF80C00ECE7FFE7BDF80E0053
:1093B0000130ADF80E00D2E7FFE706B080BD000037
:1093C00080B59CB0FEF0CCFA014645F62830C2F2DA
:1093D00000408180808818B1FFE7FEF001F843E289
:1093E000FFE744F2E041C5F60201086840F00800DA
:1093F0000860FFE7FFE744F2E041C5F602010868B4
:1094000040F008000860FFE7FFE744F2E041C5F6DE
:109410000201086840F008000860FFE7FFE744F237
:10942000E041C5F60201086840F008000860FFE767
:10943000FFE744F2E041C5F60201086840F002008F
:109440000860FFE744F2E041C5F60201086840F019
:109450001800086044F2D441C5F60201086840F4DF
:1094600080500860694601201190486003201290E6
:10947000086040F60040C5F60200149080210D916E
:109480000222139200231993FFF0A6FB1299139A5C
:109490001498199BDDF844E0EC46CCF804E0CCF8D5
:1094A000001020210E91FFF097FB1299139A149847
:1094B000199BDDF844E0EC46CCF804E0CCF8001051
:1094C00010210F91FFF088FB1299139A1498199BA1
:1094D000DDF844E0EC46CCF804E0CCF800104FF4A2
:1094E00000511091FFF078FB0E99119A1298199B78
:1094F000EC46CCF80420CCF8000040F20040C5F661
:109500000200FFF069FB0D9914980C221892FFF0ED
:10951000E7FA0E991498189AFFF0E2FA0F99149846
:10952000189AFFF0DDFA10991498189AFFF0D8FAFB
:109530001299139A1498199BDDF844E0EC46CCF884
:1095400004E0CCF800104CF203711591FFF044FBDD
:10955000DDF844C01298139A199B6946C1F804C0FB
:10956000086041F20000C5F6020016904FF68071C7
:109570001791FFF031FB14981599189AFFF0B0FA83
:1095800016981799189AFFF0ABFA199844F200014F
:10959000C5F200211A91086044F20403C5F20023C9
:1095A000186044F20412C5F200221060086840F40A
:1095B00080500860086840F480400860086840F007
:1095C0001000086018681860186840F00F001860F4
:1095D000186840F49C40186010681060106840F0F3
:1095E0000F001060106840F470601060086840F070
:1095F00001000860086840F0004008604FF6FF7006
:10960000C0F20F0000F050FAD320FDF08DFCFDF009
:109610003FFB45F62831C2F200411B918880FDF0E6
:1096200037FB1B998880FDF033FB1B998880888865
:1096300000028880FDF02CFB02461B9881881143B4
:109640008180808849F24131884200F00C81FFE737
:109650000420FDF069FCFDF01BFB45F62831C2F249
:1096600000410C918880FDF013FB0C998880FDF07F
:109670000FFB0C998880888800028880FDF008FB29
:1096800002460C98818811438180808848F25251AB
:10969000884208D1FFE745F62831C2F2004147F27F
:1096A00089708880FFE745F62830C2F20040808844
:1096B00047F28971884200F0D580FFE7D420FDF0A1
:1096C00033FCFDF0E5FA45F62831C2F200410B917A
:1096D0008880FDF0DDFA0B998880FDF0D9FA0B99AE
:1096E0008880888800028880FDF0D2FA02460B98B4
:1096F000818811438180808845F21031884200F0D2
:10970000B080FFE7D320FDF00FFCFDF0C1FA45F675
:109710002831C2F200410A918880FDF0B9FA0A9915
:109720008880FDF0B5FA0A998880888800028880D0
:10973000FDF0AEFA02460A98818811438180808844
:1097400047F29671884200F08B80FFE74FF470403B
:10975000552100F029FD4FF20100AA2100F024FD5F
:109760004FF20200522100F01FFD4FF203000821CA
:1097700000F01AFD4FF20400012100F015FD4FF436
:109780004540FDF0D1FBFDF083FA45F62831C2F2E9
:109790000041099188808888000288804CF201503D
:1097A000FDF0C2FBFDF074FA099902468888104367
:1097B00088800520FBF074FA0998808845F21051E2
:1097C00088424CD0FFE7D320FDF0AEFBFDF060FAFD
:1097D00045F62831C2F2004108918880FDF058FA20
:1097E00008998880FDF054FA0899888088880002DA
:1097F0008880FDF04DFA02460898818811438180E7
:10980000808849F60601884228D0FFE7A120FDF0B4
:109810008BFBFDF03DFA45F62831C2F2004107917D
:109820008880FDF035FA0799888088880002888052
:10983000FDF02EFA024607988188114381808088C6
:1098400045F26171884208D1FFE745F62831C2F23E
:10985000004141F663108880FFE7FFE7FFE7FFE77D
:10986000FFE7FFE7FFE7FFE745F62830C2F20040D9
:10987000069081884DF62470C0F61000F6F7DAFDE8
:109880000698808847F28971884203D1FFE7FFF785
:109890004FFC56E045F62830C2F20040808849F27D
:1098A0004131884203D1FFE7FDF7AEFB48E045F6C2
:1098B0002830C2F20040808845F21031884203D13E
:1098C000FFE7FDF7C5FC3AE045F62830C2F200405C
:1098D000808847F29671884203D1FFE7FDF048F88F
:1098E0002CE045F62830C2F20040808845F2105145
:1098F000884203D1FFE7FEF777FC1EE045F62830EB
:10990000C2F20040808849F60601884203D1FFE791
:10991000FCF0B2FD10E045F62830C2F2004080882D
:1099200041F66311884206D1FFE7FCF05DFF642039
:10993000FDF0CAFAFFE7FFE7FFE7FFE7FFE7FFE712
:10994000FFE745F62830C2F20040808847F289716F
:10995000884216D1FFE744F20411C5F200210591B7
:10996000086820F00F000860086820F47060086044
:10997000086840F005000860086840F4A0600860CE
:1099800080E045F62830C2F20040808841F663113D
:10999000884216D1FFE744F20411C5F20021049178
:1099A000086820F00F000860086820F47060086004
:1099B000086840F007000860086840F4E06008604C
:1099C0005FE045F62830C2F20040808845F2105131
:1099D00088420AD0FFE745F62830C2F2004080886E
:1099E00049F60601884216D1FFE744F20411C5F298
:1099F00000210391086820F00F000860086820F437
:109A000070600860086840F002000860086840F470
:109A10000070086034E045F62830C2F200408088CB
:109A200045F21031884214D0FFE745F62830C2F2E3
:109A30000040808847F2967188420AD0FFE745F6D9
:109A40002830C2F20040808849F24131884216D164
:109A5000FFE744F20411C5F200210291086820F0EA
:109A60000F000860086820F470600860086840F023
:109A700003000860086840F440700860FFE7FFE7F3
:109A8000FFE7FFE70020FDF7EFF840F20040C5F6E2
:109A9000020020210122FFF083F84FF6FF70FCF056
:109AA0006BFB1CB080BD000081B00090FFE7009808
:109AB000411E009108B1FFE7F9E701B070470000CF
:109AC00080B588B08DF81F000020ADF81C00ADF8FF
:109AD0001A0045F62830C2F20040807901280AD1E8
:109AE000FFE745F62830C2F20040808841F6631156
:109AF000884212D1FFE745F62830C2F20040807953
:109B0000002838D1FFE745F62830C2F200408088AF
:109B100041F6631188422ED1FFE79DF81F000146F0
:109B20000591072826D80599DFE801F004080C10F4
:109B300014181C2006208DF81F001BE007208DF84C
:109B40001F0017E004208DF81F0013E005208DF89A
:109B50001F000FE001208DF81F000BE000208DF8A2
:109B60001F0007E003208DF81F0003E002208DF89E
:109B70001F00FFE7FFE79DF81F000146049107283B
:109B800038D80499DFE801F004050C131A21282FB6
:109B900030E0BDF81C0040F08000ADF81C0029E06A
:109BA000BDF81C0040F04000ADF81C0022E0BDF8FC
:109BB0001C0040F0C000ADF81C001BE0BDF81C000C
:109BC00040F02000ADF81C0014E0BDF81C0040F08F
:109BD0006000ADF81C000DE0BDF81C0040F0A000D6
:109BE000ADF81C0006E0BDF81C0040F0E000ADF848
:109BF0001C00FFE73620ADF81A0045F62830C2F207
:109C00000040808845F21051884205D1FFE74FF4AB
:109C10005850ADF81A00FFE745F62830C2F2004070
:109C2000808849F24131884214D0FFE745F6283058
:109C3000C2F20040808847F2897188420AD0FFE76B
:109C400045F62830C2F20040808847F2967188427B
:109C500007D1FFE7BDF81C0040F00800ADF81C007C
:109C6000FFE7BDF81A00BDF81C1000F09DFA45F69C
:109C70002830C2F20040808841F66311884235D016
:109C8000FFE7BDF81C008006002817D5FFE745F662
:109C90002831C2F200410888498888420DDAFFE77E
:109CA00045F62831C2F200410888ADF8180048880E
:109CB0000880BDF818004880FFE716E045F6283117
:109CC000C2F200410888498888420DDDFFE745F669
:109CD0002831C2F200410888ADF818004888088091
:109CE000BDF818004880FFE7FFE7FFE745F628309A
:109CF000C2F20040808845F21051884258D1FFE7F7
:109D000045F62830C2F2004003904089FDF00CF97E
:109D10000020029000F038FA03984089013080B2A8
:109D2000FDF002F9029800F02FFA03984089023002
:109D300080B2FDF0F9F8039800880138C0F30F20D5
:109D400000F022FA03984089033080B2FDF0ECF86D
:109D5000039800880138C0B200F016FA0398808991
:109D6000FDF0E2F8029800F00FFA039880890130C4
:109D700080B2FDF0D9F8029800F006FA03988089C5
:109D8000023080B2FDF0D0F8039840880138C0F36B
:109D90000F2000F0F9F903988089033080B2FDF0BC
:109DA000C3F8039840880138C0B200F0EDF933E001
:109DB00045F62830C2F2004001904089FDF0B4F829
:109DC0000020009000F0E0F9009800F0DDF9019823
:109DD00000880138C0F30F2000F0D6F90198008800
:109DE0000138C0B200F0D0F901988089FDF09CF8EC
:109DF000009800F0C9F9009800F0C6F90198408871
:109E00000138C0F30F2000F0BFF9019840880138F5
:109E1000C0B200F0B9F9FFE708B080BD0000000053
:109E200080B586B0ADF81600ADF8141045F62830B0
:109E3000C2F20040808841F66311884261D1FFE799
:109E400045F62830C2F200408079F0B9FFE745F6C8
:109E50002830C2F200400288BDF81610C9431144F0
:109E6000ADF816104089FDF05FF80020049000F076
:109E70008BF9049800F088F99DF8170000F084F938
:109E80009DF8160000F080F91DE045F62830C2F27A
:109E9000004003904089FDF047F89DF8170000F05E
:109EA00073F99DF8160000F06FF9039800880138E7
:109EB000C0F30F2000F068F9039800880138C0B2A1
:109EC00000F062F9FFE745F62830C2F20040029048
:109ED0008089FDF029F89DF8150000F055F99DF8EE
:109EE000140000F051F9029840880138C0F30F20A7
:109EF00000F04AF9029840880138C0B200F044F9F5
:109F000050E045F62830C2F20040808845F21051FA
:109F1000884229D1FFE745F62830C2F2004001907F
:109F20004089FDF001F89DF8170000F02DF9019827
:109F30004089013080B2FCF0F7FF9DF8160000F078
:109F400023F901988089FCF0EFFF9DF8150000F0DF
:109F50001BF901988089013080B2FCF0E5FF9DF883
:109F6000140000F011F91CE045F62830C2F2004060
:109F700000904089FCF0D8FF9DF8170000F004F92C
:109F80009DF8160000F000F900988089FCF0CCFFE5
:109F90009DF8150000F0F8F89DF8140000F0F4F8B2
:109FA000FFE7FFE706B080BD10B588B08C46864657
:109FB0000B980A99ADF81EE0ADF81CC08DF81B2077
:109FC0008DF81A308DF81910ADF81600BDF81C0088
:109FD000ADF8100000208DF80F0002909DF81A10C7
:109FE000C808012202EBD1024B07002B18BF104614
:109FF000490848438DF80F009DF81B0020388DF864
:10A000001B009DF81A000C3801460191142839D81C
:10A010000199DFE801F00B37373717373737373714
:10A02000373721373737373737372D009DF81B0043
:10A0300000EB40014AF2C370C0F6100000EB810053
:10A04000029020E09DF81B104AF63740C0F6100041
:10A0500000EB0110029016E09DF81B0000EBC00120
:10A060004BF22720C0F6100000EB810002900AE0BE
:10A070009DF81B104BF68370C0F6100000EB8110AA
:10A08000029000E07BE000208DF81300FFE79DF8D0
:10A0900013009DF80F10884271DAFFE702989DF8CF
:10A0A0001310405C8DF8150000208DF81400FFE7B8
:10A0B0009DF8140007285BDCFFE79DF815000006FB
:10A0C000002809D5FFE7BDF81E00BDF81C10BDF83B
:10A0D0001620FCF061F910E09DF8190060B9FFE767
:10A0E000BDF81E00BDF81C1040F20402C2F200428E
:10A0F0001268FCF051F9FFE7FFE79DF815004000FA
:10A100008DF81500BDF81C000130ADF81C00BDF83D
:10A110001C0045F62831C2F200414988884201DB23
:10A12000FFE72CE0BDF81C00BDF81010401A9DF8A8
:10A130001A10884215D1FFE7BDF81000ADF81C00D9
:10A14000BDF81E000130ADF81E00BDF81E0045F63A
:10A150002831C2F200410988884201DBFFE70EE0A6
:10A1600006E0FFE79DF8140001308DF814009FE72A
:10A17000FFE79DF8130001308DF8130087E708B062
:10A1800010BD00000000000081B0ADF80200BDF875
:10A190000200ADF80200BDF802000021C6F208017D
:10A1A000088001B07047000081B0ADF80200ADF842
:10A1B0000010BDF802004FF6FE71C6F207010880DC
:10A1C000BDF800000021C6F20801088001B0704708
:10A1D00082B0019001984078ADF80200BDF80210FD
:10A1E0000198007840EA0120ADF80200BDF80200B5
:10A1F00002B070470000000080B582B0019045F6C3
:10A200003830C2F20040C18A0139008B0138019A0E
:10A210006B461A608AB283B200210846FDF008F846
:10A2200002B080BD0000000081B08DF803009DF8F1
:10A23000030045F63831C2F2004148759DF803002D
:10A2400048B9FFE745F63831C2F200414868C88294
:10A25000086808830EE09DF80300012809D1FFE794
:10A2600045F63831C2F200410868C8824868088360
:10A27000FFE7FFE701B07047B0B584B094468E4663
:10A2800004460B980A980999089A8DF80F40CDF862
:10A2900008E08DF807C08DF806308DF805208DF8A0
:10A2A00004108DF803009DF80F0050BBFFE70298E3
:10A2B00041F2AC01C5F2000108609DF8070041F2CF
:10A2C0009401C5F2000108609DF8060041F2980172
:10A2D000C5F2000108609DF805100B9840EA016086
:10A2E00041F29C01C5F2000108609DF804109DF840
:10A2F000030040EA012041F2A001C5F2000108601C
:10A3000029E0029841F22C11C5F2000108609DF885
:10A31000070041F21411C5F2000108609DF8060023
:10A3200041F21811C5F2000108609DF805100B9864
:10A3300040EA016041F21C11C5F2000108609DF87D
:10A3400004109DF8030040EA012041F22011C5F2FB
:10A3500000010860FFE704B0B0BD0000000000008D
:10A3600080B586B0844608988DF817C0ADF81410F3
:10A37000ADF81220ADF81030ADF80E0000208DF8C9
:10A3800007009DF81700002877D1FFE7BDF81400FB
:10A39000BDF81010084441F20C01C5F200010A6832
:10A3A0000023C0F6FF731A4000EB12400004029035
:10A3B000BDF814000A681A4000EB12400130029AFE
:10A3C000104341F28802C5F200021060BDF812008D
:10A3D000BDF80E2010440A686FF3DF221044000419
:10A3E0000290BDF8120009686FF3DF2108440130C4
:10A3F0000299084341F28C01C5F20001086041F264
:10A400009400C5F20000006800F007008DF8070016
:10A410009DF8070018B9FFE70420029019E09DF8A5
:10A420000700012803D1FFE70320029010E09DF808
:10A430000700052805D0FFE79DF80700062803D18F
:10A44000FFE70120029002E002200290FFE7FFE711
:10A45000FFE7BDF8100002994143C81C40EA0140E3
:10A4600041F2B001C5F200010860BDF80E0041F2F2
:10A47000B401C5F20001086076E0BDF81400BDF833
:10A480001010084441F20C01C5F200010A680023D3
:10A49000C0F6FF731A4000EB124000040290BDF8B2
:10A4A00014000A681A4000EB12400130029A10436F
:10A4B00041F20812C5F200021060BDF81200BDF8AA
:10A4C0000E2010440A686FF3DF221044000402904B
:10A4D000BDF8120009686FF3DF21084401300299CA
:10A4E000084341F20C11C5F20001086041F214105A
:10A4F000C5F20000006800F007008DF807009DF825
:10A50000070018B9FFE70420029019E09DF8070042
:10A51000012803D1FFE70320029010E09DF8070017
:10A52000052805D0FFE79DF80700062803D1FFE7BF
:10A530000120029002E002200290FFE7FFE7FFE720
:10A54000BDF8100002994143C81C40EA014041F2A5
:10A550003011C5F200010860BDF80E0041F234115F
:10A56000C5F200010860FFE79DF817000121FDF02A
:10A57000B3F906B080BD000082B0ADF80200ADF8BE
:10A58000001045F63830C2F20040407DB8B1FFE718
:10A5900045F63832C2F20042117D45F2D070C2F267
:10A5A000004050F82100D1691268BDF80030BDF8B4
:10A5B00002C002FB03C25143405A01901AE045F623
:10A5C0003833C2F20043197D45F2D070C2F2004028
:10A5D00050F82100D9691A68D3F804C0BDF80230D8
:10A5E000DB436344BDF800C002FB03C25143405A41
:10A5F0000190FFE7019802B07047000000000000E2
:10A6000081B08DF803009DF8030045F63831C2F2A1
:10A610000041087501B0704780B584B00390029185
:10A6200000208DF8070002980399C96A88421ED05D
:10A63000FFE7039801F030F88DF807009DF8070058
:10A64000A0B9FFE7039948783031029A0123FAF064
:10A6500013FC38B1FFE74FF0FF30029001208DF876
:10A660000700FFE702980399C862FFE7FFE79DF83C
:10A67000070004B080BD000082B0019000208DF87A
:10A680000300FFE70198012809D0FFE7019840087F
:10A6900001909DF8030001308DF80300F2E79DF86A
:10A6A000030002B07047000080B588B007900691A3
:10A6B00045F62C50C2F202400068049045F6643022
:10A6C000C2F200400068039045F66C30C2F20040D0
:10A6D0000068029045F65C30C2F200400068043029
:10A6E000FEF006FF88B9FFE745F65C30C2F2004095
:10A6F0000068C16A012000FA01F245F63041C2F259
:10A70000024108689043086000E0FFE707980130C5
:10A7100028BBFFE7069810B3FFE7FFE745F60451B3
:10A72000C2F2024148680190019A45F65C30C2F2DB
:10A73000004003689A60019A92680368DA600268D0
:10A740000432019B9B685A6002680432019B9A6044
:10A7500000684161086801300860FFE735E004984F
:10A76000079908440590059845F65C31C2F200410E
:10A77000096848600598049988420AD2FFE7029860
:10A7800045F65C31C2F200410968043101F0DCFF9A
:10A790001AE0039845F65C31C2F2004109680431C1
:10A7A00001F0D2FF059845F69041C2F202410968D6
:10A7B000884207D2FFE7059845F69041C2F2024170
:10A7C000086000E0FFE7FFE7FFE708B080BD00009A
:10A7D00080B582B0019001F0EFFF45F62041C2F252
:10A7E000024108680130086045F65C30C2F2004062
:10A7F000006898B9FFE7019845F65C31C2F2004164
:10A80000086045F62040C2F202400068012803D1EA
:10A81000FFE7FDF031FC00E0FFE71CE045F6F84003
:10A82000C2F202400068A0B9FFE745F65C30C2F210
:10A8300000400068C06A0199C96A884207D8FFE7EA
:10A84000019845F65C31C2F20041086000E0FFE784
:10A8500000E0FFE7FFE745F62C40C2F20240016846
:10A8600001310160006801994864FFE70198C16AFD
:10A87000012000FA01F245F63041C2F202410868B7
:10A8800010430860FFE70198C06A00EB800045F6BE
:10A890007431C2F2004101EB8000406800900098E2
:10A8A000019A906000988068019AD0600198043005
:10A8B000009A9268506001980430009A9060019A62
:10A8C000D06A00EB800001EB800050610198C06A03
:10A8D00000EB800251F82200013041F82200FFE72E
:10A8E000FFE701F09DFF45F6F840C2F20240006824
:10A8F000D8B1FFE7FFE745F65C30C2F200400068E0
:10A90000C06A0199C96A88420CD2FFE74EF6045129
:10A91000CEF200014FF080500860BFF34F8FBFF3BD
:10A920006F8F00E0FFE7FFE700E0FFE702B080BDC8
:10A9300080B582B001F040FF45F63050C2F20240CF
:10A940000068B0BBFFE745F63440C2F20240009019
:10A95000FEF042FE45F64840C2F202400190FEF091
:10A960003BFE0099019845F66032C2F20042116048
:10A9700045F67031C2F2004108600A200C21002225
:10A9800002F076F8014645F63050C2F2024001600E
:10A99000006860B1FFE745F63050C2F2024000683F
:10A9A0004DF65C71C0F61001FEF0CEFE00E0FFE750
:10A9B00000E0FFE701F034FF02B080BD00000000BE
:10A9C00080B582B0FFE745F62440C2F2024000683D
:10A9D00008B3FFE701F0F0FE45F61850C2F202405E
:10A9E000C068C068019001980430FEF081FD45F612
:10A9F0002041C2F2024108680138086045F624414E
:10AA0000C2F2024108680138086001F009FF0198AC
:10AA1000FDF0B2FAD7E702B080BD000000000000F0
:10AA200070B58AB0DDF83CC0DDF838C009900891F7
:10AA3000079206930798800000F072FC0490049837
:10AA4000A0B1FFE75C2000F06BFC0590059840B1D9
:10AA5000FFE705985C21F5F038FB04980599086339
:10AA600003E00498FEF0DCFDFFE702E00020059023
:10AA7000FFE70598A8B1FFE709980899079A069B90
:10AA8000DDF838C00F9C059DEE460026CEF80C6020
:10AA9000CEF80850CEF80440CEF800C000F04CF8D4
:10AAA000FFE705980AB070BD82B0019045F66030AE
:10AAB000C2F2004000680068B0FA80F040090199D5
:10AAC00008600198006848B9FFE745F66030C2F2B7
:10AAD00000400068C0680068009002E0002000901C
:10AAE000FFE7009802B0704780B584B0DDF818C069
:10AAF0000390029101928DF80330029818B9FFE794
:10AB00000698006003E0019806990860FFE7039843
:10AB10000699C8630298069908640698012101F015
:10AB2000FBFF9DF80300069981F85000069900206C
:10AB3000886404B080BD000080B58AB0DDF83CC0F8
:10AB4000DDF838C0DDF834C0DDF830C0069005917E
:10AB5000049203930E98006B04998900A522F5F7DF
:10AB600005FD0E98006B049900EB810004380290FB
:10AB7000029820F007000290FFE79DF808004007C8
:10AB800068B1FFE74FF0500072B680F31188BFF351
:10AB90006F8FBFF34F8F62B60990FFE7FEE7FFE7C5
:10ABA0000598F8B1FFE700200190FFE701980F2812
:10ABB00013D8FFE70598019A805C0E99114481F83B
:10ABC000340005980199405C08B9FFE705E0FFE70C
:10ABD000FFE7019801300190E8E70E99002081F825
:10ABE000430000E0FFE7FFE70C9808280DD3FFE7DC
:10ABF0004FF0500072B680F31188BFF36F8FBFF330
:10AC00004F8F62B60890FFE7FEE7FFE70C98082831
:10AC100003D3FFE707200C9000E0FFE70C980E99A4
:10AC2000C8620C980E99C8640E98043001F084FD37
:10AC30000E98183001F080FD0E9800610C98C0F15C
:10AC400008000E9988610E98406202980699039A4E
:10AC5000FDF012FC0E990860FFE702980E99096852
:10AC6000411A0498B0EBA10F0DD8FFE74FF0500048
:10AC700072B680F31188BFF36F8FBFF34F8F62B648
:10AC80000790FFE7FEE7FFE70D9820B1FFE70E987A
:10AC90000D99086000E0FFE70AB080BD00000000E9
:10ACA00085B0039045F6FC40C2F202400290FFE7F7
:10ACB000029800680399884205D2FFE7FFE70298EF
:10ACC00000680290F4E7029845F6FC41C2F20241A6
:10ACD00088422ED0FFE7FFE70299002045F6184290
:10ACE000C2F200429142009010D3FFE7029945F66C
:10ACF0001840C2F200404FF6FF72C0F20102024457
:10AD00000020914298BF01200090FFE70098C00703
:10AD100068B9FFE74FF0500072B680F31188BFF3B7
:10AD20006F8FBFF34F8F62B60490FFE7FEE7FFE738
:10AD3000FFE7029801900198029949680844039935
:10AD4000884209D1FFE70398426802994868104495
:10AD500048600298039000E0FFE703980190019893
:10AD600003994968084402990968884220D1FFE79D
:10AD70000298006845F66831C2F2004109688842CD
:10AD80000DD0FFE7029800684268039948681044B4
:10AD900048600298006800680399086007E045F67B
:10ADA0006830C2F20040006803990860FFE704E0E1
:10ADB0000298006803990860FFE7029803998842A7
:10ADC00004D0FFE703980299086000E0FFE705B0B0
:10ADD000704700000000000080B586B00590049127
:10ADE0000392029300200190049805994860059809
:10ADF000006104980399884216D8FFE703980299E6
:10AE0000401A05998969884203D3FFE70120019020
:10AE100009E045F67030C2F200400068059904313F
:10AE200001F092FCFFE717E003980299884208D2EC
:10AE3000FFE704980299884203D3FFE701200190BD
:10AE400009E045F66030C2F200400068059904311F
:10AE500001F07AFCFFE7FFE7019806B080BD000033
:10AE600080B582B0019001F0A7FC0198806B18B901
:10AE7000FFE70120009002E000200090FFE701F0D2
:10AE8000CFFC009802B080BD80B582B0019001F087
:10AE900093FC0198806B0199C96B884203D1FFE74D
:10AEA0000120009002E000200090FFE701F0B8FCD4
:10AEB000009802B080BD000080B588B0049004986E
:10AEC000806C039000200290FFE7039868B9FFE7C9
:10AED0004FF0500072B680F31188BFF36F8FBFF34D
:10AEE0004F8F62B60790FFE7FEE7FFE7FFE70398A3
:10AEF000806B0399C96B88420DD3FFE74FF0500078
:10AF000072B680F31188BFF36F8FBFF34F8F62B6B5
:10AF10000690FFE7FEE7FFE70398806B0399C96B94
:10AF2000884249D2FFE7039890F845008DF8070062
:10AF3000039804A90022FCF063FF02909DF907002A
:10AF4000013088B9FFE70398406A58B1FFE70398DA
:10AF5000243002F0F5F818B1FFE70120029000E07C
:10AF6000FFE700E0FFE726E0FFE701F0DDFB0090F0
:10AF70009DF90700009988421BD2FFE7FFE79DF982
:10AF800007007F280DD1FFE74FF0500072B680F325
:10AF90001188BFF36F8FBFF34F8F62B60590FFE745
:10AFA000FEE7FFE79DF807000130039981F84500AF
:10AFB000FFE7FFE7FFE700E0FFE7029808B080BD8A
:10AFC00080B584B00390029145F66030C2F2004033
:10AFD0000068C068C068019001980430FEF088FAEB
:10AFE000019890F828004007002806D5FFE701984F
:10AFF0000399029A00F010F807E0019991F82800EF
:10B0000000F0FE0081F82800FFE70198016A8847F8
:10B0100004B080BD0000000080B584B003900291B0
:10B020000192FFE70398029B81691944019AFFF797
:10B03000D3FE48B1FFE70398816902980844029063
:10B040000398016A8847EDE704B080BD0000000066
:10B0500080B582B00190FEF05BFF0090009845F64D
:10B060005831C2F200410968884206D2FFE7FDF07C
:10B0700083F901990120086003E00199002008602C
:10B08000FFE7009845F65831C2F200410860009889
:10B0900002B080BD0000000080B582B0019001F0D8
:10B0A0008BFB019890F845008DF80300FFE79DF9B0
:10B0B0000300012825DBFFE70198806C50B1FFE712
:10B0C0000198FFF7F9FE18B1FFE7FEF0D1FB00E0B1
:10B0D000FFE710E00198406A58B1FFE7019824307B
:10B0E00002F02EF818B1FFE7FEF0C2FB00E0FFE728
:10B0F00000E006E0FFE79DF8030001388DF803004B
:10B10000D5E70199FF2081F8450001F089FB01F0A6
:10B1100053FB019890F844008DF80200FFE79DF979
:10B120000200012816DBFFE70198006980B1FFE704
:10B130000198103002F004F818B1FFE7FEF098FB18
:10B1400000E0FFE79DF8020001388DF8020000E002
:10B1500000E0E4E70199FF2081F8440001F060FB82
:10B1600002B080BD0000000080B58AB0099008914F
:10B17000079202208DF8130008980228C0F0C980B9
:10B18000FFE7089809994969884280F0C280FFE783
:10B190000998007801460391012809D0FFE7039838
:10B1A00002286CD0FFE70398032800F08480AFE00A
:10B1B00008980690069800EB500006900998016ADE
:10B1C000069A01EB5221FFF727FA8DF813009DF83C
:10B1D000130008B1FFE79BE0099806990A466FF350
:10B1E0005F22104401310691303005909DF8200017
:10B1F000C00750B1FFE70598007800F00F009DF8F8
:10B200001C1040EA0110029003E09DF81C0002901F
:10B21000FFE702980599087009990120C8700998FC
:10B22000016A069A01EB5221FFF7F6F98DF8130037
:10B230009DF8130008B1FFE76AE0099806996FF3DB
:10B240005F210844303005909DF82000C00728B1E8
:10B25000FFE70798C0F30710019009E00598007810
:10B2600000F0F0000799C1F3032108440190FFE7C3
:10B2700001980599087009990120C87048E009985B
:10B28000016A089A01EB1221FFF7C6F98DF8130045
:10B290009DF8130008B1FFE73AE009989DF82010E7
:10B2A00000EB41003030BDF81C1000F0DDF90999C9
:10B2B0000120C8702CE00998016A089A01EBD211AC
:10B2C000FFF7AAF98DF813009DF8130008B1FFE706
:10B2D0001EE0079800900998089901F07F0100EBA3
:10B2E00081003030FBF058FE01460098090F61F3F1
:10B2F0001F7007900998089901F07F0100EB810009
:10B3000030300799FDF064FB09990120C870FFE710
:10B31000FFE79DF813000AB080BD000000000000A8
:10B3200080B592B00B900020079005900B9840B329
:10B33000FFE70B9810F1090F1FD8FFE70B980830B3
:10B340000B909DF82C004007A8B1FFE70B9800F088
:10B350000700C0F1080006900B980699C94388427F
:10B3600005D8FFE706990B9808440B9002E00020EF
:10B370000B90FFE700E0FFE702E000200B90FFE703
:10B3800000E0FFE7FEF010FB45F66830C2F2004037
:10B39000006818B9FFE7FCF0FBFD00E0FFE79DF84F
:10B3A0002F000006002800F14581FFE70B980028D8
:10B3B00000F03E81FFE70B9845F68441C2F202415E
:10B3C0000968884200F23481FFE745F6FC40C2F28A
:10B3D0000240099000680A90FFE70A99002045F6AC
:10B3E0001842C2F200429142049010D3FFE70A993A
:10B3F00045F61840C2F200404FF6FF72C0F201025B
:10B4000002440020914298BF01200490FFE7049875
:10B41000C00768B9FFE74FF0500072B680F311889B
:10B42000BFF36F8FBFF34F8F62B61190FFE7FEE758
:10B43000FFE7FFE70A9841680B9A002091420390CA
:10B4400007D2FFE70A980068002818BF0120039080
:10B45000FFE70398C00798B3FFE70A9809900A9896
:10B4600000680A90FFE70A99002045F61842C2F2E8
:10B4700000429142029010D3FFE70A9945F6184026
:10B48000C2F200404FF6FF72C0F2010202440020F7
:10B49000914298BF01200290FFE70298C00768B967
:10B4A000FFE74FF0500072B680F31188BFF36F8F43
:10B4B000BFF34F8F62B61090FFE7FEE7FFE7B9E7F3
:10B4C0000A9845F66831C2F200410968884200F0E6
:10B4D000AD80FFE70998006808300790FFE70799FB
:10B4E000002045F61842C2F200429142019010D36A
:10B4F000FFE7079945F61840C2F200404FF6FF7289
:10B50000C0F2010202440020914298BF0120019044
:10B51000FFE70198C00768B9FFE74FF0500072B627
:10B5200080F31188BFF36F8FBFF34F8F62B60F9018
:10B53000FFE7FEE7FFE70A98006809990860FFE760
:10B540000A9840680B9988420DD2FFE74FF05000EF
:10B5500072B680F31188BFF36F8FBFF34F8F62B65F
:10B560000E90FFE7FEE7FFE70A9840680B99401A44
:10B57000112829D3FFE70A980B9908440890FFE7A0
:10B580009DF82000400768B1FFE74FF0500072B609
:10B5900080F31188BFF36F8FBFF34F8F62B60D90AA
:10B5A000FFE7FEE7FFE70A9840680B99401A089901
:10B5B00048600B980A9948600998006808990860E3
:10B5C00008980999086000E0FFE70A98426845F684
:10B5D0008440C2F202400168891A0160006845F6A1
:10B5E0008C41C2F20241096888420BD2FFE745F65E
:10B5F0008440C2F20240006845F68C41C2F202412A
:10B60000086000E0FFE70A98406805900A994868DA
:10B6100040F0004048600A990020086045F69841D3
:10B62000C2F2024108680130086000E0FFE700E074
:10B63000FFE700E0FFE701F057FEFFE79DF81C0081
:10B64000400768B1FFE74FF0500072B680F31188F1
:10B65000BFF36F8FBFF34F8F62B60C90FFE7FEE72B
:10B66000FFE7079812B080BD82B00190ADF80210DC
:10B670009DF8020001994A1C019208709DF8030090
:10B68000ADF802009DF8020001994A1C0192087071
:10B6900002B070470000000080B582B00190002029
:10B6A0008DF803000198C07860B3FFE7019A5078E5
:10B6B00002F13001D26A0123F9F7AAFFE8B9FFE7E6
:10B6C00001990020C87001988169026AC06A801AD5
:10B6D000884211D2FFE70198807802280BD1FFE75A
:10B6E000019B587803F13001DA6A9B691A440123FF
:10B6F000F9F78EFFFFE7FFE703E001208DF8030075
:10B70000FFE7FFE79DF8030002B080BD00000000E6
:10B7100083B04EF61450CEF200000068800300287B
:10B7200001D5FFE71AE0BFF34F8FBFF36F8F4EF6DF
:10B730005071CEF2000100200860BFF34F8FBFF3BD
:10B740006F8F4EF61451CEF20001086840F40030BD
:10B750000860BFF34F8FBFF36F8FFFE74EF61450B3
:10B76000CEF200000068C003002801D5FFE73CE0EE
:10B770004EF68451CEF2000100200860BFF34F8FD7
:10B780004EF68050CEF20000006802900298C0F39E
:10B790004E300190FFE70298C0F3C9000090FFE728
:10B7A00001990098800761F34D104EF66071CEF25A
:10B7B000000108600098411E00910028F0D1FFE7C9
:10B7C0000198411E01910028E5D1FFE7BFF34F8F9B
:10B7D0004EF61451CEF20001086840F48030086043
:10B7E000BFF34F8FBFF36F8FFFE74EF69C71CEF222
:10B7F0000001086840F00400086003B070470000D2
:10B8000089B00890079106920593002004908DF866
:10B810000F008DF80E0044F60C01C5F60201086811
:10B8200020F00400086044F61801C5F6020108681B
:10B8300040F440400860FFE744F61800C5F60200F7
:10B8400000688004002801D4FFE7F5E744F20041D6
:10B85000C5F60201086840F480300860FFE744F252
:10B860000040C5F60200016800208903002902900B
:10B8700009D4FFE7049947F6FF720020914238BFD0
:10B8800001200290FFE70298C00720B1FFE704986B
:10B8900001300490E3E7049847F6FF71884204D131
:10B8A000FFE701208DF80F0024E144F22841C5F69E
:10B8B0000201086840F002000860079A086840EA40
:10B8C000021008600898421E44F23041C5F6020199
:10B8D0000191086810430860069A4FF60060CFF6A1
:10B8E000FF7000EB4222086810430860059A0020B0
:10B8F000CFF6FF7000EB024208681043086008684A
:10B9000040F08070086044F22C41C5F602010868DE
:10B9100040F00800086008680860086840F440309B
:10B92000086044F20041C5F60201086840F08070EA
:10B93000086000200490FFE744F20040C5F60200D2
:10B940000068800100280DD4FFE7049801300490BE
:10B950000498B0F5001F04D3FFE702208DF80F0014
:10B9600000E0E9E744F22841C5F60201086840F426
:10B97000C830086044F23841C5F60201086840F258
:10B98000B71210430860086840F400700860086847
:10B9900040F08070086044F22C41C5F6020100912D
:10B9A0000868086008680860086840F400200860BB
:10B9B000086840F40010086044F24C41C5F60201EA
:10B9C000086820F003000860086840F00200086082
:10B9D00044F20041C5F60201086840F0806008604A
:10B9E00000200490FFE744F20040C5F60200006822
:10B9F000000100280DD4FFE704980130049004985A
:10BA0000B0F5001F04D3FFE703208DF80F0000E01E
:10BA1000E9E744F21841C5F60201086840F0080061
:10BA200008600868086044F21041C5F60201086821
:10BA300040F00300086000200490FFE79DF80E002E
:10BA4000032816D0FFE744F21040C5F60200006854
:10BA5000C0F3C2008DF80E000498013004900498E1
:10BA6000B0F5001F04D3FFE704208DF80F0000E0BD
:10BA7000E4E742F20001C5F20021086840F002004C
:10BA80000860086840F02000086044F21841C5F6DC
:10BA90000201086840F04000086044F21C41C5F60D
:10BAA0000201086840F040000860086840F48060C7
:10BAB000086044F22041C5F60201086840F04000E9
:10BAC000086044F20041C5F60201086840F08000B9
:10BAD000086044F2F441C5F60201086840F0020033
:10BAE000086040F22041C5F60001086840F00100FE
:10BAF0000860FFE79DF80F0009B0704700000000E4
:10BB000083B08DF80B009DF80B1007208843009040
:10BB10000098000200904EF60C51CEF20001086829
:10BB2000019001984FF6FF02104001900198002209
:10BB3000C0F2FA5210430190009A0198104301900C
:10BB40000198086003B0704782B00190009101989D
:10BB5000009940F2FF12914308434EF60851CEF28D
:10BB60000001086002B070474EF60C51CEF20001A1
:10BB70000420C0F2FA500860704700000000000086
:10BB800080B586B0059004910392029344F200417F
:10BB9000C5F602010120086044F21042C5F6020217
:10BBA00000210191116044F21842C5F602021160B1
:10BBB00044F21C42C5F60202116044F22042C5F66E
:10BBC0000202116044F22842C5F60202116044F2FA
:10BBD0002C42C5F60202116044F26042C5F6020230
:10BBE000116048F20811C5F2001108600598049927
:10BBF000039A029BFFF704FEFFF78AFD01994FF0BD
:10BC00000060FFF7A1FF06B080BD0000000000004B
:10BC100080B5ACB020A81C9000201E908DF89B0031
:10BC2000ADF87E008DF89B004FF6FF70FAF0A4FA95
:10BC300069464FF478401D9088604EF25F00C0F670
:10BC400000004860102008602821A02264230846D4
:10BC5000FBF0C2F81D9A14210846FDF075FA1E98F3
:10BC600040F21401C2F200418886FFE740F214005E
:10BC7000C2F200401B904168012088471B98808ECB
:10BC800000F44040B0F5804F40F0EE81FFE7002027
:10BC9000ADF87E0040F21400C2F20040818E21F423
:10BCA0008041818682899DF89B3027A921F8232035
:10BCB000008C9DF89B2001EB820148809DF89B0041
:10BCC00001308DF89B009DF89B00013801461A91C8
:10BCD000042800F2C8811A99DFE801F003172F4801
:10BCE0005900142119914FF6FF720846FDF02CFA05
:10BCF000199945F62830C2F200400088143880B205
:10BD00004FF47842FDF020FAADE145F62830C2F25A
:10BD1000004017900088143880B2142118914FF613
:10BD2000FF72FDF011FA179918984988143989B2F1
:10BD30004FF47842FDF008FA95E145F62830C2F25A
:10BD4000004016904088143881B214204FF6FF72DC
:10BD5000FDF0FAF91699088814384988143980B228
:10BD600089B24FF47842FDF0EFF97CE14FF6FF70B5
:10BD7000FAF002FA45F62831C2F20041088840087C
:10BD8000498849084FF47842FDF0DEF96BE11C98D0
:10BD9000BDF8A010BDF89C20891AADF89810BDF828
:10BDA000A810BDF8A420891AADF89410BDF8AA1007
:10BDB000BDF8A220891AADF89610BDF8A610BDF8FE
:10BDC0009E20891AADF89210BDF9981000EE101A55
:10BDD000B8EEC00BBDF9941001EE101AB8EEC11BFD
:10BDE00080EE010B80ED020BBDF9961000EE101AEB
:10BDF000B8EEC00BBDF9921001EE101AB8EEC11BDF
:10BE000080EE010B80ED000B90ED020BB5EE400BC8
:10BE1000F1EE10FA08DAFFE71C9890ED020BB1EE94
:10BE2000400B80ED020BFFE71C9890ED000BB5EE88
:10BE3000400BF1EE10FA08DAFFE71C9890ED000BCA
:10BE4000B1EE400B80ED000BFFE71C9890ED020B6C
:10BE50009FED8F1BB4EE410BF1EE10FAC0F28A8019
:10BE6000FFE71C9890ED020B9FED8B1BB4EE410B8E
:10BE7000F1EE10FA7EDCFFE71C9890ED000B9FEDD1
:10BE8000841BB4EE410BF1EE10FA73DBFFE71C9854
:10BE900090ED000B9FED801BB4EE410BF1EE10FA1C
:10BEA00068DCFFE7BDF9980014900028159002D5D2
:10BEB0001498404215901598B0F5805F5ADAFFE764
:10BEC000BDF9960012900028139002D512984042B6
:10BED00013901398B0F5805F4CDAFFE7BDF994003A
:10BEE00010900028119002D510984042119011989E
:10BEF000B0F5805F3EDAFFE7BDF992000E900028B2
:10BF00000F9002D50E9840420F900F98B0F5805FC9
:10BF100030DAFFE7BDF998000C9000280D9002D5AB
:10BF20000C9840420D900D9820B3FFE7BDF99600A4
:10BF30000A9000280B9002D50A9840420B900B986B
:10BF4000C0B1FFE7BDF9940008900028099002D520
:10BF5000089840420990099860B1FFE7BDF9920046
:10BF600006900028079002D506984042079007984F
:10BF7000F0B9FFE700208DF89B0045F62831C2F2AA
:10BF8000004108884008498849084FF6FF72FDF0D3
:10BF9000DBF814214FF478420846FDF0D5F81C98E0
:10BFA00090ED020B90ED001B27A8FCF0F1FF5DE681
:10BFB000BDF99800BDF99410084400EE100AB8EEDF
:10BFC000C00A45F62832C2F20042049211886FF08E
:10BFD0004F0000EB410101EE101AB8EEC11A80EEDD
:10BFE000010A40F21401C2F2004181ED0E0ABDF9CE
:10BFF0009630BDF992C0634400EE103AB8EEC00A24
:10C00000528800EB420001EE100AB8EEC11A80EE31
:10C01000010A81ED0F0ABDF8AC00A1F84000BDF89F
:10C02000AE00A1F842004FF6FF700590FAF0A4F8B8
:10C0300004980288438869461F2088604EF24700B2
:10C04000C0F6000048601020086023206E21FAF03E
:10C05000C3FE4FF47A70F8F023FE00F069FA0598F9
:10C06000FAF08AF812E0FFE70A20F8F019FEBDF8AE
:10C070007E000130ADF87E00BDF87E00B0F57A7F1D
:10C0800003DDFFE7FDF0C8F800E0EFE52CB080BD70
:10C09000666666666666EE3FCDCCCCCCCCCCF03F17
:10C0A00080B588B040F21402C2F20042002082F84B
:10C0B000440045F62830C2F20040817901F00103C6
:10C0C00092F84410194382F84410808847F2967120
:10C0D000884218D1FFE7FAF70BF998B9FFE740F269
:10C0E0001401C2F2004146F25160C0F600004860FF
:10C0F00091F8440040F0800081F8440000208DF861
:10C100001F0021E1FFE745F62830C2F20040808899
:10C1100045F21051884228D0FFE745F62830C2F298
:10C120000040808844F2423188421ED0FFE745F645
:10C130002830C2F20040808841F21801884214D0B1
:10C14000FFE745F62830C2F20040808844F284318F
:10C1500088420AD0FFE745F62830C2F200408088C6
:10C1600049F60601884215D1FFE7FAF7C1F840F217
:10C170001401C2F2004146F25160C0F6000048606E
:10C1800091F8440040F0800081F8440000208DF8D0
:10C190001F00D9E045F62830C2F20040808841F601
:10C1A0006311884214D0FFE745F62830C2F2004000
:10C1B000808847F2840188420AD0FFE745F628309C
:10C1C000C2F20040808847F21601884228D1FFE77A
:10C1D000F9F0A2FC50B9FFE740F21401C2F20041AD
:10C1E00045F6F170C0F6000048600BE0FAF780F801
:10C1F00040F21401C2F2004146F25160C0F6000064
:10C200004860FFE740F21401C2F2004191F8440097
:10C2100040F0800081F8440000208DF81F0093E07A
:10C22000FFE744F2E041C5F60201086840F08000F3
:10C230000860FFE7FFE744F2E041C5F60201086845
:10C2400040F480700860FFE7FFE744F2E041C5F684
:10C250000201086840F040000860FFE7FFE744F291
:10C26000E041C5F60201086840F480700860FFE70D
:10C27000FFE744F2E041C5F60201086840F08000A3
:10C280000860FFE76946012005904860086041F6B4
:10C290000040C5F6020003908021002306931A4651
:10C2A000FCF09AFC0598069B69464860086041F6D8
:10C2B0000000C5F60200082102911A46FCF08CFC31
:10C2C0000299059A069B68464260026042F20000AD
:10C2D000C5F602000490FCF07FFC0398059A069BCB
:10C2E00069464A600A604021FCF076FC0498059A91
:10C2F000069B69464A600A604FF48071FCF06CFC52
:10C3000040F21401C2F2004101F10C002031FDF0B5
:10C310003BF8F8F0D9F9FCF07FFF20B1FFE70020EF
:10C320008DF81F0010E04FF6FF70F9F025FFFFF7C2
:10C330006FFC00F0FDF8FFE7FCF06EFFFFE7FFE7A2
:10C3400001208DF81F00FFE79DF81F0008B080BD99
:10C3500080B58AB08DF82700002208928DF826203B
:10C36000ADF8242041F60040C5F6020006904021B9
:10C370000791FCF015FC089A42F20000C5F6020095
:10C3800004900821FCF00CFC0498089A4FF480718A
:10C39000FCF006FC9DF8270000F07EF90620F8F777
:10C3A00027FE06980799089AFCF0FAFB01200590F1
:10C3B000F8F71EFE059A06980799FCF0F1FB059820
:10C3C000F8F716FE06980799089AFCF0E9FB08981A
:10C3D0008DF82600FFE79DF826000F282EDCFFE7EA
:10C3E000BDF824004000ADF8240041F60040C5F639
:10C3F00002000190402102910022FCF0D1FB0120BB
:10C400000390F8F7F5FD01980299039AFCF0C8FB38
:10C4100041F60000C5F602000821FCF0A9FB30B18E
:10C42000FFE7BDF824000130ADF82400FFE7FFE787
:10C430009DF8260001308DF82600CCE7BDF82400D9
:10C440000009ADF8240042F20000C5F602004FF4E6
:10C4500080710122FCF0A4FBBDF824000AB080BD6D
:10C4600080B586B0049003910DF10A0002A9FCF09A
:10C470008BFF0DF1060001A9FCF086FFBDF8060058
:10C48000BDF80A10884208DCFFE7BDF80A00BDF8D5
:10C490000610323188420FDBFFE7BDF80A00BDF815
:10C4A000061088423ADCFFE7BDF80600BDF80A1026
:10C4B0003231884232DAFFE7BDF80400BDF80810D7
:10C4C000884208DCFFE7BDF80800BDF804103231EF
:10C4D00088420FDBFFE7BDF80800BDF80410884272
:10C4E0001CDCFFE7BDF80400BDF8081032318842BB
:10C4F00014DAFFE7BDF80A00BDF80610084440084A
:10C5000004990880BDF80800BDF8041008444008EC
:10C510000399088001208DF8170003E000208DF8B2
:10C520001700FFE79DF8170006B080BD000000006F
:10C5300080B582B040F21400C2F200403830019061
:10C54000019928200C22F8F00FF934200A21F8F084
:10C550002BF902B080BD000080B582B08DF80700D5
:10C5600041F60040C5F602008021FCF001FB0028E6
:10C570006FD1FFE79DF8070050B1FFE740F21401CB
:10C58000C2F2004101F10C002031FFF769FF4AE0DF
:10C5900040F21401C2F2004101F10C002031FFF71A
:10C5A0005FFF00283ED0FFE740F21401C2F20041D5
:10C5B00000918889B1F84020801A00B200EE100A7C
:10C5C000B8EEC00A91ED0E1A80EE010A45F6283049
:10C5D000C2F200400288520801EE102AB8EEC11AD9
:10C5E00030EE010ABCEEC00A10EE102A8A810A8CD5
:10C5F000B1F84230D21A12B200EE102AB8EEC00AD8
:10C6000091ED0F1A80EE010A4088400801EE100AF1
:10C61000B8EEC11A30EE010ABCEEC00A10EE100AE4
:10C620000884FFE7FFE740F21400C2F20040808E6A
:10C63000000400280CD4FFE740F21401C2F20041CC
:10C640004FF4404088868889C883088C4886FFE775
:10C650001EE040F21400C2F20040808E0004002868
:10C6600009D5FFE740F21401C2F20041888E6FF352
:10C67000DF3088860BE040F21401C2F20041002056
:10C68000C88348864FF6FF7088810884FFE7FFE77C
:10C69000002002B080BD000080B584B08DF80F008E
:10C6A00000208DF80E008DF80E00FFE79DF80E00BB
:10C6B000072837DCFFE79DF80F000006002809D5A2
:10C6C000FFE742F20000C5F6020008210122FCF05B
:10C6D00067FA08E042F20000C5F6020008210022D5
:10C6E000FCF05EFAFFE79DF80F0040008DF80F00A8
:10C6F00041F60040C5F60200009040210191002261
:10C70000FCF04EFA01200290F8F772FC00980199B3
:10C71000029AFCF045FAFFE79DF80E0001308DF813
:10C720000E00C3E704B080BD45F62040C2F20240CF
:10C73000006870470000000081B000900099002060
:10C74000086101B07047000084B003900291029824
:10C75000006800900098013020B9FFE70398006955
:10C76000019010E0039808300190FFE701984068BD
:10C7700000680099884205D8FFE7FFE70198406804
:10C780000190F3E7FFE7019840680299486002983A
:10C790004168886001980299886002980199486010
:10C7A000039802990861039908680130086004B091
:10C7B000704700000000000082B04FF0500072B6D9
:10C7C00080F31188BFF36F8FBFF34F8F62B6019074
:10C7D00040F25C00C2F20040016801310160006873
:10C7E000012818D1FFE7FFE74EF60450CEF2000013
:10C7F0000068000668B1FFE74FF0500072B680F3A2
:10C800001188BFF36F8FBFF34F8F62B60090FFE7C1
:10C81000FEE7FFE7FFE702B07047000000000000FE
:10C8200082B0FFE740F25C00C2F20040006868B9E5
:10C83000FFE74FF0500072B680F31188BFF36F8F9F
:10C84000BFF34F8F62B60090FFE7FEE7FFE740F2CD
:10C850005C00C2F20040016801390160006830B933
:10C86000FFE700200190019880F31188FFE702B0F4
:10C8700070470000000000004EF21001CEF20001EF
:10C88000002008604EF21802CEF2000210604EF254
:10C890001402CEF2000241F67F20C0F206001060C2
:10C8A000072008607047000081B0009045F6944072
:10C8B000C2F2024000680099086045F62C50C2F2AE
:10C8C000024000680099486001B070470000000015
:10C8D00080B584B002900191FFE7029868B9FFE744
:10C8E0004FF0500072B680F31188BFF36F8FBFF323
:10C8F0004F8F62B60390FFE7FEE7FFE7029845F629
:10C900005C31C2F2004109681831FFF71DFF019840
:10C910000121FDF7C9FE04B080BD00000000000049
:10C9200085B045F62840C2F20240006838B1FFE702
:10C9300045F63851C2F202410120086059E045F63F
:10C940003851C2F2024100200860FFE745F630404E
:10C95000C2F20240006804900498B0FA80F08DF8AA
:10C960000F009DF80F00C0F11F000190FFE7019834
:10C9700000EB800145F67430C2F2004050F821000F
:10C9800068B9FFE74FF0500072B680F31188BFF32B
:10C990006F8FBFF34F8F62B60290FFE7FEE7FFE7AE
:10C9A000FFE7019800EB800145F67430C2F20040C9
:10C9B00000EB810000900099486840684860009949
:10C9C00048680831884204D1FFE70099C868486088
:10C9D000FFE700984068C06845F65C31C2F200414C
:10C9E0000860FFE7FFE745F65C30C2F200400068F0
:10C9F000FFE705B07047000080B584B00390029156
:10CA000009208DF807000398E8B1FFE70398006854
:10CA1000C8B1FFE7039800680078A0B1FFE7039969
:10CA200088880968C98888420DD1FFE703980068A3
:10CA30004078F8F7D5FDC00720B9FFE700208DF852
:10CA40000700FFE7FFE79DF8070020B9FFE703981D
:10CA50000068009002E000200090FFE70098029933
:10CA600008609DF8070004B080BD000000000000D1
:10CA700080B588B0069005918DF8132000200390B2
:10CA8000069880B3FFE706994FF0FF30B0FBF1F056
:10CA90000599884227D3FFE706980599484310F186
:10CAA000550F20D8FFE70698059948430290029851
:10CAB0005430FEF735FC0390039890B1FFE70398DC
:10CAC000019001985430019006980599019A9DF8BB
:10CAD0001330DDF80CC0EE46CEF800C0FEF704F8C7
:10CAE00000E0FFE712E0FFE7039868B9FFE74FF0C7
:10CAF000500072B680F31188BFF36F8FBFF34F8F72
:10CB000062B60790FFE7FEE7FFE7FFE7039808B08C
:10CB100080BD00000000000080B586B00390029147
:10CB20000120019003980090FFE7009868B9FFE7A3
:10CB30004FF0500072B680F31188BFF36F8FBFF3D0
:10CB40004F8F62B60590FFE7FEE7FFE700980028E9
:10CB500056D0FFE70098C06B002851D0FFE700983F
:10CB6000C26B016C4FF0FF30B0FBF2F0884247D34C
:10CB7000FFE7FFF721FE00990B68C86B0A6C00FB0A
:10CB80000230886000990020886300990868486036
:10CB900000990B68C86B0A6C013800FB0230C86052
:10CBA0000099FF2081F84400009981F8450002981F
:10CBB000D0B9FFE700980069A0B1FFE700981030F6
:10CBC00000F0BEFA60B1FFE74EF60451CEF200016C
:10CBD0004FF080500860BFF34F8FBFF36F8F00E0BE
:10CBE000FFE700E0FFE708E000981030FCF0F4FCFD
:10CBF00000982430FCF0F0FCFFE7FFF711FE02E0A4
:10CC000000200190FFE7FFE7019868B9FFE74FF0C8
:10CC1000500072B680F31188BFF36F8FBFF34F8F50
:10CC200062B60490FFE7FEE7FFE7019806B080BD1B
:10CC300080B58EB00990089107920020069009985F
:10CC40000390FFE7039868B9FFE74FF0500072B612
:10CC500080F31188BFF36F8FBFF34F8F62B60D90D3
:10CC6000FFE7FEE7FFE7FFE708990020019039B9E9
:10CC7000FFE70398006C002818BF01200190FFE730
:10CC80000198C00768B1FFE74FF0500072B680F31B
:10CC90001188BFF36F8FBFF34F8F62B60C90FFE721
:10CCA000FEE7FFE7FFE700F083F901460020009070
:10CCB00031B9FFE70798002818BF01200090FFE76F
:10CCC0000098C00768B1FFE74FF0500072B680F3DC
:10CCD0001188BFF36F8FBFF34F8F62B60B90FFE7E2
:10CCE000FEE7FFE7FFE7FFF767FD0398806B029021
:10CCF000029830B3FFE703980899FBF05DF80298BB
:10CD000001380399886303980069A0B1FFE703988D
:10CD1000103000F015FA60B1FFE74EF60451CEF284
:10CD200000014FF080500860BFF34F8FBFF36F8F4B
:10CD300000E0FFE700E0FFE7FFF772FD01200A9047
:10CD40006DE0079828B9FFE7FFF76AFD00200A9019
:10CD500065E0069830B9FFE704A8FFF7A5FD0120BC
:10CD6000069000E0FFE7FFE7FFE7FFF759FDFCF063
:10CD70001BFEFFF721FD039890F94400013028B90C
:10CD8000FFE70399002081F84400FFE7039890F93A
:10CD90004500013028B9FFE70399002081F84500DC
:10CDA000FFE7FFF73DFD04A807A9FDF03DF830BB04
:10CDB000FFE70398FEF754F8D0B1FFE7039824305B
:10CDC0000799FFF785FD0398FEF766F900F08CFAE6
:10CDD00060B9FFE74EF60451CEF200014FF08050EB
:10CDE0000860BFF34F8FBFF36F8F00E0FFE705E0F0
:10CDF0000398FEF751F900F077FAFFE70EE0039889
:10CE0000FEF74AF900F070FA0398FEF729F818B116
:10CE1000FFE700200A9002E0FFE7FFE763E70A98D8
:10CE20000EB080BD0000000010B588B0DDF82CC049
:10CE3000DDF828C00790069105920493079806999B
:10CE4000059A049BDDF828C00B9CEE46CEF8044002
:10CE5000CEF800C0FDF7E4FD0390039830B1FFE782
:10CE60000398FDF7B5FC0120029003E04FF0FF307E
:10CE70000290FFE7029808B010BD0000000000001B
:10CE800080B58AB00690059100200290FFE70698D1
:10CE900068B9FFE74FF0500072B680F31188BFF316
:10CEA0006F8FBFF34F8F62B60990FFE7FEE7FFE792
:10CEB000FFE7059868B9FFE74FF0500072B680F3BE
:10CEC0001188BFF36F8FBFF34F8F62B60890FFE7F3
:10CED000FEE7FFE7FCF068FD45F62C50C2F2024089
:10CEE00000680190FFE745F62840C2F20240006862
:10CEF00001280DD0FFE74FF0500072B680F3118883
:10CF0000BFF36F8FBFF34F8F62B60790FFE7FEE767
:10CF1000FFE706980068059908440490019806996F
:10CF20000968884210D2FFE7049806990968884288
:10CF300008D2FFE704980199884203D9FFE701204E
:10CF4000029000E0FFE70FE0049806990968884224
:10CF500005D3FFE704980199884203D9FFE7012030
:10CF6000029000E0FFE7FFE7049806990860029846
:10CF700038B1FFE704980199401A0021FDF794FBAE
:10CF800000E0FFE700F0B0F90390039860B9FFE715
:10CF90004EF60451CEF200014FF080500860BFF30E
:10CFA0004F8FBFF36F8F00E0FFE702980AB080BD9C
:10CFB00081B045F6F840C2F20240006818B9FFE7B8
:10CFC000012000900DE045F62840C2F202400068C2
:10CFD00018B9FFE70220009002E000200090FFE770
:10CFE000FFE7009801B0704780B586B003900398C2
:10CFF0000290002001900398002800F09A80FFE73B
:10D00000FFE7029845F65C31C2F2004109688842A8
:10D010000DD0FFE74FF0500072B680F31188BFF3D8
:10D020006F8FBFF34F8F62B60590FFE7FEE7FFE714
:10D03000FFE70298006D68B9FFE74FF0500072B645
:10D0400080F31188BFF36F8FBFF34F8F62B60490E8
:10D05000FFE7FEE7FFE70299086D013808650299CE
:10D06000C86AC96C884262D0FFE70298006D002848
:10D070005BD1FFE702980430FCF03AFA68B9FFE7A9
:10D080000298C16A012000FA01F245F63041C2F26D
:10D09000024108689043086000E0FFE70299C86C0D
:10D0A000C8620299C86AC0F108008861FFE7029867
:10D0B000C16A012000FA01F245F63041C2F2024194
:10D0C000086810430860FFE70298C06A00EB800020
:10D0D00045F67431C2F2004101EB800040680090D7
:10D0E0000098029A906000988068029AD060029836
:10D0F0000430009A9268506002980430009A906060
:10D10000029AD06A00EB800001EB80005061029827
:10D11000C06A00EB800251F82200013041F8220081
:10D12000FFE7FFE70120019000E0FFE700E0FFE7F5
:10D1300000E0FFE7019806B080BD0000000000009D
:10D1400088B006900698C068C0680590FFE705980B
:10D1500068B9FFE74FF0500072B680F31188BFF353
:10D160006F8FBFF34F8F62B60790FFE7FEE7FFE7D1
:10D17000FFE70598806A03900598C169006A886096
:10D180000599C869096A486003984068059918318B
:10D19000884205D1FFE70598006A03994860FFE7D8
:10D1A0000599002088620399086801380860FFE744
:10D1B00045F62840C2F20240006800285DD1FFE732
:10D1C000FFE705984069029005988168C06888600B
:10D1D00005998868C96848600298406805990431D3
:10D1E000884205D1FFE70598C06802994860FFE7CB
:10D1F0000599002048610299086801380860FFE736
:10D20000FFE70598C16A012000FA01F245F63041B6
:10D21000C2F20241086810430860FFE70598C06A3F
:10D2200000EB800045F67431C2F2004101EB800052
:10D23000406801900198059A906001988068059A6D
:10D24000D06005980430019A9268506005980430C7
:10D25000019A9060059AD06A00EB800001EB800093
:10D2600050610598C06A00EB800251F8220001303D
:10D2700041F82200FFE7FFE71DE0FFE745F6A44184
:10D28000C2F20241486800900098059AD061009867
:10D290008068059A106205981830009A926850606C
:10D2A00005981830009A90600598816208680130EE
:10D2B0000860FFE7FFE70598C06A45F65C31C2F2F7
:10D2C00000410968C96A884208D9FFE70120049033
:10D2D00045F63851C2F20241086002E00020049095
:10D2E000FFE7049808B0704780B58AB0002001902D
:10D2F00008900790FFF760FA01980690FFE745F65F
:10D300002840C2F20240006868B9FFE74FF05000C1
:10D3100072B680F31188BFF36F8FBFF34F8F62B681
:10D320000990FFE7FEE7FFE745F62840C2F202401A
:10D330000168013901600068002840F0F680FFE7CD
:10D3400045F62040C2F202400068002800F0EC8060
:10D35000FFE7FFE745F6A440C2F20240006800285C
:10D3600000F09880FFE745F6A440C2F20240C06892
:10D37000C0680890FFE70898806A05900898C1691E
:10D38000006A88600899C869096A48600598406819
:10D3900008991831884205D1FFE70898006A059975
:10D3A0004860FFE7089900208862059908680138FD
:10D3B0000860FFE7FFE708984069049008988168D3
:10D3C000C068886008998868C9684860049840689F
:10D3D00008990431884205D1FFE70898C06804998C
:10D3E0004860FFE7089900204861049908680138FF
:10D3F0000860FFE7FFE70898C16A012000FA01F220
:10D4000045F63041C2F20241086810430860FFE768
:10D410000898C06A00EB800045F67431C2F2004102
:10D4200001EB8000406803900398089A906003988D
:10D430008068089AD06008980430039A9268506017
:10D4400008980430039A9060089AD06A00EB800034
:10D4500001EB800050610898C06A00EB800251F82F
:10D460002200013041F82200FFE7FFE70898C06A78
:10D4700045F65C31C2F200410968C96A884207D9A1
:10D48000FFE745F63851C2F202410120086000E092
:10D49000FFE75FE7089818B1FFE7FAF04DFFFFE7F5
:10D4A00045F6A040C2F20240006802900298E0B146
:10D4B000FFE7FFE7FCF038FD38B1FFE745F63851EC
:10D4C000C2F202410120086000E0FFE70298013843
:10D4D0000290FFE702980028ECD1FFE745F6A04153
:10D4E000C2F202410020086000E0FFE745F6385034
:10D4F000C2F202400068A8B1FFE701200790FFE7F1
:10D5000045F65C30C2F2004000684EF60451CEF29F
:10D5100000014FF080500860BFF34F8FBFF36F8F53
:10D52000FFE700E0FFE7FFE700E0FFE7FFF778F93C
:10D5300007980AB080BD000023F07F4720F07F4CA1
:10D5400080EA030000F00040ACEB070303F57C53D6
:10D5500003F1FF032DE9804909B44FEA144324EA9B
:10D5600003484FEA154B25EA0B4E0FF2042606EB53
:10D5700013273E7803FB0667C7F5000707FB06F68F
:10D580004FEAD64606F102064FEA543707FB066C0F
:10D59000CCF1005C4FEA1C472CEA074C0CFB06F56B
:10D5A00007FB06F404EB15464FEA961649085FEAB6
:10D5B000320234BF00204FF000404FEAD13706FB63
:10D5C00007FC4FEA1C4C0CFB0BF7D21B03FB0CF7C0
:10D5D00061EB07010CFB0EF7B0EB074072EB174253
:10D5E0000CFB08F734BFA2EB0742B2EB074261EB3A
:10D5F00017414FEA0C444FEA910706FB07FC4FEA3C
:10D600001C4C0CFB0BF7B0EBC74072EB573203FB23
:10D610000CF734BFA2EBC742B2EBC74261EB573104
:10D620000CFB0EF7B0EBC70072EB57720CFB08F760
:10D6300034BFA2EBC702B2EBC70261EB57714FEAEE
:10D64000816141EA92114FEA826242EA90124FEA06
:10D65000806004EBCC04039F4FEAD13706FB07FC44
:10D660004FEA1C4C0CFB0BF7D21B03FB0CF761EBD6
:10D6700007010CFB0EF7B0EB074072EB17420CFBF7
:10D6800008F734BFA2EB0742B2EB074261EB174148
:10D690004FEA8C5504EB9C244FEA910706FB07FCEC
:10D6A0004FEA1C4C0CFB0BF7B0EBC74072EB573248
:10D6B00003FB0CF734BFA2EBC742B2EBC74261EBEE
:10D6C00057310CFB0EF7B0EBC70072EB57720CFB37
:10D6D00008F734BFA2EBC702B2EBC70261EB577188
:10D6E0004FEA816141EA92114FEA826242EA901266
:10D6F0004FEA806015EB4C2544F100044FEAD13726
:10D7000006FB07FC4FEA1C4C0CFB0BF7D21B03FB80
:10D710000CF761EB07010CFB0EF7B0EB074072EB67
:10D7200017420CFB08F734BFA2EB0742B2EB0742EB
:10D7300061EB17414FEA813141EA92414FEA82326F
:10D7400042EA90424FEA80304FEA0C7615EB1C1506
:10D7500044F1000448EA03434EEA0B484FF0000E40
:10D76000B2EB080C71EB030724BF624639464EEB5F
:10D770000E0E4FF0000B0018524149414BEB0B0BC2
:10D78000B2EB080C71EB03077BF1000B24BF624680
:10D7900039464EEB0E0E4FF0000B00185241494136
:10D7A0004BEB0B0BB2EB080C71EB03077BF1000B9F
:10D7B00024BF624639464EEB0E0E51EA020718BFEF
:10D7C00046F0010616EB0E7655F1000254F1000109
:10D7D00003D5BDE88901BDE80088BDE88901BDE841
:10D7E0000048B619524141EB0101A3F10103704712
:10D7F00080807F7E7D7C7B7A79787776767574738E
:10D80000727171706F6E6E6D6C6C6B6A6A6968684C
:10D81000676666656464636362616160605F5F5EE2
:10D820005E5D5D5C5C5B5B5A5A5959585857575658
:10D8300056555555545453535252525151505050BD
:10D840004F4F4F4E4E4D4D4D4C4C4C4B4B4B4A4A0F
:10D850004A49494948484847474747464646454553
:10D86000454444444443434343424242424141418C
:10D870002DE9804C70B49A46934691E8380007C869
:10D8800031EA400C48BF34EA430C03D5FFF754FE9D
:10D89000FCF036FDF0BCBDE8008C0000F2F039BDB4
:10D8A000FCF0F7BEFCF0F7BEF2F01FBDF2F0B4BC26
:10D8B000F2F029BDF3F030BAF3F036BAF2F0D3BB90
:10D8C00003B401984100009850EAC12018BF042019
:10D8D0004A0D18BF40F0010040F2FF72B2EB515FF9
:10D8E00008BF40F00200012808BF052002B07047C1
:10D8F00030380A2801D2012070470020704700000C
:10D9000010B500290AD00878002807D005487844C7
:10D91000F2F736FE002801D0002010BD02487844FE
:10D9200010BD00006A080000620800000400000842
:10D9300000000000000000020001000010000000D4
:10D9400002400000000000A00000000005400000B0
:10D95000000000C8000000000C4000000000409CD7
:10D9600000000000194000000020BCBE00000000C4
:10D9700034400000BFC91B8E00000004B540000009
:10D98000504BCFD06607E2CF010000006C41000091
:10D990003E8251AADFEEA73401000000D942000008
:10D9A000DCB5A0E23A301F97FFFFFFFFB44500004F
:10D9B000FD25A0C8E9A3C14FFFFFFFFFFF3F000007
:10D9C0000000008000000000FF3F00000000008019
:10D9D00000000000508158816081688170817881E9
:10D9E000808188819081988153544D3332205344F3
:10D9F00020544553540053544D3332205344205740
:10DA000052495445204F4B0D0A00010203040506FC
:10DA10000708090A000B000045E000082FE1000894
:10DA20007CD810087ED8100880D8100888D8100834
:10DA30008AD810088CD810088ED8100800DA100880
:10DA400072D8100883D910084C43442067656F6D65
:10DA5000657472793A204641494C20282575207812
:10DA6000202575290D0A005374617274696E672050
:10DA70004672656552544F53207363686564756CD4
:10DA800065722E2E2E0D0A00415432344330323A44
:10DA90002041434B20617420307835300D0A00411D
:10DAA0005432344330323A204E4F2041434B2061B0
:10DAB0007420307835300D0A004C43442074696D71
:10DAC000696E673A20383030783438302C20504333
:10DAD0004C4B2033332E33204D487A2C2052474272
:10DAE0003536350D0A00546F756368204932433A64
:10DAF000206E6F20737570706F727465642064653A
:10DB00007669636520617420307833382C20307852
:10DB10003134206F7220307835440D0A005344525E
:10DB2000414D20746573743A20504153530D0A00DF
:10DB30004754397878782070726F6475637420491F
:10DB4000443A2025732C20372D6269742061646467
:10DB5000726573733A203078253032580D0A0054BC
:10DB60006F75636820493243207363616E3A2041C8
:10DB7000434B20617420372D6269742061646472A4
:10DB8000657373203078253032580D0A00534452A3
:10DB9000414D20746573743A204641494C206174AC
:10DBA000203078253038580D0A000D0A53544D3373
:10DBB0003248373433206D6963726F206465736B4C
:10DBC000746F702072756E74696D650D0A00546F04
:10DBD00075636820493243206275733A2053434C81
:10DBE0003D2575205344413D25752C20646576699B
:10DBF0006365733D25750D0A00546F756368206376
:10DC00006F6E74726F6C6C65723A2046542F43537A
:10DC1000542066616D696C790D0A005379737465DF
:10DC20006D20636C6F636B3A20343030204D487A3E
:10DC30000D0A004E4F4E450046542F435354005397
:10DC4000746F726167655461736B004775695461E5
:10DC5000736B004D6F6E69746F725461736B004922
:10DC60006E7075745461736B00546F75636845769C
:10DC7000656E747300534420544553542E545854C5
:10DC800020636F6E74656E743A204641494C2028BB
:10DC90002575290D0A0053442F4661744673206D83
:10DCA0006F756E743A204641494C20282575290D20
:10DCB0000A0053442077726974652F72656164208D
:10DCC0007665726966793A204641494C2028257567
:10DCD000290D0A00534420544553542E5458543AA5
:10DCE000204F50454E204641494C20282575290D8E
:10DCF0000A00534420544553542E54585420636F03
:10DD00006E74656E743A20504153530D0A005344AB
:10DD100020636172643A20256C75204D422C2046A8
:10DD200041543332206D6F756E743A205041535315
:10DD30000D0A0053442077726974652F726561641F
:10DD4000207665726966793A20504153530D0A0076
:10DD500053442073746F72616765207365727669CE
:10DD600063653A207374617274696E670D0A0030DE
:10DD70003A2F00303A004441544100303A2F7E445B
:10DD80005241572E42414B00303A2F7E4452415768
:10DD90002E544D50005445585400303A2F53544D92
:10DDA00033325F4F4B2E54585400303A2F54455362
:10DDB000542E5458540053746F72616765526573E2
:10DDC000706F6E7365730053746F7261676542693B
:10DDD0006E617279526573706F6E73657300537400
:10DDE0006F726167655265717565737473002E7427
:10DDF000787400445241572046494C45204F5045C5
:10DE0000524154494F4E204641494C4544005245E9
:10DE1000442042525553482053454C4543544544B1
:10DE200000424C55452042525553482053454C45DD
:10DE30004354454400424C41434B204252555348C1
:10DE40002053454C454354454400475245454E20D8
:10DE500042525553482053454C4543544544004491
:10DE6000524157494E472E44525720574153204E56
:10DE70004F5420464F554E440044524157494E4757
:10DE80002E445257204C4F414445442046524F4D5A
:10DE900020534420434152440044524157494E4785
:10DEA0002E44525720534156454420544F2053444A
:10DEB000204341524400445241572057495448207E
:10DEC000544F554348202D20534156452053544F1D
:10DED00052455320544F20534400504F494E542034
:10DEE0004255464645522046554C4C202D20534124
:10DEF0005645204F5220434C45415200494E564111
:10DF00004C494420445241572046494C45204F52E9
:10DF100020435243204552524F520043414E5641F6
:10DF20005320434C4541524544202D204E4F542010
:10DF3000534156454420594554004F50454E494E93
:10DF4000472044524157494E472E445257005341AF
:10DF500056494E472044524157494E472E44525746
:10DF6000004754397878782070726F647563742034
:10DF70004944206973206E6F742076616C69642057
:10DF800041534349490D0A0047543978787820496C
:10DF90003243206164647265737320307831343A9F
:10DFA0002041434B0D0A0047543978787820493294
:10DFB00043206164647265737320307835443A207D
:10DFC00041434B0D0A004754397878782049324351
:10DFD000206164647265737320307831343A204E66
:10DFE00041434B0D0A004754397878782049324331
:10DFF000206164647265737320307835443A204E32
:10E0000041434B0D0A0047543978787820504944F1
:10E01000207261773A20253032582025303258203E
:10E020002530325820253032582C20746578743AC7
:10E030002025730D0A004354502049443A25730D9E
:10E040000A003932373100546F75636820536372A8
:10E0500065656E2041646A757374204F4B210050D2
:10E060006C656173652075736520746865207374D1
:10E07000796C757320636C69636B207468652063C9
:10E08000726F7373206F6E2074686520736372659E
:10E09000656E2E5468652063726F73732077696CA8
:10E0A0006C20616C77617973206D6F766520756E79
:10E0B00074696C207468652073637265656E206195
:10E0C000646A7573746D656E7420697320636F6D17
:10E0D000706C657465642E007825643A2564007957
:10E0E00025643A25640070783A25302E3266007037
:10E0F000793A25302E32660053444D4D435F5365C7
:10E100006E645F436D643D25640D0A0053445F43B4
:10E110004D445F524541445F4D554C545F424C4F16
:10E12000434B204572726F720D0A004641543332E0
:10E130000046415400222A2B2C3A3B3C3D3E3F5B9B
:10E140005D7C7F00092563092575092575092575FD
:10E150000D0A0049444C450098E1000800000024E5
:10E1600060000000FC020008F8E1000860000024E4
:10E17000E06402001C0300081C00000043000000D3
:10E18000F8FFFFFF0C0000000E0000000F00000071
:10E190002E0000000000000001000000FFFF000052
:10E1A00033DC000829280501FF000000A1C0000899
:10E1B00059C5000811BC0008000000000000000064
:10E1C000000000000000000000000000000000004F
:10E1D000000000000000000000000000000000003F
:10E1E000000000000000000000000000000000002F
:08E1F00000000000AAAAAAAA7F
:020000040810E2
:1000000010B510BD00F098FE114600F7DDF907F0BD
:10001000C7FC00F0C3FE03B4FFF7F2FF03BC02F01D
:100020001FF870470FB41CB5084B06AA7B446946FD
:100030000090059800F0D7F804460020694600F0CB
:10004000E5F820461CBC5DF814FB0000DD01000053
:100050000022CBB210F8011B994200D1421E0029A8
:10006000F8D11046704710B5203AC0F00B80B1E8C7
:100070001850A0E81850B1E81850A0E81850203ADD
:10008000BFF4F5AF5FEA027C24BFB1E81850A0E8E6
:10009000185044BF18C918C0BDE810405FEA827C00
:1000A00024BF51F8043B40F8043B08BF7047D20717
:1000B00028BF31F8023B48BF11F8012B28BF20F8B8
:1000C000023B48BF00F8012B70474FF000020429A3
:1000D000C0F0128010F0030C00F01B80CCF1040C77
:1000E000BCF1020F18BF00F8012BA8BF20F8022BAB
:1000F000A1EB0C0100F00DB85FEAC17C24BF00F851
:10010000012B00F8012B48BF00F8012B70474FF07E
:10011000000200B5134694469646203922BFA0E857
:100120000C50A0E80C50B1F12001BFF4F7AF090763
:1001300028BFA0E80C5048BF0CC05DF804EB890054
:1001400028BF40F8042B08BF704748BF20F8022B97
:1001500011F0804F18BF00F8012B704770477047AF
:100160007047704709684A0501D540B27047C90514
:10017000FCD500B2704709684A0501D5C0B2704786
:10018000C905FCD580B2704770B50C460546012AFA
:1001900005D02878800600D5EA69002302E0012313
:1001A00005E05B1C934202D2E05C0028F9D1A8690B
:1001B000E618C01AA861286A18442862284600F781
:1001C0001DFA04E0D5E9012114F8010B9047B4426F
:1001D000F8D3284600F728FA70BD000001694A1CD0
:1001E00002610878704700B58FB0CDE90131002178
:1001F000059105497944CDE903101146684600F0A0
:1002000093F80FB000BD0000E5FFFFFF0A6802F899
:10021000010B0A60704700002DE9F0418046D21DB5
:1002200022F007020025D2E90002F52915A614D014
:10023000011E72F1000106DA0023D0EB030063EB2C
:10024000020211A608E0D8F800108B0701D50FA60E
:1002500002E0490701D50EA601251146002408F148
:10026000240704E000F024F930323A55641C50EAC7
:100270000102F7D12B46324621464046BDE8F04107
:1002800000F05BB9000000002D0000002B00000012
:1002900020000000F0B40D460188090502D5214C6C
:1002A0007C4402E01F4C7C440E34002100F1240603
:1002B00008E002F00F071209E75D42EA03721B092A
:1002C0007754491C52EA0307F3D10278002312073E
:1002D00004D5702D06D009B1022311342246F0BC9A
:1002E00000F02BB901231034F8E770B504460D4631
:1002F00021461068FFF73FFF024629462046BDE829
:1003000070400023C6E7D21D22F00703D3E9002383
:10031000C0E70368126843F0200303600823C36149
:100320000023B7E700A400002DE9F05F89460446EA
:100330004FF0000ADFF874B1FB44C0F820A020465B
:10034000E1688847002874D0252806D0D4E9012127
:100350009047206A401C2062F1E700265F46204655
:10036000E16888472028054607DB312D05D278193A
:1003700010F8200C08B10643F1E7B00701D526F0CC
:100380000406C4F81CA00027C4F818A02A2D09D020
:1003900028460DF7ADFA38B304EB8708303DC8F8AE
:1003A000185019E059F8041B204604EB87029161AC
:1003B000E1688847012F054618D1E069002820DA56
:1003C00026F020061DE0D8F8180000EB800005EBB1
:1003D00040003038C8F818002046E16888470546D4
:1003E0000DF786FA0028EED1012F0AD02E2D08D164
:1003F0002046E16888477F1C0546022F46F020060C
:10040000C4DBA069002803DA404246F00106A0617F
:10041000F00701D026F010066C2D0BD0682D09D006
:100420004C2D39D06A2D35D0742D35D07A2D33D05E
:1004300016E038E0E1682F4620468847B842054676
:1004400009D16C2F26D04FF48060E1680643204626
:100450008847054604E06C2F1AD04FF4807006439D
:100460000DB3A5F14100192802D8203546F40066E5
:100470004A462946204626604E46FFF65DFF80B17B
:1004800001280BD0F61D26F0070000F1080956E7F9
:100490004020E4E78020D8E70020D6E706F10409F1
:1004A0004DE7284652E7206ABDE8F09FF0D5F0FFFF
:1004B00030B5B0F10A0271F100034FEA900E4EEA36
:1004C000817EB0EB0E0061EB91014FEA101E4EEA07
:1004D000017E10EB0E0041EB11114FEA102E4EEA97
:1004E000016E10EB0E0041EB11214FEA104E4EEA67
:1004F000014E10EB0E0041EB1141401841F100019B
:100500004FEAD00040EA41704FEAD1014FEA81043E
:1005100044EA907410EB800544EB01046D1944EB40
:100520000404521BA3414FF0000348BF0A3200D518
:1005300030BD401C41F1000130BD2DE9F0470D46B2
:1005400099469246044600F124080168880604D5BD
:10055000E06921F01001216000E00120A84201DDE6
:10056000471B00E00027A1697A1902EB0900081A6D
:10057000A0612078C00602D4204600F73FF800268C
:1005800008E0D4E901211AF806009047206A401CCF
:10059000761C20624E45F4DB2078C0060AD5204642
:1005A00000F72CF806E0D4E9012130209047206ABA
:1005B000401C2062381EA7F10107F4DC07E0D4E9F3
:1005C000012118F805009047206A401C2062281E6F
:1005D000A5F10105F3DC204600F726F82078000697
:1005E00002D50220BDE8F0870120FBE72DE9FF4F8F
:1005F0000C461E464FF0FF378BB0D2E90001DDF804
:1006000060800A908A46C1F30A5505B93D4600212B
:1006100008464FF00000BAF1000F00F4400005DA80
:1006200000EB80004FF4400101EA50004FEA90597E
:10063000B9F1010F00DDB9460A9850EA4A000ED020
:1006400044F61050A5F2FF3545432F14B8F1000FC2
:100650001ED07542291E1EDDC9F100021CE0B8F152
:10066000010F4FF0000001D0302103E0F24305E01C
:100670002154401CB042FBDB3046002200212154B3
:100680000B99C1F80880C1E900200FB0BDE8F08FD8
:10069000BD1B6D1CDEE74A4600DA694206A800F77A
:1006A00047F906AB93E8070003AB83E80700504621
:1006B0000A9909F0B3FD8DE80700A0F500501F3836
:1006C00000900398002D0ADD42F21F014A460844BB
:1006D000002303A9039068460DF7CAF809E0A0F5C6
:1006E00000504A461F38002303A90390684609F0CA
:1006F00075FE8DE807000004000C03D04FF0FF30BA
:10070000410800E01046B8F1000F03D0002200922B
:1007100015461EE0751E05D4FFF7CAFE303262553D
:100720006D1EF9D5B3460122084302D000227F1C7A
:1007300004E02078302801D100227F1E002A09978A
:1007400084D01DE0112D07DAFFF7B2FE303262557A
:100750006D1C50EA0102F5D1084302D00098C8B1DF
:100760000EE00021681E05E0235C625C63542254A5
:10077000401E491C8142F7DBAB46A81B401E099076
:10078000002004F80B000B98099AC0F80880C0E913
:10079000002B7AE711264FF0000857E72DE9F04FBC
:1007A00088460446D21D22F0070191B0D1E900012C
:1007B000CDE90A010DF784F802460B98C00F01D06D
:1007C0002D2007E02068810701D52B2002E02021A1
:1007D00001EAC000032A099001D0072A05DB03467D
:1007E0004146204600F764F80BE12078800601D5E9
:1007F000E06900E00620B8F1650F814606D0B8F147
:10080000660F18D0B8F1670F70D131E00020B9F150
:10081000110F009001DB112301E009F101030AAA85
:1008200001A90CA8FFF7E2FEDDE90C70002609F132
:100830000105834647E001204B4600904FF00047FA
:100840000AAA01A90CA8FFF7D1FEDDE90DB00C99A9
:100850005D46002610B909F101000D18B9EB05003D
:1008600003D4C0F1FF3609F10105A5EB09002BE027
:10087000B9F1010F01DA4FF001090020B9F1110FB0
:100880000090484601DD112300E003460AAA01A9B1
:100890000CA8FFF7ABFEDDE90C704D460026834641
:1008A000207800070AD4AB4500DA5D4601A8012D87
:1008B00004DD411911F8011C302907D04F4502DA37
:1008C00017F1040F04DA012082460FE06D1EEEE7F7
:1008D000002F02DCED1B3E4403E0781CA84200DD43
:1008E0007D1CB81B00F1010A4FF00047207800077B
:1008F00003D4AA4501DB4FF0FF3A0021B7F1004FC6
:100900000DF143088DF8431024D002202B23002F33
:1009100001DA7F422D230A21021EA0F1010000DC32
:100920005FB197FBF1FC97FBF1F201FB1C7C1746D2
:100930000CF1300C08F801CDEEE7A8F101000370CE
:100940002188090501D5452100E06521A0F10108B4
:1009500000F8011C09980FA9A1EB0807FF1D00B1C1
:100960000120411901EBEA70A1693844081A401EC0
:10097000A0612078C00602D42046FFF63FFE099809
:1009800028B1D4E901219047206A401C20622078D8
:10099000C00622D52046FFF631FE1EE0002E04DB05
:1009A000B34502DD01A8805D00E03020D4E90121DB
:1009B0009047206A401C2062761CAAF101005FEA81
:1009C000000A0AD100F0E6F9C0680168405CD4E989
:1009D00001219047206A401C2062281EA5F10105D4
:1009E000DCDC07E0D4E9012118F8010B9047206A0C
:1009F000401C2062381EA7F10107F3DC2046FFF6F9
:100A000013FE032011B041E62DE9F04F04460D46D8
:100A1000D21D22F0070089B0D0E900974846394638
:100A20000CF74EFF0246F80F01D02D2307E0206897
:100A3000810701D52B2302E0202101EAC0038DF8B4
:100A400020300BB1012000E00020032A824601D0B3
:100A5000072A04DB29462046FFF62AFF3FE12078DB
:100A6000800601D40D2500E0E569C7F30A560D2D77
:100A700049DA00214FEA175B08464FF00000002FCB
:100A800000F4400007DA00EB80004FF4400100EB77
:100A9000D07001EA60008115012901DD4FF0FF31BE
:100AA00000224FEA850CBCF1180F06D31346ACF1B7
:100AB00018004FF08052C24003E04FF4801323FA35
:100AC0000CF30CF10C0CBCF1200F04D3ACF1200C96
:100AD00009FA0CF001E007FA0CF000294FF0004889
:100AE00001DD18B90FE00ED140450CD319EB020916
:100AF0005F4121B9404502D19F4329EA0209BBEB7E
:100B0000175F00D0761C2088000502D57B4878440A
:100B100002E07A487844193808AA302302F80A30EB
:100B2000037C0AF10101002E0AF1020A53546A46BD
:100B300002DC4FF0300101E04FF031014FF00108CD
:100B40008DF8001002D0A6F2FF3603E059EA470103
:100B500000D06B4E002D02DC2178090704D54FF040
:100B600002082E218DF80110C44600210BE0C7F3C6
:100B700003433F01C35C491C6D1E02F80830052980
:100B800008F1010801DA002DF1DC00210CE000EB96
:100B90001973491C1B786D1E082902F808304FEAAA
:100BA000091908F1010801DA002DF0DC21688B0633
:100BB00002D516E0A8F10108E04505DD02EB0803C7
:100BC00013F8013C302BF5D0B8F1000F09DD02EB32
:100BD000080313F8013C2E2B03D1090701D4A8F117
:100BE0000108002D05DD3E2102F808106D1E08F1F8
:100BF0000108407C002E02F8080008F1010804DA20
:100C00002D20764202F8080002E02B2002F80800AE
:100C10000A214FF47A70864208F101080BDB96FB3B
:100C2000F0F3303302F8083096FBF0F308F10108D6
:100C300000FB136601E0642E0CDB642096FBF0F3EE
:100C4000303302F8083096FBF0F308F1010800FB9E
:100C5000136601E00A2E06DB96FBF1F0303002F855
:100C6000080008F1010896FBF1F001FB106030303C
:100C700002F80800A16908F1010808EB050202EB7F
:100C80000A00081AA0612078C00602D42046FFF6A8
:100C9000B5FC216A08AE01EB0A00206204E0D4E949
:100CA000012116F8010B9047BAF1010AF7D220781A
:100CB000C00602D52046FFF6A1FC6E4609E016F8F4
:100CC000010B3E280FD0D4E901219047206A401C37
:100CD0002062B8F10108F2D22046FFF6A5FC09B067
:100CE0000320BDE8F08F206A2844206203E0D4E9A5
:100CF0000121302090476D1EEBD3F8E7CD9B00001B
:100D000002FCFFFF10B5436913B1AFF3008001E0AF
:100D1000FFF6FEFC012010BD128800F12401828440
:100D20000022C2840122EDE711684FF0FF32E9E7AB
:100D3000007B00F080007047754600F039F8AE4641
:100D400005006946534620F00700854618B020B5D7
:100D5000FFF660FBBDE820404FF000064FF00007B3
:100D60004FF000084FF0000BAC46ACE8C009ACE80F
:100D7000C009ACE8C009ACE8C00921F007018D4604
:100D80007047000010B500F005F8001D10BD00BF51
:100D9000BD980000004870478000002410B504464C
:100DA000AFF300802046BDE81040FFF734B90000E3
:100DB000004870476000002480B58CB00B900B9801
:100DC0000A900020ADF81600ADF814008DF813005D
:100DD00009F09EF80690FFE70A980079002800F0D5
:100DE0009180FFE740F21400C2F200400190416898
:100DF00000200290884701990298898EC90B8DF8CE
:100E000012109DF812100390B9B1FFE740F21400E0
:100E1000C2F20040818900204909182903900CD8AA
:100E2000FFE740F21400C2F20040018C0020B1F54F
:100E3000F07F38BF01200390FFE7039800F0010026
:100E40008DF811009DF8110000283ED0FFE79DF8B5
:100E50001300A0B1FFE740F21400C2F20040808905
:100E6000BDF8161088420AD1FFE740F21400C2F222
:100E70000040008CBDF81410884222D0FFE79DF896
:100E80001300002818BF01208DF81C0040F2140048
:100E9000C2F200408189ADF81E10008CADF8200030
:100EA00009F036F809900A98006807A901F0D4FD06
:100EB000BDF81E00ADF81600BDF82000ADF8140016
:100EC000FFE701208DF813001BE09DF81300B8B177
:100ED000FFE702208DF81C00BDF81600ADF81E00DB
:100EE000BDF81400ADF8200009F012F809900A9836
:100EF000006807A901F0B0FD00208DF81300FFE79E
:100F0000FFE7FFE7FFE706A805210BF7B9FFFFE7BB
:100F100062E7000000000000F0B597B01690169848
:100F200015900020109008F0F3FF1290FFE7FFE704
:100F300040F21441C5F60201086880F00100086023
:100F4000FFE71598006808F0F7FA119011981099CA
:100F5000884203D9FFE711981090FFE713A801F723
:100F6000F7FB1598406808F007FB0F90159880680C
:100F700008F002FB0E90002008F0FEFA0D9008F039
:100F8000C7FF44F6D351C1F26201A0FB01108009F2
:100F9000069008F011FD0790139808901498099096
:100FA0001198ADF828001098ADF82A000F98ADF808
:100FB0002C000E98ADF82E000D98ADF830000BF710
:100FC000FBFB0698079A089BDDF824C0DDF828E0B3
:100FD0000B9C45F2E471C2F200414C61C1F810E093
:100FE000C1F80CC08B604A6008600C9888610BF7F0
:100FF00017FC08F08DFF0146079A119B1098DDF849
:101000004CE0149C0F9D0E9E0D9FEC46CCF8147086
:10101000CCF81060CCF80C50CCF80840CCF804E0C8
:10102000CCF800004DF66A30C0F61000FFF602FA68
:10103000FFE712A84FF4FA710BF722FFFFE776E7FC
:1010400080B58EB00D900D980C9000208DF810009A
:101050008DF815008DF816004FF4C871ADF8181012
:10106000F021ADF81A10089009900A90FF208DF831
:101070002C008DF82D0008F04BFF0090009800F533
:10108000FA6007900C990879896802F771FEFFE70A
:101090000C98006801A932220BF7CAFD012829D15A
:1010A000FFE708F035FF00909DF81000012807D1F8
:1010B000FFE70C99009B04A801AA01F759FC18E06E
:1010C0009DF81000032806D1FFE7009A04A801A9A3
:1010D00001F706FC0CE09DF81000042807D1FFE79B
:1010E0000C99009B04A801AA01F79AFBFFE7FFE710
:1010F000FFE7FFE708F00CFF00900C99009A04A8A6
:1011000001F03EFDC4E7000080B5BEB03D904DF655
:101110005050C0F60000FFF68DF901F059FE8DF831
:101120000F009DF80F0070B9FFE740F66060C2F253
:10113000004001684DF60E50C0F60000FFF67AF947
:1011400002F74EF808E09DF80F104DF69640C0F6F5
:101150000000FFF66FF9FFE7FFE745F60800C2F26F
:101160000040006804A94FF0FF320BF761FD012831
:1011700030D1FFE79DF81000052805D0FFE79DF866
:101180001000062811D1FFE704A83BA9029101F73E
:10119000A7FE029940F65C60C2F2004000684FF082
:1011A000FF32002308F0F4FC13E040F2C001C2F269
:1011B0000041019104A801F04BFE019945F60C0095
:1011C000C2F2004000684FF0FF32002308F0E0FC5C
:1011D000FFE7FFE7C1E7000082B000208DF80600BE
:1011E0004FF480300090FFE70098411E009158B105
:1011F000FFE747F23400C5F200200068000600282F
:1012000001D5FFE700E0EFE7009820B9FFE70320F2
:101210008DF807000DE047F23801C5F2002140F6D5
:10122000FF70C1F6E07008609DF806008DF80700B9
:10123000FFE79DF8070002B07047000000000000C3
:1012400083B000208DF80A004FF480300090FFE753
:101250000098411E009170B1FFE747F23400C5F2DB
:101260000020006801909DF8040010F0450F01D0A7
:10127000FFE700E0ECE7009830B1FFE79DF80400DD
:101280004007002810D5FFE703208DF80A0047F239
:101290003801C5F20021086840F0040008609DF89C
:1012A0000A008DF80B001EE09DF80400C00760B135
:1012B000FFE701208DF80A0047F23801C5F200214E
:1012C000086840F001000860FFE747F23801C5F206
:1012D000002140F6FF70C1F6E07008609DF80A003A
:1012E0008DF80B00FFE79DF80B0003B0704700007E
:1012F00082B0FFE747F23400C5F20020006800909A
:101300009DF8000010F0450F01D0FFE700E0F1E785
:101310009DF80000400700280CD5FFE747F2380190
:10132000C5F20021086840F00400086003208DF831
:1013300007000CE047F23801C5F2002140F6FF70CB
:10134000C1F6E070086000208DF80700FFE79DF807
:10135000070002B07047000085B08DF812000391BD
:1013600000208DF80B00FFE747F23400C5F20020A3
:10137000006801909DF8040010F0450F01D0FFE7D0
:1013800000E0F1E79DF80400400700280CD5FFE7D6
:1013900047F23801C5F20021086840F004000860F7
:1013A00003208DF813005FE09DF80400C00760B1D2
:1013B000FFE747F23801C5F20021086840F001005C
:1013C000086001208DF813004EE047F21000C5F2CE
:1013D000002000689DF81210884204D0FFE710201A
:1013E0008DF8130040E047F23801C5F2002140F6C5
:1013F000FF70C1F6E070086047F21400C5F20020EB
:10140000006800909DF8010010F0E00F09D1FFE79F
:10141000BDF80200039908809DF80B008DF81300B9
:1014200022E09DF801008006002804D5FFE7132084
:101430008DF8130018E09DF801004006002804D53F
:10144000FFE710208DF813000EE09DF80100000664
:10145000002804D5FFE70F208DF8130004E09DF865
:101460000B008DF81300FFE79DF8130005B07047DF
:1014700082B0ADF8060047F20401C5F20021086809
:101480000090009840F2FF3290430090BDF8062093
:101490000098104300900098086002B07047000068
:1014A00083B08DF80B008DF80A1001920020009097
:1014B000019847F20801C5F2002108609DF80B0071
:1014C00000F03F010098084300909DF80A10009832
:1014D00040EA01200090009840F48050009000986D
:1014E00047F20C01C5F20021086003B0704700000C
:1014F00084B0039002918DF807208DF80630039890
:1015000047F22401C5F200210860029820F07E40D5
:1015100047F22801C5F20021086047F22C01C5F20C
:10152000002108680090009820F0FF0000909DF8CE
:101530000720009840EA0210009000989DF80620CD
:1015400002F0010240EA42000090009840F00100E1
:1015500000900098086004B0704700000000000090
:1015600080B582B000208DF806000120ADF804009F
:1015700047F20000C5F200200068800720B9FFE7AD
:1015800025208DF80700CCE040F23C60C2F200401C
:10159000007804282FD0FFE7022003210022FFF764
:1015A0007FFFFFF74DFE8DF806009DF8060028B17D
:1015B000FFE79DF806008DF80700B2E047F214003F
:1015C000C5F20020006840F21C61C2F200410860D0
:1015D00047F21800C5F200200068486047F21C007E
:1015E000C5F200200068886047F22000C5F20020A4
:1015F0000068C860FFE740F23C60C2F2004000783B
:10160000C0B1FFE740F23C60C2F200400078012820
:1016100010D0FFE740F23C60C2F20040007806289C
:1016200008D0FFE740F23C60C2F200400078022898
:1016300016D1FFE70320009001210022FFF730FFC1
:10164000009801A9FFF788FE8DF806009DF80600B6
:1016500028B1FFE79DF806008DF8070061E0FFE77D
:1016600040F23C60C2F200400078032815D1FFE749
:10167000BDF80400020403200121FFF711FFFFF76A
:10168000DFFD8DF806009DF8060028B1FFE79DF804
:1016900006008DF8070044E0FFE740F23C60C2F22C
:1016A00000400078042838D0FFE7BDF8040040F27D
:1016B0004861C2F200410860BDF80400020409203C
:1016C0000321FFF7EDFEFFF7BBFD8DF806009DF847
:1016D000060028B1FFE79DF806008DF8070020E01E
:1016E00047F21400C5F20020006840F22C61C2F2FB
:1016F0000041086047F21800C5F200200068486009
:1017000047F21C00C5F200200068886047F2200004
:10171000C5F200200068C860FFE700208DF80700D0
:10172000FFE79DF8070002B080BD00000000000048
:1017300080B58CB0002004908DF82E000A908DF8B2
:10174000270008900790069005900A9847F2040138
:10175000C5F200210860FA20FFF78AFE049847F2DC
:101760000002C5F20022032111608DF82E00FFE770
:101770009DF82E00492815DCFFE70022104611468F
:10178000FFF78EFEFFF728FD8DF827009DF8270054
:1017900008B9FFE706E0FFE79DF82E0001308DF85D
:1017A0002E00E5E79DF8270028B1FFE79DF8270008
:1017B0008DF82F00DDE0082001214FF4D572FFF7EE
:1017C0006FFEFFF685F98DF827009DF8270050B9C8
:1017D000FFE740F23C61C2F20041012008704FF087
:1017E00080400590FFE73720039001210022FFF79A
:1017F00057FE0398FFF610F98DF827009DF8270093
:10180000002867D1FFE7FFE706990020029049B959
:10181000FFE707994FF6FF720020914238BF012081
:101820000290FFE70298C007C0B3FFE7372001909E
:1018300001210022FFF734FE0198FFF6EDF88DF844
:1018400027009DF8270028B1FFE79DF827008DF8B5
:101850002F008EE005980021C8F2100140EA010235
:1018600029200121FFF71CFEFFF742FD8DF827001C
:101870009DF8270028B1FFE79DF827008DF82F007D
:1018800077E047F21400C5F200200068089008983D
:10189000C00F0690079801300790B5E707984FF6FC
:1018A000FF71884208D3FFE71B208DF827009DF8C1
:1018B00027008DF82F005CE0089800F08040089029
:1018C00038B1FFE740F23C61C2F2004102200870EB
:1018D000FFE749E0FFE706990020009049B9FFE7DC
:1018E00007994FF6FF720020914238BF0120009007
:1018F000FFE70098C00710B3FFE7012148F200029C
:10190000C8F2FF020846FFF7CBFDFFF7F1FC8DF8A8
:1019100027009DF8270028B1FFE79DF827008DF8E4
:101920002F0026E047F21400C5F20020006808905E
:101930000898C00F0690079801300790CBE70798EA
:101940004FF6FF71884208D3FFE71B208DF8270070
:101950009DF827008DF82F000BE040F23C61C2F2A9
:10196000004103200870FFE79DF827008DF82F0045
:10197000FFE79DF82F000CB080BD000000000000C4
:1019800080B582B00190019A072000900121FFF7F5
:1019900087FD0098FFF640F802B080BD000000000F
:1019A00080B59AB001461D981C981891179316920D
:1019B000ADF8560000208DF855008DF854001490B5
:1019C00013901290119010901D98BDF85610484336
:1019D0000F9018980E90189820B9FFE726208DF8E0
:1019E00067005BE247F22C01C5F20021002008608D
:1019F00040F23C60C2F20040007802280DD1FFE7BF
:101A00004FF40070ADF8560016981799400A40EA56
:101A1000C150491217911690FFE7BDF856201020CB
:101A20000D900121FFF73CFD0D98FEF6F5FF8DF8B6
:101A300055009DF8550028B1FFE79DF855008DF839
:101A400067002BE21D9802285DD3FFE71D98BDF8C3
:101A500056104843B0F1007F04D3FFE726208DF8ED
:101A600067001BE240F23C60C2F20040007880B1A7
:101A7000FFE740F23C60C2F200400078012808D045
:101A8000FFE740F23C60C2F20040007802282ED10D
:101A9000FFE740F24860C2F20040006802043720CD
:101AA0000C900121FFF7FCFC0C98FEF6B5FF8DF8B9
:101AB00055009DF8550028B1FFE79DF855008DF8B9
:101AC0006700EBE11D9A17200B900121FFF7E8FC5E
:101AD0000B98FEF6A1FF8DF855009DF8550028B132
:101AE000FFE79DF855008DF86700D7E1FFE7169AEC
:101AF00019200A900121FFF7D3FC0A98FEF68CFF0B
:101B00008DF8550069E040F24860C2F2004000687C
:101B100002040D2009900121FFF7C2FC0998FEF68E
:101B20007BFF8DF855009DF8550028B1FFE79DF823
:101B300055008DF86700B1E147F21400C5F20020AE
:101B4000006812904FF0FF301490FFE700209DF8DE
:101B50004910C907089031B9FFE71498002818BF49
:101B600001200890FFE70898C00718B3FFE7149812
:101B70000138149040F24860C2F20040006802044C
:101B80000D2007900121FFF78BFC0798FEF644FF1C
:101B90008DF855009DF8550028B1FFE79DF85500D8
:101BA0008DF867007AE147F21400C5F20020006862
:101BB0001290CBE7149820B9FFE729208DF8670031
:101BC0006CE1169A182006900121FFF769FC06982F
:101BD000FEF622FF8DF85500FFE79DF8550028B16D
:101BE000FFE79DF855008DF8670057E11D98BDF897
:101BF000561041434FF0FF30059009220023FFF7B4
:101C000077FC059847F20C02C5F20022116841F0FA
:101C100040011160149007F05BF8FFE747F23400D1
:101C2000C5F20020006810F48D7F6CD1FFE747F209
:101C30003400C5F2002000684004002857D5FFE7B3
:101C40000F981399401A1F2831D8FFE70F9813995E
:101C5000401A800730B9FFE70F981399401A80089F
:101C6000049007E00F981399411A012000EB9100AE
:101C70000490FFE70498109000201190FFE711985E
:101C80001099884212D2FFE70E98006847F280014F
:101C9000C5F200210860FFE71198013011900E98FD
:101CA00004300E90139804301390E8E71BE00020F6
:101CB0001190FFE7119807280ED8FFE70E981199A9
:101CC00050F8210047F28001C5F200210860FFE7CB
:101CD000119801301190EDE70E9820300E90139876
:101CE00020301390FFE76FF0404014900AE0149802
:101CF00020B9FFE704208DF86700CFE01498013881
:101D00001490FFE78AE747F20C01C5F2002108684A
:101D100020F04000086006F0DFFF47F23400C5F213
:101D200000200068000700280CD5FFE747F23801C3
:101D3000C5F20021086840F00800086004208DF812
:101D40006700ABE047F23400C5F20020006880076E
:101D500000281CD5FFE747F23801C5F200210868CA
:101D600040F0020008601D9802280CD3FFE70C2009
:101D7000039001210022FFF793FB0398FEF64CFE2F
:101D80008DF85500FFE702208DF8670086E047F2E6
:101D90003400C5F200200068C00600280CD5FFE71B
:101DA00047F23801C5F20021086840F010000860D1
:101DB00005208DF8670071E0FFE7FFE747F2340088
:101DC000C5F200200068C005002831D5FFE71D9846
:101DD00002282DD3FFE740F23C60C2F200400078B9
:101DE00080B1FFE740F23C60C2F200400078012879
:101DF00008D0FFE740F23C60C2F2004000780228C1
:101E000015D1FFE70C20029001210022FFF748FBCB
:101E10000298FEF601FE8DF855009DF8550028B198
:101E2000FFE79DF855008DF8670037E0FFE7FFE713
:101E300047F23801C5F2002140F6FF70C1F6E070AC
:101E4000086015A8FEF674FF8DF85500FFE79DF8B1
:101E500055100020019091B9FFE79DF85410012022
:101E60000729009008D0FFE79DF854000638B0FA23
:101E700080F040090090FFE700980190FFE701988B
:101E8000C00730B1FFE715A8FEF652FF8DF85500E8
:101E9000DDE79DF855008DF86700FFE79DF86700C6
:101EA0001AB080BD0000000080B58CB00B900A9184
:101EB000099200218DF823100A980591049040F2B0
:101EC0003C60C2F20040007848B1FFE704990598F1
:101ED000400240EAD150490204910590FFE79DF885
:101EE0002C00800790B3FFE700200790FFE70798DA
:101EF0000999884229D2FFE70B9940F2A860C2F203
:101F0000004003904FF400720292FEF6EAFA029942
:101F10000398049A059BDDF81CC012EB4C2243F198
:101F20000003EC464FF0010ECCF804E0CCF80010B2
:101F3000FFF736FD8DF823000B9800F500700B902D
:101F4000FFE7079801300790D1E70FE00B98049A5C
:101F5000059B0999EC46CCF804104FF40071CCF8BD
:101F60000010FFF71DFD8DF82300FFE79DF823000B
:101F70000CB080BD0000000081B041F21C00C4F232
:101F800001000068800600285DD5FFE741F22400CB
:101F9000C4F2010000688DF8030045F62430C2F257
:101FA00000404078000600284CD4FFE745F6243076
:101FB000C2F2004000884004002816D5FFE79DF8D3
:101FC00003000A2807D0FFE745F62431C2F200419A
:101FD0000020088008E045F62431C2F2004108885C
:101FE00040F400400880FFE72BE09DF803000D2837
:101FF00009D1FFE745F62431C2F20041088840F4D8
:10200000804008801CE09DF8031045F62430C2F2A1
:10201000004003886FF39F3345F65C22C2F2004212
:10202000D1540188013101800088C82807DBFFE70F
:1020300045F62431C2F2004100200880FFE7FFE7A7
:10204000FFE7FFE7FFE741F22001C4F20101086862
:1020500040F00800086001B0704700000000000078
:1020600081B0009001B0704780B584B0ADF80C002D
:10207000ADF80A108DF8092041F26C10C2F2004050
:10208000C068B0F5806F13D3FFE741F26C11C2F264
:1020900000410020009088704DF6DA60C0F6000024
:1020A000FFF6CAFE00F034FA00988DF80F0021E028
:1020B00041F26C11C2F20041C86801EBC00050301F
:1020C0000190BDF80C00019A1080BDF80A00019A39
:1020D00050808888019A90809DF80900019A90713B
:1020E000019A0020D071C8680130C86001208DF8C5
:1020F0000F00FFE79DF80F0004B080BD0000000056
:1021000041F26C11C2F200410020087088707047E3
:1021100085B0049003910292049818B1FFE70398E8
:1021200008B9FFE728E0002001900298F8B1FFE726
:10213000FFE702980199415C0020009049B1FFE758
:102140000198411C039A0020914238BF0120009061
:10215000FFE70098C00748B1FFE70298019A805C4A
:1021600004998854019801300190E2E7FFE704994F
:10217000019A00208854FFE705B070470000000076
:1021800080B584B0039041F26C10C2F20040007838
:1021900050B1FFE7039838B1FFE741F26C10C2F28B
:1021A0000040407808B1FFE70BE10398007802286F
:1021B00007D1FFE741F26C11C2F2004100208870A4
:1021C000FFE003980078002840F0A680FFE703991D
:1021D0004888898801F080F88DF80B009DF80B0085
:1021E000012810D1FFE741F26C11C2F2004100203A
:1021F000C86088704DF61B70C0F60000FFF61CFE2C
:1022000000F00EF9DDE09DF80B00022803D1FFE796
:10221000FFF692FED5E09DF80B00032803D1FFE7FF
:10222000FFF64AFECDE09DF80B0004280FD1FFE732
:1022300041F26C11C2F20041002088804DF63560F9
:10224000C0F60000FFF6F8FD00F062F9B9E09DF875
:102250000B00052810D1FFE741F26C11C2F20041DA
:102260004FF4784088804DF60E60C0F60000FFF60F
:10227000E3FD00F04DF9A4E09DF80B00062810D115
:10228000FFE741F26C11C2F200414FF4FC6088801C
:102290004DF64A60C0F60000FFF6CEFD00F038F9BA
:1022A0008FE09DF80B0007280FD1FFE741F26C117A
:1022B000C2F200411F2088804DF62160C0F6000068
:1022C000FFF6BAFD00F024F97BE00399488889887D
:1022D00000F07AF8F8B1FFE703994888898801226D
:1022E000FFF7C2FEB8B1FFE741F26C10C2F2004046
:1022F0000121817003994988C180039989880181EE
:1023000003994A888B888088694608601046194678
:1023100001F092F9FFE754E003980078012850D1CA
:10232000FFE741F26C10C2F200408078002848D0EC
:10233000FFE703994888898800F046F838B9FFE735
:1023400041F26C11C2F200410020887039E003981C
:10235000408841F26C11C2F20041C98888420BD119
:10236000FFE70398808841F26C11C2F200410989AD
:10237000884201D1FFE724E0039948888988002238
:10238000FFF772FEE0B1FFE741F26C1CC2F2004CB5
:10239000CDF804C0BCF80600BCF80810039B5A88AE
:1023A0009B88BCF804C0EE46CEF800C001F044F9AA
:1023B000019903984088C880039880880881FFE7C6
:1023C000FFE704B080BD000082B0ADF80600ADF8B4
:1023D0000410BDF8061000201C29009018D3FFE758
:1023E000BDF806100020B1F5197F009010D8FFE766
:1023F000BDF8041000204629009009D3FFE7BDF87E
:1024000004100020B1F5D37F98BF01200090FFE7B2
:10241000009800F0010002B07047000000000000CA
:1024200080B541F26C10C2F20040007808B9FFE7B5
:102430000BE041F26C11C2F2004188884A781031F9
:1024400001F742FEFFF6ACFCFFE780BD0000000094
:1024500080B584B0FFE702A800F04AFD012855D1FD
:10246000FFE741F26C10C2F2004000214170007899
:1024700008B9FFE7EFE79DF8090048B1FFE79DF8CD
:102480000900FFF6E9FCFFF6D7FC00F041F8E2E7AF
:102490009DF80800062809D1FFE74DF69960C0F6BF
:1024A0000000FFF6C9FC00F033F82EE09DF80800AC
:1024B000052829D1FFE70398FFF6B2FB48B9FFE7EB
:1024C0004DF6FC60C0F60000FFF6B6FC00F020F808
:1024D000C1E743F2C071C2F200418A6841F26C1058
:1024E000C2F20040C260C268D2000192019A50302C
:1024F0001031FDF7B8FD4DF67960C0F60000FFF62B
:102500009BFCFFF78DFFFFE7FFE7A4E704B080BD6A
:1025100080B541F26C10C2F20040007850B1FFE784
:1025200041F26C11C2F2004188884A78103101F002
:102530008BFEFFE780BD000080B584B043F2C4107D
:10254000C2F20040807C48B1FFE74DF6F730C0F69C
:10255000100000F7D9F800F0B3F93FE01320ADF810
:102560000E0043F2C410C2F200404089BDF80E10C4
:102570000844C02809D3FFE74DF6D450C0F6100038
:1025800000F7C2F800F09CF928E043F2C410C2F250
:102590000040029041892D3001900844BDF80E2082
:1025A0004AF2AF71C0F61001FDF69BFF019A029945
:1025B0004889BDF80E30184448814B890020D0541A
:1025C0004A89CA6001220A7448744DF64F50C0F619
:1025D000100000F799F800F073F9FFE704B080BD30
:1025E00083B08DF807009DF807000138014600917F
:1025F000052824D80099DFE801F003090F15211BF5
:102600004DF6AF60C0F6100002901EE04DF64C6033
:10261000C0F61000029018E04DF63240C0F61000EF
:10262000029012E04DF61B50C0F6100002900CE034
:102630004DF6A050C0F61000029006E0FFE74DF600
:10264000CB30C0F610000290FFE7029803B070474D
:1026500080B586B0059043F2C410C2F2004000215C
:102660004170007808B9FFE7F3E00598407848B179
:10267000FFE705984078FFF7B3FF00F745F800F053
:102680001FF9E6E00598007801460491042800F25D
:10269000D7800499DFE801F0035E65B0C2000598B9
:1026A000C17843F2C410C2F20040039081700599D2
:1026B000DC3100F5B8704FF49062FDF7D4FC03985C
:1026C000807848B9FFE743F2C411C2F20041FF200D
:1026D00008710020C8701BE043F2C411C2F200412F
:1026E00091F9040091F90210884210DBFFE743F2F0
:1026F000C411C2F2004188780138087108794AF69D
:10270000AB22C2F6AA22A0FB0220C870FFE7FFE7B7
:10271000FFF6AEFF43F2C410C2F2004090F82D0164
:1027200070B1FFE743F2C410C2F20040029000F221
:102730002D10FFF6E9FF0299002081F82D0106E037
:102740004DF6B730C0F61000FFF6DEFFFFE700F0F1
:10275000B7F87EE04DF61B40C0F61000FFF668FFAC
:1027600077E0059800F10C0243F2C410C2F2004079
:10277000009013300D21FFF647FC009805991931A0
:102780002D30C022FDF6ADFE0099002081F8EC004E
:10279000059A92884A81059A9268CA6008744874BA
:1027A00005980C3000F058F801460120019041B125
:1027B000FFE7059881680020BF2988BF01200190AC
:1027C000FFE7019800F0010143F2C410C2F200409B
:1027D000817401214171827C4DF6F341C0F61001F4
:1027E0004DF64540C0F61000002A18BF0846FFF617
:1027F0008BFF00F065F82CE043F2C411C2F20041F7
:102800000020087405988088C8604DF66560C0F6A1
:102810001000FFF679FF00F053F81AE043F2C411FC
:10282000C2F2004100204871FF220A71C87481F889
:102830002D004DF65C40C0F61000FFF6F9FE08E0F2
:102840004DF63350C0F61000FFF65EFF00F038F88A
:10285000FFE706B080BD000080B584B0029002980A
:102860002E21FDF7F5FB0190019820B9FFE700202C
:102870008DF80F001DE001984DF6B151C0F6000132
:10288000FDF67EFE01460120009061B1FFE7019850
:102890004DF6EE51C0F60001FDF672FEB0FA80F082
:1028A00040090090FFE7009800F001008DF80F004C
:1028B000FFE79DF80F0004B080BD0000000000009D
:1028C00080B582B043F2C410C2F20040007808B96B
:1028D000FFE731E043F2C410C2F200404079012822
:1028E00014D1FFE743F2C411C2F20041CA680B7C65
:1028F0004878EC46CCF8040001F1ED00CCF800007B
:1029000001F113002D3101F713FC15E043F2C4105F
:10291000C2F2004090F801C08178C27890F904308A
:10292000EE46CEF804C000F1ED0CCEF800C000F584
:10293000B87001F72DFDFFE702B080BD0000000078
:1029400080B5BAB043F2C410C2F20040807C48B1F6
:10295000FFE74DF62960C0F61000FFF6D5FEFFF741
:10296000AFFF38E043F2C410C2F20040007C48B927
:10297000FFE74DF66C50C0F61000FFF6C5FEFFF7FE
:102980009FFF28E003A80290DC21FDF7C0FB02981E
:1029900003218DF80C10013043F2C411C2F2004142
:1029A000019101F113020D21FFF62EFB019902980E
:1029B0000E304A892D31FDF694FD019A0298518915
:1029C000ADF8DA10002151744DF6C441C0F6100183
:1029D00000F006F8FFE73AB080BD000000000000FC
:1029E00080B584B00290019143F2C410C2F200405D
:1029F000407858B1FFE74DF67F50C0F61000FFF663
:102A000083FEFFF75DFF0020039022E0029800F7AD
:102A10007FFC01280BD0FFE74DF6B650C0F6100042
:102A2000FFF672FEFFF74CFF0020039011E043F227
:102A3000C411C2F200410120009048700298007851
:102A400088710198FFF660FEFFF73AFF0098039047
:102A5000FFE7039804B080BD80B582B0019000917B
:102A60000198009900231A4607F092F8012808D12E
:102A7000FFE745F65021C2F20041086801300860C6
:102A800007E043F2BC11C2F200410868013008605F
:102A9000FFE702B080BD000080B58CB00B908DF8D0
:102AA0002B1009920B99042008709DF82B000B99AC
:102AB000487709980B9988619DF92B0018B9FFE7B1
:102AC000FFF64EFD1BE09DF92B00012803D1FFE727
:102AD000FFF64AF912E09DF92B00042808D1FFE720
:102AE00002A80190FFF64CFE019801F03DFA04E0C7
:102AF0009DF82B0001F004F8FFE7FFE7FFE79DF9E1
:102B00002B00012806D0FFE70B990889498900F0BE
:102B10005BFFFFE70CB080BD80B584B003900291ED
:102B200001920399032008700399FF2048770399C5
:102B30000020487103998871019844F6D351C1F27D
:102B40006201A0FB011080090399086102990879CC
:102B50008968039A126901F7C7F9039890F91C0074
:102B6000002806D4FFE7039890F91C0000F03CFF12
:102B7000FFE703990889498900F026FF04B080BD6A
:102B800080B58EB00D900C910B92FFF6CDFDFFF746
:102B90005FFC0D98007860B9FFE70B980D99C96844
:102BA000FFF616FE28B1FFE70D980C99FFF61CFE04
:102BB0006FE00D98007802282ED1FFE70B980D9951
:102BC000C968FFF605FE40B1FFE70D990020887146
:102BD0000D980C99FFF608FE1DE00D98C0680B9942
:102BE000401A0990099800F2E73044F6D351C1F237
:102BF0006201A0FB01108009089008980D994969AD
:102C0000884207D0FFE708980D994861089801F0BD
:102C1000E7FBFFE7FFE73BE00D980078032817D1BB
:102C2000FFE70B9844F6D351C1F26201A0FB0110FB
:102C300080090A900A980D990969884207D0FFE730
:102C40000A980D9908610A9801F0B6FAFFE71EE0AC
:102C50000D980078042819D1FFE70D9890F91D0010
:102C6000042813D1FFE70B980D998969401AB0F534
:102C7000FA7F0BD3FFE70B980D99886101A80090AC
:102C8000FFF67EFD009801F0DFFBFFE7FFE7FFE7BF
:102C9000FFE70EB080BD000085B004900391029262
:102CA000049818B1FFE7039808B9FFE728E000206F
:102CB00001900298F8B1FFE7FFE702980199415CA3
:102CC0000020009049B1FFE70198411C039A0020C1
:102CD000914238BF01200090FFE70098C00748B13B
:102CE000FFE70298019A805C0499885401980130AA
:102CF0000190E2E7FFE70499019A00208854FFE77A
:102D000005B070470000000080B5ADF5147D9390CC
:102D100092919398013000F763F820B9FFE79299F8
:102D2000042048704FE09398B0F8CE00C02804D338
:102D3000FFE792990520487045E09398411C0DF1FA
:102D400007000090FFF6ECFF009908A8062202F0A9
:102D50000FF98DF81F00002006909DF81F0000BBA2
:102D6000FFE7939800F10E01B0F8CE2008A806AB5B
:102D700002F066FD8DF81F009DF81F0068B9FFE79F
:102D800006989399B1F8CE10884206D1FFE708A8BB
:102D900002F7DAFC8DF81F00FFE708A802F768FCCD
:102DA000FFE79DF81F00929988709DF81F00FFF6BD
:102DB000CFFF9299487092980C3093994A1C0D213C
:102DC000FFF76AFFFFE70DF5147D80BD00000000EE
:102DD00080B582B045F65421C2F20041002008704F
:102DE00045F62000C2F200404DF67351C0F60001D6
:102DF000012202F071F88DF807009DF80700A8B9CC
:102E0000FFE740F25061C2F20041886CC96C000DCE
:102E100040EA013040F66061C2F20041086045F6C8
:102E20005421C2F20041012008700CE040F66061BC
:102E3000C2F200410020086045F65421C2F2004170
:102E400002200870FFE79DF8070002B080BD000077
:102E500080B584B003900291029840F25C51FDF776
:102E600056F9039800780299087045F65420C2F28A
:102E700000400078012811D0FFE7FFF7A9FF8DF887
:102E800007009DF8070040B1FFE79DF80700029991
:102E9000887002990120487028E0FFE703980078C5
:102EA0000146009104281DD80099DFE801F00307CE
:102EB0000C1116000298FFF6CBFE17E0039802995A
:102EC000FFF722FF12E00398029900F741F80DE0A6
:102ED0000398029900F73CFA08E003980299FFF67C
:102EE00023FE03E0029905204870FFE704B080BD8F
:102EF00080B582B00090009838B1FFE740F65C6082
:102F0000C2F20040006818B9FFE7002001900AE013
:102F100040F65C60C2F2004000680099002209F7A8
:102F200087FE0190FFE7019802B080BD000000001D
:102F300080B582B0019001982E21FDF789F80090AC
:102F40000098E0B1FFE700984DF6B151C0F60001DE
:102F5000FDF616FB48B1FFE700984DF6EE51C0F6BE
:102F60000001FDF60DFB50B9FFE701980D304DF65D
:102F70009552C0F600020821FFF78EFE09E0019885
:102F80000D304DF67652C0F600020821FFF784FEA0
:102F9000FFE702B080BD0000F0B593B012900020B2
:102FA0008DF84700FFE79DF847001299C9788842DD
:102FB00080F2C680FFE79DF8470001308DF846009B
:102FC000FFE79DF846001299C978884280F2B180E7
:102FD000FFE7129800F1DC019DF8470000EB40008C
:102FE00001EB00109DF8462002EB420201EB0211BA
:102FF000FDF6C6FA0128C0F29580FFE712989DF809
:10300000471001EB410100EB011ECDF804E0DEF8B2
:10301000DC00DEF8E010DEF8E420DEF8E830DEF870
:10302000ECC0DEF8F0400A94CDF824C00893079273
:1030300006910590DEF8F400DEF8F810DEF8FC20CA
:10304000DEF80031DEF804C1DEF808E1CDF840E03A
:10305000CDF83CC00E930D920C910B90129800F19C
:10306000DC069DF8470000EB400006EB00110291E2
:1030700007019DF8460000EB400006EB00140394A6
:1030800005016068A268E368D4F810C0D4F814E0C1
:103090007559F551C1F814E0C1F810C0CB608A60D1
:1030A0004860A069E269236AD4F824C0D4F828E013
:1030B000E46ACC62C1F828E0C1F824C00B62CA619E
:1030C000886112989DF8461001EB410100EB011157
:1030D00004910598069A079BDDF820C0DDF824E0EE
:1030E0000A9CC1F8F040C1F8ECE0C1F8E8C0C1F8B2
:1030F000E430C1F8E020C1F8DC000B980C9A0D9B7D
:10310000DDF838C0DDF83CE0109CC1F80841C1F89A
:1031100004E1C1F800C1C1F8FC30C1F8F820C1F8E1
:10312000F400FFE7FFE79DF8460001308DF8460008
:1031300047E7FFE79DF8470001308DF8470032E789
:1031400013B0F0BD0000000080B584B0FFF61CFD98
:10315000012804D0FFE7042002F702FCFFE720204B
:103160000C21002209F784FC014645F65820C2F2E2
:1031700000400160006820B9FFE7042002F7F0FB7F
:10318000FFE745F65820C2F20040039000684DF674
:103190006941C0F6000106F0D7FA0399086843F2C6
:1031A000B473C2F20043186045F65520C2F20040E5
:1031B00002781A710A6845F61001C2F200410A60ED
:1031C0000078087140F20800C2F200400068886090
:1031D00043F2BC70C2F200406946486004200860B7
:1031E00040F6B950C0F610004DF65F41C0F6000140
:1031F0004FF4007209F718FE012804D0FFE70420FD
:1032000002F7AEFBFFE745F61C00C2F2004069463C
:1032100048600320086041F24100C0F610004DF6FE
:103220004B41C0F6000145F61003C2F200434FF4D3
:10323000806209F7F9FD012804D0FFE7042002F7B6
:103240008FFBFFE745F65820C2F20040006845F2C8
:10325000D873C2F20043186043F2BC70C2F200405F
:103260000068586045F61C00C2F200400068986093
:103270006946002048600120086040F61970C0F6D9
:1032800010004DF65341C0F600014FF4007209F7EB
:10329000CBFD012804D0FFE7042002F761FBFFE724
:1032A000694600234B600220086041F20910C0F615
:1032B00010004DF63F41C0F600014FF4806209F75F
:1032C000B3FD012804D0FFE7042002F749FBFFE724
:1032D00004B080BD0000000082B0ADF80400ADF87D
:1032E0000210BDF8040040F28221884231D3FFE78A
:1032F000BDF80400C00860282BD8FFE7BDF8020025
:10330000462809D3FFE7BDF802006F2804D8FFE77D
:1033100001208DF807007EE0BDF80200802809D367
:10332000FFE7BDF80200A92804D8FFE702208DF8C6
:10333000070070E0BDF80200BA2809D3FFE7BDF826
:103340000200E32804D8FFE703208DF8070062E0BD
:10335000FFE7BDF80200B0F58C7F29D3FFE7BDF889
:1033600002008008502823D8FFE7BDF8040040F28F
:10337000822188420AD3FFE7BDF804008008AE2806
:1033800004D8FFE704208DF8070044E0BDF80400EE
:1033900040F2CA2188420AD3FFE7BDF80400800842
:1033A000C02804D8FFE705208DF8070033E0FFE7C9
:1033B000BDF80200B0F5AA7F29D3FFE7BDF80200EF
:1033C000C009022823D8FFE7BDF8040040F282219B
:1033D00088420AD3FFE7BDF804008008AE2804D86D
:1033E000FFE706208DF8070015E0BDF8040040F265
:1033F000CA2188420AD3FFE7BDF804008008C0282C
:1034000004D8FFE707208DF8070004E0FFE700205D
:103410008DF80700FFE79DF8070002B07047000035
:1034200080B584B0ADF80E00ADF80C10ADF80A20F0
:10343000ADF80830BDF80A10BDF8082049F6F34091
:10344000914208BF4FF6E070ADF80600BDF80E00DF
:10345000BDF80C1000F1390201F12B03EE4641F6E4
:10346000E30CCEF800C092B29BB205F745FFBDF861
:103470000E00BDF80C1000F1390201F12B03BDF86C
:1034800006C0EE46CEF800C092B29BB202F0ACFF8E
:10349000BDF80E20901DBDF80C30991D3332253338
:1034A000BDF80AC0EE46CEF800C080B289B292B232
:1034B0009BB205F721FFBDF80A00A0B9FFE7BDF8F0
:1034C0000E20901DBDF80C30991D33322533EE4689
:1034D0004FF6FF7CCEF800C080B289B292B29BB2A8
:1034E00002F082FFFFE704B080BD00000000000092
:1034F00080B586B08DF817008DF816109DF816006F
:10350000C0EBC0014FF49B7000EB0110ADF814004C
:103510009DF8170000EB4011A02000EB4100ADF832
:103520001200BDF81400BDF8121000F1630201F1A1
:103530003703EE4644F6692CCEF800C092B29BB237
:1035400005F7DAFEBDF81400BDF8121000F16302B1
:1035500001F13703EE464FF6FF7CCDF80CC0CEF8F4
:1035600000C092B29BB202F03FFFDDF80CC0BDF884
:103570001400BDF8121010319DF8172002EB420321
:103580004DF61822C0F6000202EB83029DF81630B9
:1035900052F823206B46C3F804C01A6089B2642233
:1035A000182300F029FB06B080BD000000000000D9
:1035B00080B586B0ADF81600ADF814100492BDF8D1
:1035C0001600BDF8141000F25D1201F15903EE4629
:1035D00041F6E30CCEF800C092B29BB205F78CFE28
:1035E000BDF81600BDF8141000F25D1201F1590388
:1035F000EE4649F6F34CCDF80CC0CEF800C092B2BE
:103600009BB202F0F1FEDDF80CC0BDF816000E30E2
:10361000BDF814100A31049B6A46C2F808C0536012
:103620001023136080B289B24FF4A07200F0E4FC62
:1036300006B080BD0000000080B586B084460898C2
:10364000ADF816C0ADF81410ADF81220ADF810307A
:10365000ADF80E00BDF81600BDF81410BDF812202C
:10366000BDF81030BDF80EC0EE46CEF800C002F036
:10367000FBFDBDF81600BDF81410BDF80E30022297
:10368000029203F065FA029ABDF81200BDF810101C
:10369000BDF80E3003F05CFA06B080BD00000000FB
:1036A00082B0ADF80400ADF802108DF801209DF84D
:1036B0000100002853D0FFE7BDF80200B0F5B77F46
:1036C00006D3FFE7BDF80200B0F5CC7F04D3FFE7D7
:1036D00000208DF80700B0E0BDF80400282809D3C9
:1036E000FFE7BDF80400BD2804D8FFE703208DF8EC
:1036F0000700A2E0BDF80400DC280AD3FFE7BDF80C
:1037000004004008B82804D8FFE704208DF807001B
:1037100093E0BDF80400B0F5C87F0BD3FFE7BDF818
:10372000040040F22521884204D8FFE705208DF8E7
:10373000070082E0BDF80400B0F5117F0BD3FFE76E
:10374000BDF8040040F2D921884204D8FFE70920DF
:103750008DF8070071E000208DF807006DE0BDF8DE
:103760000400B0F51B7F07D3FFE7BDF8040040F26B
:103770000731884204D3FFE700208DF807005CE0A2
:10378000BDF80200462809D3FFE7BDF802006F2804
:1037900004D8FFE701208DF807004EE0BDF80200D5
:1037A000802809D3FFE7BDF80200A92804D8FFE765
:1037B00002208DF8070040E0BDF80200BA2809D3C6
:1037C000FFE7BDF80200E32804D8FFE705208DF8E5
:1037D000070032E0BDF80200F4280AD3FFE7BDF885
:1037E000020040088E2804D8FFE706208DF8070065
:1037F00023E0BDF80200B0F5977F0AD3FFE7BDF8DC
:103800000200C0082A2804D8FFE707208DF8070027
:1038100013E0BDF80200B0F5B47F0AD3FFE7BDF8AE
:1038200002004008C82804D8FFE708208DF80700E8
:1038300003E000208DF80700FFE79DF8070002B0C5
:10384000704700000000000083B0ADF80800ADF83C
:103850000610BDF8080018280CD3FFE7BDF80800D3
:1038600040F24D21884205D8FFE7BDF806004928FF
:1038700004D8FFE7FF208DF80B002AE0BDF8060012
:103880004A38ADF80400BDF804004AF23011C0F225
:10389000BD41A0FB01108DF803009DF80300052831
:1038A0000ED8FFE7BDF804204AF23010C0F2BD4048
:1038B000A2FB0010362100FB1120302804D3FFE7C3
:1038C000FF208DF80B0004E09DF803008DF80B003D
:1038D000FFE79DF90B0003B07047000000000000F7
:1038E00083B0ADF80800ADF80610BDF80800B0F5DB
:1038F0009B7F05D3FFE7BDF806009F2804D8FFE7AC
:10390000FF208DF80B0059E0BDF80800A0F59B7072
:10391000ADF80400BDF80600A038ADF80200BDF80F
:10392000040042F29341C0F24921A0FB01108DF83E
:103930000100BDF802004FF63F01C0F2E031A0FBEC
:1039400001108DF800009DF80100022823D8FFE740
:103950009DF8000003281ED8FFE7BDF8040042F2DE
:103960009341C0F24921A0FB0121C1EBC101A0EBB1
:10397000011063280FD8FFE7BDF802004FF63F01A2
:10398000C0F2E031A0FB012101EB4111A0EB4100AD
:10399000382804D3FFE7FF208DF80B000EE09DF8D8
:1039A000000000EB40014DF60A20C0F6000008447C
:1039B0009DF80110405C8DF80B00FFE79DF90B00AE
:1039C00003B070470000000080B582B0ADF806007B
:1039D000ADF80410FFF634FEBDF80600BDF8041083
:1039E000FFF682FE02B080BD80B588B08DF81F0062
:1039F0009DF91F00002805D4FFE79DF91F00062848
:103A000001DBFFE778E041F26410C2F20040007889
:103A10008DF81E0041F26610C2F200400088ADF839
:103A20001C0041F26810C2F200400088ADF81A0094
:103A3000FFF606FE40F21000C2F2004090F90000CE
:103A4000002809D4FFE740F21000C2F200400078DD
:103A5000002100F789F8FFE79DF81F1040F21000E1
:103A6000C2F20040039001700078012100F77CF859
:103A7000694641F2A2000860C8204FF4E2714FF499
:103A8000207240F2DB1305F737FC68464FF6E07111
:103A900081604DF69001C0F610014160102305933E
:103AA0000360D8204FF4E47104916E2200F0A4FA70
:103AB00003980499059B007800EB40024DF6140032
:103AC000C0F6100000EB8200826868464FF6FF7C6B
:103AD000C0F808C0426003604FF49C70962200F06A
:103AE0008BFA9DF81E0038B1FFE7BDF81C00BDF849
:103AF0001A10FFF6F9FDFFE708B080BD00000000D6
:103B000080B58CB08DF82F009DF82F00062801DBC2
:103B1000FFE76FE09DF82F0000EB40014DF6140029
:103B2000C0F6100000EB81000A900A988068FFF64A
:103B3000F3FE694642F6451006900860782102912E
:103B40004FF4FA7203924FF496730493184605F7F4
:103B5000D3FB0299039A049BEC4641F2A200059024
:103B6000CCF80000184602F03FFC9DF82F00C0EB97
:103B7000C0014FF4784000EB411080B26946086004
:103B800040F26D10962140F2B312DC2305F7B4FB2E
:103B900004980A9989686A464FF6FF73536011606A
:103BA000F221C922182300F027F8059869464860D9
:103BB0004DF69620C0F6100008608C2007904FF458
:103BC000AA714FF4027208921023099300F014F8BE
:103BD00006990798089A099BEC46CCF804104DF614
:103BE0001D31C0F61001CCF800104FF4B97100F08F
:103BF00003F8FFE70CB080BD10B588B084460B9881
:103C0000DDF828E0ADF81EC0ADF81C10ADF81A20A4
:103C10008DF81930ADF816000A989DF8191000F7C4
:103C2000EFFEADF81400BDF81400BDF81A1088427C
:103C30000CDAFFE7BDF81E00BDF81A10BDF814201D
:103C4000891A00EB510080B2039003E0BDF81E001A
:103C50000390FFE70398ADF81200BDF81200BDF81D
:103C60001C10BDF81A209DF81930DDF828E0BDF8C9
:103C70001640EC46CCF80840CCF804E0CCF8003014
:103C800000F0BAF908B010BD80B588B007908DF883
:103C90001B10694641F2A2000860BE204FF4E27199
:103CA00040F2163240F2DB1305F726FB9DF81B00AD
:103CB00070B3FFE768464FF6E07181604DF6BB21B7
:103CC000C0F61001416010230360C8204FF4E47176
:103CD000402200F091F9079818B1FFE70798059086
:103CE00005E04DF67720C0F610000590FFE7059936
:103CF00068464FF6FF7282604160102303604FF404
:103D000082704FF4E4714FF4FF7200F075F91BE01C
:103D1000079818B1FFE70798049005E04DF6C760D3
:103D2000C0F610000490FFE7049968464FF6FF7252
:103D30008260416010230360C8204FF4E47140F2B8
:103D40003A2200F059F9FFE708B080BD00000000FA
:103D500080B588B0079041F26411C2F200410020A2
:103D60000290087041F6E30002F006FA02996A46F2
:103D70004FF47840106040F21F322F23084605F7B9
:103D8000BBFA02986A464FF6FF71039151604DF6F7
:103D9000C101C0F6100111600C214FF448721823C4
:103DA0000693FFF729FF0398694648604DF65520B2
:103DB000C0F6100008606420049096214FF416723B
:103DC00005922023FFF718FF0498059A069BEC46FE
:103DD00049F6F341CCF804104DF67721C0F61001F6
:103DE000CCF80010DC21FFF707FF079800F0F8FA85
:103DF00008B080BD0000000080B58CB08DF82F00A9
:103E000041F26411C2F2004100200A9008704DF6A0
:103E1000FB6002F0B1F90A996A4641F2A2000890EB
:103E20001060BE2240F2DF13084605F765FA6946C6
:103E30004FF6FF7088604DF6A010C0F61000486085
:103E400020200860182009902C21962207924023F8
:103E500000F0D2F809986A4649F6F341059191605D
:103E60004DF6C021C0F6100151601021069111607D
:103E70007021912203923023049300F0BDF8039A3D
:103E8000049B06990998DDF814E0EC46CCF808E0AC
:103E90004DF6B01EC0F6100ECCF804E0CCF80010C1
:103EA000842100F0A9F80699079A09989DF82F3007
:103EB0004DF63D1EC0F6100E4DF60E1CC0F6100C51
:103EC000002B18BFF4464FF4784E002B18BF4FF468
:103ED000FC6E6B46C3F808E0C3F804C019604FF4E9
:103EE000C971122300F088F80898099B6946486058
:103EF0004DF6BC10C0F610000860FA201C214FF4EB
:103F0000E172FFF779FE0A988DF82E00FFE79DF821
:103F10002E0003281DD8FFE700208DF82D00FFE7B5
:103F20009DF82D0002280DD8FFE79DF82E009DF882
:103F30002D10FFF7DDFAFFE79DF82D0001308DF819
:103F40002D00EDE7FFE79DF82E0001308DF82E00E3
:103F5000DDE74DF6A612C0F61002002318461946FA
:103F600000F76EFD0CB080BD80B586B005904DF6B3
:103F70001020C0F61000FFF6CFFC4DF6E402C0F6AC
:103F800010022820029048210091FFF711FB0099B0
:103F90004DF66002C0F610024FF4CD700390FFF7AB
:103FA00007FB02984DF64822C0F61002B621019197
:103FB000FFF7FEFA019903984DF63922C0F6100278
:103FC000FFF7F6FA02984DF66D12C0F610024FF4A4
:103FD00092710491FFF7ECFA039804994DF686125A
:103FE000C0F61002FFF7E4FA059800F02DFA06B0CB
:103FF00080BD00000000000010B588B08C468646E9
:104000000C980B990A99ADF81EE0ADF81CC0ADF8FC
:104010001A20ADF818308DF81710ADF81400BDF85F
:104020001E00ADF81200BDF81E00BDF81A100844BD
:10403000ADF81000BDF81C00BDF818100844ADF82C
:104040000E00FFE70B98017800202029029008DB82
:10405000FFE70B98017800207F29B8BF012002906C
:10406000FFE70298C007002843D0FFE7BDF81E0015
:104070009DF8171000EB510080B2BDF81010884277
:104080000CDDFFE7BDF81200ADF81E00BDF81C0006
:104090009DF817100844ADF81C00FFE7BDF81C00A0
:1040A0009DF81710084480B2BDF80E10884201DD5B
:1040B000FFE71EE0BDF81E00BDF81C100B9A127839
:1040C0009DF81730BDF814C0EE46CEF804C04FF08E
:1040D000010CCEF800C005F767FFBDF81E009DF883
:1040E000171000EB5100ADF81E000B9801300B903B
:1040F000A8E708B010BD000010B58AB084460C983F
:10410000ADF826C0ADF8241008928DF81F30ADF838
:104110001C000A208DF8100000208DF81B00FFE71E
:104120009DF8100001388DF8100008984CF6CD412C
:10413000CCF6CC41A0FB0132D20802EB8202A0EB0C
:10414000420040F030009DF810300DF11102D054C3
:104150000898A0FB0110C0080890FFE7089900200C
:10416000039039B1FFE79DF81000002818BF012027
:104170000390FFE70398C0070028D1D1FFE7BDF8FF
:104180002600BDF824109DF810E0CEF10A029DF83B
:104190001F305A430DF1110CE644BDF81C40EC46AB
:1041A000CCF80840CCF804E0CCF80030C2F34F0261
:1041B000FFF722FF0AB010BD80B58AB0099041F226
:1041C0006410C2F2004000788DF81A0041F26610C7
:1041D000C2F200400088ADF8180041F26810C2F247
:1041E00000400088ADF81600FFF62AFA09980DF194
:1041F0001B010491FFF634FD694641F2A2000860FC
:104200004FF42370082140F21632272305F774F883
:10421000049968464FF6FF7282604160182303607C
:1042200040F296200C218022FFF7E6FE9DF81A004E
:1042300038B1FFE7BDF81800BDF81610FFF654FAC4
:10424000FFE70AB080BD000080B58EB0ADF8360043
:104250000C918DF82F209DF82F00B0FA80F04209C4
:104260004DF6F661C0F600014620FFF6C5FB9DF84D
:104270002F00B0FA80F042094DF67A51C0F61001D5
:104280008020FFF6B9FB9DF82F00B0FA80F04209BC
:104290004DF69B11C0F61001BA20FFF6ADFB694642
:1042A0004DF6FB60086040F27E20F42140F21632A9
:1042B0000A9240F2B11305F71FF8684641F2A201D5
:1042C000099181604DF60421C0F610014160102370
:1042D00003604FF42270FA217822FFF78DFEBDF8BB
:1042E000363040F2822006904FF48C710591002206
:1042F000FFF796F80599BDF8363040F2CA200790CE
:104300004FF47842FFF78CF80698BDF836304FF43A
:10431000AA7108914FF4FC62FFF782F80798089998
:10432000BDF836301F22FFF77BF809980A9A6946D4
:104330000860BE204FF4E27140F2DB1304F7DCFFAB
:104340009DF82F0070B3FFE768464FF6E07181607B
:104350004DF6BB21C0F61001416010230360C82058
:104360004FF4E4714022FFF747FE0C9818B1FFE7C5
:104370000C98049005E04DF67720C0F610000490EC
:10438000FFE7049968464FF6FF7282604160102390
:1043900003604FF482704FF4E4714FF4FF72FFF743
:1043A0002BFE1BE00C9818B1FFE70C98039005E07A
:1043B0004DF6C760C0F610000390FFE7039968460A
:1043C0004FF6FF728260416010230360C8204FF4F3
:1043D000E47140F23A22FFF70FFEFFE70EB080BD16
:1043E00080B586B00590694641F2A20008604FF49E
:1043F000A57040F213114FF4EB7240F24F1304F723
:104400007BFF059A69464FF6E070486020200490D3
:1044100008604FF4B77040F22111022300F78CFAC4
:10442000049A68464FF6FF7181604DF6EC51C0F674
:1044300000014160102303604FF4D47040F22B114F
:10444000FFF7DAFD06B080BD80B5A0B01F901F98C1
:1044500008B9FFE71DE141F26410C2F200400078A4
:104460008DF8720041F26610C2F200400088ADF88B
:10447000700041F26810C2F200400088ADF86E0092
:10448000FFF6DEF8694641F6E30009900860362041
:1044900007906E2104914FF4BB72089294231393FA
:1044A00004F72AFF04990998139B6A4610604FF499
:1044B000D4700A904FF43A720C9204F71DFF0798DB
:1044C000089A09996B461960DC2105914FF48173B4
:1044D000069304F711FF0599069BDDF824C00A989E
:1044E0000C9AEE46CEF800C004F706FF0798089A2B
:1044F00009996B4619604FF4A5710B914FF4B8738D
:104500000D9304F7F9FEDDF824C00A980B990C9A74
:104510000D9BEE46CEF800C004F7EEFE1F98006833
:104520000DF173010E91FFF69BFB0E9968464FF655
:10453000FF72189282604160182314930360402038
:10454000129074210F91BE22FFF756FD0F99149B14
:104550001F984268EC464FF4FC601090CCF80000C5
:104560004FF4D9701590FFF7C7FD1298149B189956
:104570001F9A9268EC46CCF80010E2211191FFF7E7
:10458000BBFDDDF840C01199149B15981F9AD268A5
:10459000002A18BF4FF4784CEE46CEF800C0FFF763
:1045A000ABFD1298149B18991F9A128AEC46CCF80E
:1045B00000104FF4A8711991FFF79EFD149B1999F3
:1045C000684649F6F342169282604DF67152C0F683
:1045D000000217924260036078201A46FFF70CFD34
:1045E0001398149BDDF860C019991F9A528AEE4601
:1045F000CEF800C0FFF780FD1598189B19991F9AF7
:10460000928AEC46CCF8003010231A93FFF774FD21
:10461000DDF858C0179A19991A9B6846C0F808C067
:10462000426003604FF4F1701A46FFF7E5FC1898FA
:1046300019991A9B1F9AD28AEC46CCF800004FF4C5
:10464000FB70FFF759FDDDF858C0179A19991A9BAE
:104650006846C0F808C04260036040F226201A464F
:10466000FFF7CAFC189819991A9B1F9A128BEC46EF
:10467000CCF8000040F23A20FFF73EFD9DF87200B2
:1046800038B1FFE7BDF87000BDF86E10FFF62CF8EA
:10469000FFE720B080BD000080B582B002F728FAA5
:1046A00002F79AFAA02002F757FA01F021FD8DF8DF
:1046B000070002F7B9FA9DF80700B0FA80F0400948
:1046C00002B080BD0000000080B502F711FA80BD85
:1046D00080B584B0ADF80E000291ADF80620FFE77A
:1046E000BDF80600411EADF8061060B1FFE7BDF849
:1046F0000E00411CADF80E1000F00AF802994A1C99
:1047000002920870ECE704B080BD000000000000D9
:1047100080B582B0ADF80600002000908DF805004D
:1047200002F75AFA9DF80710A02000EB4100C0B232
:1047300002F712FA01F0DCFC9DF8060002F70CFA11
:1047400001F0D6FC02F748FAA12002F705FA01F0C1
:10475000CFFC009801F080FC8DF8050002F764FAA8
:104760009DF8050002B080BD80B584B0ADF80E00A4
:104770000291ADF80620FFE7BDF80600411EADF836
:10478000061078B1FFE7BDF80E000299097800F035
:104790000BF8BDF80E000130ADF80E0002980130A4
:1047A0000290E9E704B080BD80B582B0ADF80600A4
:1047B0008DF8051002F710FA9DF80710A02000EB05
:1047C0004100C0B202F7C8F901F092FC9DF8060062
:1047D00002F7C2F901F08CFC9DF8050002F7BCF964
:1047E00001F086FC02F720FA0A2000F059FA02B024
:1047F00080BD00000000000080B588B006900591E3
:10480000069800680090059880B9FFE70098C06896
:104810000290029830B1FFE70298009949698842F6
:1048200003D3FFE701200290FFE71EE006980599F9
:1048300001F05EFA04900498012803D8FFE70120F4
:104840000790C7E00498013018B9FFE70498079073
:10485000C0E0049800994969884203D2FFE70498B0
:104860000790B7E005980290FFE70098006918B933
:10487000FFE700200790ADE0002003900298059923
:10488000884233D1FFE702980130039003980099E2
:104890004969884203D3FFE702200390FFE70698A7
:1048A000039901F025FA04900498012804D0FFE749
:1048B0000498013018B9FFE7049807908AE004983B
:1048C00098B1FFE70098C06804900498022809D3C3
:1048D000FFE7049800994969884203D2FFE70498EA
:1048E0000290FFE700200390FFE7FFE70398A8BBD3
:1048F000FFE702980390FFE70398013003900398C5
:104900000099496988420BD3FFE70220039003987E
:104910000299884203D9FFE7002007905AE0FFE799
:104920000698039901F0E4F90490049808B9FFE7A8
:1049300013E00498012804D0FFE70498013018B967
:10494000FFE70498079045E003980299884203D155
:10495000FFE7002007903DE0CEE7FFE700980399CE
:104960004FF0FF3206F700FC8DF807009DF80700B6
:1049700058B9FFE7059840B1FFE700980599039AF9
:1049800006F7F2FB8DF80700FFE79DF80700A8B9CE
:10499000FFE703980099C8600099086949690239DE
:1049A000884205D8FFE70099086901380861FFE7E8
:1049B0000099087940F00100087108E09DF807109F
:1049C0000120012908BF4FF0FF300390FFE7039853
:1049D0000790FFE7079808B080BD000000000000C6
:1049E00080B58AB0089007910798006801900898F0
:1049F00020300590059820210B2203F0BDF80020FF
:104A00000290039008200490FFE7019803994A1C44
:104A10000392405C8DF81B009DF81B00202801DCF0
:104A2000FFE7A4E09DF81B002F2805D0FFE79DF8C5
:104A30001B005C281BD1FFE7FFE701980399415C4D
:104A400001202F29009009D0FFE701980399405CCD
:104A50005C38B0FA80F040090090FFE70098C0078A
:104A600020B1FFE7039801300390E6E77FE09DF86F
:104A70001B002E2805D0FFE702980499884212D324
:104A8000FFE704980B2805D0FFE79DF81B002E28B0
:104A900004D0FFE706208DF827008AE00820029066
:104AA0000B200490B1E79DF81B0080280CDBFFE78A
:104AB0009DF81B0000F07F014AF2F260C0F6100082
:104AC000405C8DF81B00FFE79DF81B0000F780FAA3
:104AD00030B3FFE7019803994A1C0392405C8DF8BC
:104AE0001A009DF81A0000F0ABF830B1FFE7029809
:104AF00004990139884204D3FFE706208DF8270086
:104B000057E09DF81B000599029A531C02938854A4
:104B10009DF81A000599029A531C0293885425E0C7
:104B20009DF81B104EF23510C0F6000000F790F80B
:104B300020B1FFE706208DF827003AE09DF81B0022
:104B400061280BDBFFE79DF81B007A2806DCFFE7F6
:104B50009DF81B0020388DF81B00FFE79DF81B0017
:104B60000599029A531C02938854FFE74DE7019878
:104B70000399084407990860029820B9FFE70620C6
:104B80008DF8270015E005980078E52804D1FFE7A7
:104B9000059905200870FFE79DF81B1000202129CA
:104BA0000146B8BF01218900059AD1728DF827000E
:104BB000FFE79DF827000AB080BD0000000000005C
:104BC00080B582B08DF8070000F78EF99DF80700D8
:104BD00000F74AF900F7B4F98DF8060000F00CF878
:104BE0009DF8060002B080BD80B5022000F700FAF3
:104BF00080BD00000000000080B584B042F20000DB
:104C0000C5F60200019008210291002203F0C8FFBE
:104C1000FFF7EAFF41F60040C5F6020040210122FD
:104C2000039203F0BDFFFFF7DFFF01980299039A9B
:104C300003F0B6FFFFF7D8FF04B080BD000000000E
:104C400082B08DF803009DF8030018B1FFE7002043
:104C5000019002E000200190FFE7019802B0704748
:104C600081B0ADF802004EF21001CEF200010868EA
:104C700040F004000860BDF8020043F2C012C2F226
:104C800000421060086840F0010008604EF2140114
:104C9000CEF200016FF07040086001B07047000074
:104CA00080B582B0ADF80600BDF806004FF47A7109
:104CB000484300F79DF902B080BD000000000000ED
:104CC00080B586B00590049105980068019005981C
:104CD000002100F789FB8DF80F009DF80F0098BBAD
:104CE000FFE700200290FFE701980599896905F721
:104CF00093FC8DF80F009DF80F0008B1FFE722E04C
:104D00000598C0690078E52805D0FFE70598C069D7
:104D1000007848B9FFE70298013002900499884270
:104D200001D1FFE70FE002E000200290FFE70598C5
:104D3000012100F7F9F98DF80F00FFE79DF80F004A
:104D40000028D1D0FFE7FFE79DF80F00042804D129
:104D5000FFE707208DF80F00FFE79DF80F0006B072
:104D600080BD00000000000080B586B0049004986B
:104D7000006802900498002100F736FB8DF80F00C0
:104D80009DF80F0028B1FFE79DF80F008DF8170080
:104D900040E0FFE702980499896905F73DFC8DF82A
:104DA0000F009DF80F0008B1FFE72EE00498C069DE
:104DB00000788DF807009DF8070020B9FFE7042070
:104DC0008DF80F0021E00499C869C07A00F03F0017
:104DD00088710498C069C07A0007002809D4FFE7E9
:104DE0000499C86920310B2202F07AFE08B9FFE766
:104DF0000BE00498002100F797F98DF80F00FFE70A
:104E00009DF80F000028C5D0FFE79DF80F008DF832
:104E10001700FFE79DF8170006B080BD00000000F6
:104E200080B582B08DF806009DF8060020B1FFE73E
:104E300001208DF8070019E0FCF69EFB38B9FFE76A
:104E400040F20F01C2F200410020087006E040F27B
:104E50000F01C2F2004101200870FFE740F20F008D
:104E6000C2F2004000788DF80700FFE79DF80700C8
:104E700002B080BD0000000080B584B08DF80E0047
:104E80000291019200939DF80E0030B9FFE702985D
:104E900018B1FFE7009820B9FFE704208DF80F0054
:104EA00016E040F20F00C2F200400078C00720B1C7
:104EB000FFE703208DF80F000AE002980199009A9D
:104EC000FCF6AAFD002818BF01208DF80F00FFE7AF
:104ED0009DF80F0004B080BD80B588B006900591A4
:104EE0008DF8132005980090684601F001F80290B3
:104EF0000298B0F1FF3F04DCFFE70B208DF81F00A4
:104F000031E0029940F24060C2F2004050F82100C6
:104F10000390039820B1FFE7039900200870FFE792
:104F2000069820B1FFE7069900200870FFE7069871
:104F3000029A40F24061C2F2004141F822009DF81D
:104F4000130020B9FFE700208DF81F000BE005A833
:104F500006A9002200F738FD8DF807009DF807002C
:104F60008DF81F00FFE79DF81F0008B080BD00000E
:104F700080B598B0169015918DF85320169820B9E9
:104F8000FFE709208DF85F008AE19DF8530000F0EB
:104F90003F008DF853009DF8532015A808A900F78D
:104FA00013FD8DF852009DF85200002840F06B81EF
:104FB000FFE708980990159909A800F781FF8DF877
:104FC00052009DF8520058B9FFE79DF84F000006C7
:104FD000002804D5FFE706208DF85200FFE7FFE721
:104FE0009DF8530010F01C0F73D0FFE79DF852009E
:104FF00090B1FFE79DF85200042806D1FFE709A809
:1050000000F7A2F98DF85200FFE79DF8530040F039
:1050100008008DF8530015E09DF82A0010F0110FDC
:1050200004D0FFE707208DF852000AE09DF85300F6
:105030004007002804D5FFE708208DF85200FFE75D
:10504000FFE7FFE79DF85200002841D1FFE79DF8F8
:105050005300000700283BD5FFE70898109901F09E
:105060007FFF069010980E300021C4F6214103F016
:10507000AFFC10992020C872089810990022019264
:1050800003F08AFC019910981C3003F0A1FC0899E8
:105090000120C8700698D0B1FFE70898C06A079051
:1050A000069909A8002203F017FA8DF852009DF81E
:1050B000520058B9FFE70898079905F7ADFA8DF83F
:1050C0005200069801380899C860FFE7FFE7FFE73C
:1050D0001FE09DF85200D8B9FFE79DF82A00C006EE
:1050E000002804D5FFE704208DF852000FE09DF85A
:1050F00053008007002809D5FFE79DF82A00C00764
:1051000020B1FFE707208DF85200FFE7FFE7FFE738
:10511000FFE79DF85200A8B9FFE79DF8530000078C
:10512000002807D5FFE79DF8530040F040008DF8B8
:105130005300FFE70898C06A1699086210981699FC
:105140004862FFE79DF85200002840F09B80FFE78F
:105150000898109901F004FF1699886010981C3087
:1051600001F01AFF1699C860089816990860089807
:10517000C088169988809DF853001699087416986F
:10518000002141741698C161169841611698283023
:105190004FF4007202F0F0FC9DF8530080060028E6
:1051A0006FD5FFE71698C06800286AD0FFE7169908
:1051B000C868486108984089400205901698806840
:1051C00004901698C0680290FFE79DF852100020E6
:1051D000009041B9FFE70299059A0020914288BFEB
:1051E00001200090FFE70098C007D8B1FFE71698AC
:1051F000049900F07DFD04900498012804D8FFE78D
:1052000002208DF85200FFE70498013020B9FFE733
:1052100001208DF85200FFE7FFE705990298401A38
:105220000290D2E70498169988619DF8520038BB25
:10523000FFE7BDF80800C00510B3FFE70898049920
:10524000FFF626FD039020B9FFE702208DF85200FB
:1052500015E00398029900EB51201699C86108984F
:105260004078169A02F12801D2690123FFF704FE63
:1052700020B1FFE701208DF85200FFE7FFE7FFE7CD
:10528000FFE7FFE7FFE79DF8520020B1FFE716991F
:1052900000200860FFE79DF852008DF85F00FFE7EF
:1052A0009DF85F0018B080BD80B586B00490039172
:1052B000049820B9FFE709208DF8170059E003A8EA
:1052C00001A9002200F780FB8DF80B009DF80B0070
:1052D000002841D1FFE701980499086004980399D8
:1052E00000F7EEFD8DF80B009DF80B0050BBFFE7BB
:1052F000049890F82B000006002813D4FFE70498C8
:105300008079C006002808D5FFE701980499C9698B
:1053100001F026FE0499886003E005208DF80B005B
:10532000FFE7FFE79DF80B0058B9FFE70198C08839
:10533000049988800498002100F756F88DF80B0036
:10534000FFE7FFE79DF80B00042804D1FFE70520E5
:105350008DF80B00FFE7FFE79DF80B0020B1FFE79A
:10536000049900200860FFE79DF80B008DF81700F6
:10537000FFE79DF8170006B080BD000000000000A8
:1053800080B58EB00C900B910A9209930B98009007
:105390000999002008600C9807A907F72DFB8DF8E4
:1053A00023009DF8230030B9FFE70C98407C8DF86E
:1053B000230028B1FFE79DF823008DF8370011E1A5
:1053C0000C98007CC00720B9FFE707208DF8370054
:1053D00008E10C99C8684969401A04900A98049930
:1053E000884203D9FFE704980A90FFE7FFE70A988D
:1053F000002800F0F380FFE70C98808AC0050028A1
:1054000040F0BF80FFE70C98416907984089013858
:1054100000EA51200190019830BBFFE70C984069E9
:1054200020B9FFE70C988068069005E00C98816928
:1054300000F05EFC0690FFE70698012806D8FFE71B
:105440000C99022048748DF83700CBE006980130A3
:1054500030B9FFE70C99012048748DF83700C1E09E
:1054600006980C998861FFE707980C998969FFF6FF
:105470000FFC0590059830B9FFE70C99022048749D
:105480008DF83700AEE001990598084405900A9818
:10549000400A02900298E0B3FFE70198029908449D
:1054A00007994989884206D9FFE7079840890199F9
:1054B000401A0290FFE7079840780099059A029BEE
:1054C000FFF7DAFC30B1FFE70C99012048748DF842
:1054D000370087E00C98007C0006002815D5FFE710
:1054E0000C98C0690599401A029988420DD2FFE7CD
:1054F00000980C99CA69059BD21A00EB422028310A
:105500004FF4007202F018FBFFE70298400203908C
:1055100051E00C98C069059988422ED0FFE70C989D
:10552000007C0006002817D5FFE7079840780C9A02
:1055300002F12801D269012300F76AF830B1FFE7D0
:105540000C99012048748DF837004BE00C99087CC9
:1055500000F07F000874FFE7079840780C99283125
:10556000059A0123FFF788FC30B1FFE70C99012071
:1055700048748DF8370035E0FFE705980C99C8614D
:10558000FFE70C9840696FF35F20C0F5007003904F
:1055900003980A99884203D9FFE70A980390FFE726
:1055A00000980C994A696FF35F2211442831039ADD
:1055B00002F0C2FAFFE703990A98401A0A90039A88
:1055C00009990868104408600399009808440090FD
:1055D000039A0C9948691044486108E700208DF847
:1055E0003700FFE79DF837000EB080BD00000000D7
:1055F00080B584B0039002910398694607F7FCF9DF
:105600008DF807009DF8070098BBFFE7029838B9AE
:10561000FFE703980021FFF6E7FE8DF8070027E07B
:1056200003980021FFF628FE8DF807009DF807007B
:10563000042804D1FFE700208DF80700FFE79DF85C
:105640000700A0B9FFE70398029900F0EDFB03986B
:105650000021FFF669FD8DF807009DF8070004287A
:1056600004D1FFE700208DF80700FFE7FFE7FFE721
:10567000FFE79DF8070004B080BD000000000000B7
:1056800080B5A8B02790269126A800F031FC27A865
:105690000EA9022200F798F98DF897009DF897005F
:1056A000002840F0C680FFE70E981A9027991AA8A4
:1056B00000F706FC8DF897009DF8970050B9FFE7BA
:1056C0009DF8930010F0A00F04D0FFE706208DF89E
:1056D0009700FFE79DF89700002840F0A980FFE7BA
:1056E000219906A8202202F027FA0FA803901AA9F0
:1056F0002C2202F021FA0398269900F7E1FB8DF89D
:1057000097009DF89700C0B9FFE711991C9A0020F7
:105710009142029008D1FFE713981E99401AB0FAFF
:1057200080F040090290FFE70298C1070820002995
:1057300018BF04208DF89700FFE79DF89700042814
:1057400061D1FFE70FA8FFF6FFFD8DF897009DF8E8
:105750009700002856D1FFE71698059005980D3060
:1057600006A90D31132202F0E7F99DF823000599EF
:10577000C8720598C07AC006002806D4FFE70599CC
:10578000C87A40F02000C872FFE70E990120C87067
:105790000598C07AC006002833D5FFE71C981199F8
:1057A00088422ED0FFE70E980190059901F0D8FBB2
:1057B00001460198FFF66CFA0490049820B9FFE7BF
:1057C00002208DF897001BE00E98049904F724FF3F
:1057D0008DF897000E98503005909DF8970070B99D
:1057E000FFE7059840782E2809D1FFE70E98059924
:1057F000119A03F0D1F80E990120C870FFE7FFE776
:10580000FFE7FFE7FFE79DF8970080B9FFE71AA8D9
:10581000FFF6CAFD8DF897009DF8970030B9FFE7B5
:105820000E9803F0F9F88DF89700FFE7FFE7FFE720
:10583000FFE79DF8970028B080BD00000000000041
:1058400080B58EB00C900B910A9209930B98019041
:105850000999002008600C9807A907F7CDF88DF882
:1058600023009DF8230030B9FFE70C98407C8DF8A9
:10587000230028B1FFE79DF823008DF8370046E1AB
:105880000C98007C8007002804D4FFE707208DF8DF
:1058900037003CE10C9841690A980844884205D2D7
:1058A000FFE70C984069C0430A90FFE7FFE70A98BA
:1058B000002800F02381FFE70C98808AC0050028AB
:1058C00040F0D980FFE70C9841690798408901387A
:1058D00000EA512002900298D8BBFFE70C9840697B
:1058E00068B9FFE70C9880680690069830B9FFE722
:1058F0000C980021FEF780FF0690FFE705E00C986A
:105900008169FEF779FF0690FFE7069808B9FFE77F
:10591000F4E00698012806D1FFE70C9902204874AC
:105920008DF83700F3E00698013030B9FFE70C99A5
:10593000012048748DF83700E9E006980C998861D9
:105940000C98806820B9FFE706980C998860FFE7FB
:10595000FFE70C98007C0006002817D5FFE70798A2
:1059600040780C9A02F12801D2690123FFF650FE1B
:1059700030B1FFE70C99012048748DF83700C6E07C
:105980000C99087C00F07F000874FFE707980C99D9
:105990008969FFF67DF90590059830B9FFE70C9904
:1059A000022048748DF83700B1E002990598084448
:1059B00005900A98400A03900398E0B3FFE7029825
:1059C0000399084407994989884206D9FFE707984F
:1059D00040890299401A0390FFE70798407801999F
:1059E000059A039BFFF614FE30B1FFE70C990120E6
:1059F00048748DF837008AE00C98C0690599401A00
:105A00000399884213D2FFE70C9A02F1280001990A
:105A1000D269059BD21A01EB42214FF4007202F0C9
:105A20008BF80C99087C00F07F000874FFE703985E
:105A3000400204903EE00C98C0690599884216D057
:105A4000FFE70C98C1684069884210D2FFE70798C9
:105A500040780C992831059A0123FFF70DFA30B1EF
:105A6000FFE70C99012048748DF837004FE0059846
:105A70000C99C861FFE70C9840696FF35F20C0F58F
:105A80000070049004980A99884203D9FFE70A98A5
:105A90000490FFE70C9841696FF35F2108442830B8
:105AA0000199049A02F048F80C99087C40F08000B3
:105AB0000874FFE704990A98401A0A90049A099911
:105AC0000868104408600499019808440190049AF9
:105AD0000C994869104448610C98C1684069884233
:105AE00004D9FFE70C984069009003E00C98C06867
:105AF0000090FFE700980C99C860D8E60C99087CE4
:105B000040F04000087400208DF83700FFE79DF852
:105B100037000EB080BD000080B58AB0FFE744F2C8
:105B2000E041C5F60201086840F480700860FFE7B4
:105B3000FFE744F2E041C5F60201086840F080004A
:105B40000860FFE76846012208924260026042F264
:105B50000000C5F6020006904FF480710791002303
:105B6000059303F039F8059B08986946486008607A
:105B700041F60040C5F6020080211A4603F02CF8D9
:105B8000FFF6CEF8059A0698079903F009F8142055
:105B9000FFF786F806980799089A03F001F8322073
:105BA000FFF77EF87020FFF70BF850B1FFE74DF6D6
:105BB0003070C0F61000FAF63DFC01208DF8270089
:105BC00050E000208DF825000DF1250104910122FF
:105BD000039200F74DFB039A0499A42000F748FBB9
:105BE000039A049916208DF82500802000F740FBC9
:105BF000039A04990C208DF82500882000F738FBC3
:105C00000499A120022200F033F89DF825003028E5
:105C100005D1FFE79DF82600032812D0FFE79DF885
:105C2000260001280DD0FFE79DF82600022808D0A5
:105C3000FFE79DF8250088B9FFE79DF8260068B9C1
:105C4000FFE7BDF8250041BA4DF65070C0F61000D0
:105C5000FAF6F0FB00208DF8270003E001208DF814
:105C60002700FFE79DF827000AB080BD0000000074
:105C700080B584B0ADF80E0002918DF80720FFF6D4
:105C800033F97020FFF6F0F8FFF65AF99DF80E0090
:105C9000FFF6EAF8FFF654F9FFF626F97120FFF651
:105CA000E3F8FFF64DF900208DF80600FFE79DF8B8
:105CB00006009DF80710884215DAFFE79DF80600F8
:105CC0009DF807100139401A18BF0120FFF680F82F
:105CD00002999DF806208854FFE79DF806000130E0
:105CE0008DF80600E3E7FEF787FF04B080BD0000F3
:105CF00080B588B0079006910798006802900698D2
:105D0000022806D3FFE7069802994969884203D31F
:105D1000FFE70120039081E04FF0FF3003900298ED
:105D2000007801460191012808D0FFE70198022878
:105D300045D0FFE70198032855D06BE00698049002
:105D4000049800EB500004900298016A049A01EB59
:105D5000522104F761FC08B1FFE75EE00298049964
:105D60000A466FF35F2210440131049190F830002D
:105D700005900298016A049A01EB522104F74CFC49
:105D800008B1FFE749E0029804996FF35F210844E6
:105D900090F83010059840EA012005909DF8180011
:105DA000C00720B1FFE705980009009004E00598BE
:105DB0006FF31F300090FFE7009803902DE00298EA
:105DC000016A069A01EB122104F726FC08B1FFE7ED
:105DD00023E002989DF8181000EB4100303004F7E2
:105DE000F7F9039019E00298016A069A01EBD211C3
:105DF00004F712FC08B1FFE70FE00298069901F0E2
:105E00007F0100EB8100303001F0C6F820F07040D7
:105E1000039002E001200390FFE7FFE7039808B03A
:105E200080BD00000000000080B586B005900491A0
:105E30000499002048720598806908B9FFE753E08B
:105E4000002002900390FFE703980A282CD8FFE770
:105E50000598C06903994A1C0392405C8DF80700BD
:105E60009DF80700202801D1FFE7EDE79DF8070026
:105E7000052804D1FFE7E5208DF80700FFE7039828
:105E8000092808D1FFE704990298014401300290E3
:105E90002E204872FFE79DF807000499029A1144EA
:105EA000013202924872CFE704980299014400201F
:105EB00048720598C069C07A049908720598C0694B
:105EC0001C3001F069F8049908600598C069163023
:105ED00004F77EF90499C8800598C069183004F762
:105EE00077F904998880FFE706B080BD00000000C4
:105EF00088B006904FF0FF3001900698006805903A
:105F00000490059818B9FFE70198079048E0FFE76B
:105F10000498411C049100788DF80F00FFE79DF86C
:105F20000F1000202129009007D3FFE79DF80F00F4
:105F30003A3818BF01200090FFE70098C0070028FA
:105F4000E6D1FFE79DF80F003A2824D1FFE70120B2
:105F5000029005980078302810DBFFE7059800785C
:105F600039280BDCFFE7059802300499884205D1F7
:105F7000FFE70598007830380290FFE70298002884
:105F800006DCFFE702980190049806990860FFE795
:105F90000198079004E00020019001980790FFE726
:105FA000079808B07047000040F20D00C2F20040B0
:105FB000007840087047000080B586B041F6004088
:105FC000C5F602000390202104910022029202F003
:105FD000E7FD00F019F803981021019101220592C4
:105FE00002F0DEFD00F010F80199029A039802F029
:105FF000D7FD00F009F803980499059A02F0D0FD46
:1060000000F002F806B080BD80B50220FEF6F0FF79
:1060100080BD00000000000080B584B041F6004063
:10602000C5F60200029020210122019202F0B8FD83
:10603000FFF7EAFF019A02981021039102F0B0FDE8
:10604000FFF7E2FF02980399002202F0A9FDFFF793
:10605000DBFF04B080BD000080B582B08DF8070082
:1060600000208DF805008DF80600FFE79DF806007A
:1060700007282DDCFFE79DF8050040008DF805009E
:1060800041F60040C5F6020000901021012202F006
:1060900087FDFFF7B9FF0098202102F069FD30B1BC
:1060A000FFE79DF8050001308DF80500FFE741F698
:1060B0000040C5F602001021002202F071FDFFF73A
:1060C000A3FFFFE79DF8060001308DF80600CDE73D
:1060D0009DF8070018B9FFE7FFF79EFF02E0FFF702
:1060E0006BFFFFE79DF8050002B080BD00000000D7
:1060F00080B584B000208DF80F008DF80E0041F6B9
:106100000040C5F60200019020210122029202F017
:1061100047FDFFF779FF0198029A102102F040FD38
:10612000FFF772FFFFE741F60040C5F602002021AD
:1061300002F01EFD88B1FFE79DF80F0001308DF8D9
:106140000F009DF80F00FB2806DBFFE700F76CFD52
:1061500001208DF80E0000E0E5E741F60040C5F6AD
:1061600002001021002202F01BFDFFF74DFF9DF8F9
:106170000E0004B080BD000080B584B0ADF80E0004
:106180000020029045F62830C2F2004000880190BD
:1061900045F63830C2F20040006828B1FFE7BDF88C
:1061A0000E0004F729F822E045F62830C2F200403C
:1061B000418801984843019000210091084603F767
:1061C0002FFE00F0C1FE00980290FFE702980199AF
:1061D00088420BD2FFE7BDF80E000021C6F208018D
:1061E0000880FFE7029801300290EFE7FFE704B074
:1061F00080BD00000000000080B584B0ADF80E0046
:10620000ADF80C10ADF80A20ADF80830BDF80A0062
:10621000A0B1FFE7BDF80E0045F62831C2F20041FB
:10622000098888420ADCFFE7BDF80C0045F62831F2
:10623000C2F200414988884201DDFFE711E0BDF864
:106240000E00BDF80C30BDF80A1001440139BDF84C
:106250000820EC46CCF800208AB2194603F74CF827
:10626000FFE704B080BD000080B58CB084460E9876
:10627000ADF82EC0ADF82C10ADF82A20ADF82830BE
:10628000ADF82600002008900790BDF82A00BDF860
:106290002E10401A0690BDF82800BDF82C10401AA8
:1062A0000590BDF82E000190BDF82C0000900698D6
:1062B000012803DBFFE7012003900DE0069818B9E1
:1062C000FFE70020039006E04FF0FF3003900698B0
:1062D00040420690FFE7FFE70598012803DBFFE750
:1062E000012002900DE0059818B9FFE70020029008
:1062F00006E04FF0FF300290059840420590FFE71E
:10630000FFE706980599884203DDFFE706980490A9
:1063100002E005980490FFE70020ADF82400FFE7B5
:10632000BDF8240004990131884233DCFFE7BDF851
:106330000400BDF80010BDF8262000F02DF80699E5
:106340000898084408900599079808440790089809
:106350000499884209DDFFE704990898401A0890DB
:106360000399019808440190FFE70798049988422F
:1063700009DDFFE704990798401A079002990098F1
:1063800008440090FFE7FFE7BDF824000130ADF8B6
:106390002400C5E70CB080BD80B582B0ADF8060022
:1063A000ADF80410009245F63830C2F200400068A3
:1063B00040B1FFE7BDF80600BDF80410009A00F0F8
:1063C000EFFE0DE0BDF80600BDF8041003F728FD50
:1063D00000F0BAFD00980021C6F208010880FFE72E
:1063E00002B080BD0000000080B584B084460698ED
:1063F000ADF80EC0ADF80C10ADF80A20ADF80830BD
:10640000ADF80600BDF80E00BDF80C30BDF80A204E
:10641000BDF80610EC46CCF800101946FFF724FF33
:10642000BDF80E20BDF80C10BDF80830BDF8060010
:10643000EC46CCF800001046FFF716FFBDF80E0042
:10644000BDF80830BDF80A20BDF80610EC46CCF8BF
:1064500000101946FFF708FFBDF80A20BDF80C1020
:10646000BDF80830BDF80600EC46CCF80000104638
:10647000FFF7FAFE04B080BD80B596B0FF20019012
:1064800000F052FD019803F77FFE982003F77CFE91
:1064900006200D9003F778FEBC2000F045FD01209A
:1064A000129003F771FE0F20109003F76DFE61202C
:1064B00003F76AFE019803F767FE129803F764FE7C
:1064C000129803F761FE0B200A9003F75DFE10207F
:1064D000099003F759FE372003F756FE632003F7B0
:1064E00053FE019803F750FE019803F74DFE1298F2
:1064F00003F74AFE129803F747FE0020159003F7B2
:1065000043FE159803F740FE019803F73DFE522025
:1065100003F73AFE129803F737FE159803F734FE97
:106520004020069003F730FEBD2000F0FDFC1298DD
:1065300003F72AFE2320029003F726FE452003904E
:1065400003F722FE6720049003F71EFE129803F75C
:106550001BFE029803F718FE039803F715FE049834
:1065600003F712FEBE2000F0DFFC159803F70CFEC7
:10657000129803F709FEAB2003F706FE602003F72D
:1065800003FE2220059003F7FFFD059803F7FCFDAD
:10659000059803F7F9FD059803F7F6FD059803F74D
:1065A000F3FDC72000F0C0FC3620149003F7ECFD8B
:1065B000ED2000F0B9FC7F2003F7E6FD109803F70B
:1065C000E3FDC02000F0B0FC109803F7DDFD0A9851
:1065D00003F7DAFD0A200E9003F7D6FDFC2000F049
:1065E000A3FC082003F7D0FDDF20139000F09CFCF3
:1065F000159803F7C9FD159803F7C6FD159803F71D
:10660000C3FD159803F7C0FD159803F7BDFD2020C5
:10661000089003F7B9FDF32000F086FC742003F71F
:10662000B3FDB42000F080FC159803F7ADFD15987C
:1066300003F7AAFD159803F7A7FDF72000F074FCF7
:10664000822003F7A1FDB12000F06EFC159803F73E
:106650009BFD13200B9003F797FD0B9803F794FD18
:10666000F22000F061FC802003F78EFD042003F788
:106670008BFD069803F788FD282003F785FDC120D0
:1066800000F052FC172003F77FFD8820079003F7E6
:106690007BFD079803F778FD089803F775FDE02068
:1066A00000F042FC159803F76FFD0E9803F76CFDA0
:1066B000122003F769FD099803F766FD0E200F907D
:1066C00003F762FD089803F75FFDCC2003F75CFD3C
:1066D000072003F759FD0D9803F756FD0A9803F7B5
:1066E00053FD0F9803F750FD109803F74DFD0D2053
:1066F0000C9003F749FD1520119003F745FD09980B
:1067000003F742FD159803F73FFDE12000F00CFC74
:10671000159803F739FD0A9803F736FD0B9803F730
:1067200033FD0C9803F730FD0F9803F72DFD1B2068
:1067300003F72AFD712003F727FD0D9803F724FDC9
:106740000D9803F721FD0E9803F71EFD109803F72F
:106750001BFD0F9803F718FD109803F715FD11980E
:1067600003F712FD0C2003F70FFD159803F70CFD3E
:106770002A2000F0D9FB159803F706FD159803F7BA
:1067800003FD129803F700FD139803F7FDFC2B207F
:1067900000F0CAFB159803F7F7FC159803F7F4FC13
:1067A000032003F7F1FC1F2003F7EEFC3A2000F072
:1067B000BBFB552003F7E8FC149800F0B5FB1598D7
:1067C00003F7E2FC112000F0AFFB7820FEF768FA37
:1067D000292000F0A9FB1420FEF762FA2C2000F01B
:1067E000A3FB16B080BD000080B588B0E22000F0A9
:1067F0009BFB1D2003F7C8FC0220049003F7C4FC98
:106800000420039003F7C0FC6420FEF6F1FBE020B7
:10681000009000F089FB0120079003F7B5FC0A20E7
:106820000190FEF73DFA009800F07EFB03200690F1
:1068300003F7AAFC0C20FEF733FA079800F074FB6C
:106840000198FEF72DFAE62000F06EFB2F2003F7EB
:106850009BFCFF20029003F797FC029803F794FC3F
:10686000B02000F061FB202003F78EFC0020059093
:1068700003F78AFC069803F787FC40F21F3003F702
:1068800083FC079803F780FC40F2DF1003F77CFCE1
:10689000059803F779FCB42000F046FB039803F752
:1068A00073FC40F21F4003F76FFC059803F76CFC84
:1068B0002E2003F769FC059803F766FC059803F79B
:1068C00063FC059803F760FC059803F75DFCB620B0
:1068D00000F02AFB049803F757FC4FF4037003F70A
:1068E00053FC059803F750FC172003F74DFC1520C7
:1068F00003F74AFC059803F747FC059803F744FCA7
:10690000F02000F011FB069803F73EFC292000F070
:106910000BFBD02000F008FB059803F735FCBE20E8
:1069200000F002FB052003F72FFCFE2003F72CFCF0
:10693000079803F729FC059803F726FC059803F749
:1069400023FC059803F720FCB82000F0EDFA069828
:1069500003F71AFC079803F717FCBA2000F0E4FAD3
:10696000079803F711FC08B080BD0000000000008C
:1069700080B58CB0112000F0D7FA78200A90FEF78D
:106980008FF93620059000F0CFFA482003F7FCFB82
:106990003A2000F0C9FA552003F7F6FBF0200990E1
:1069A00000F0C2FAC32003F7EFFB099800F0BCFA2D
:1069B000962003F7E9FBB42000F0B6FA012003F7B4
:1069C000E3FBB62000F0B0FA0A2003F7DDFBA220BB
:1069D00003F7DAFBB72000F0A7FAC62003F7D4FBD1
:1069E000B92000F0A1FA022003F7CEFBE0200490CA
:1069F00003F7CAFBC02000F097FA802003F7C4FB1E
:106A00001620019003F7C0FBC12000F08DFA192079
:106A1000039003F7B9FBC22000F086FAA72003F722
:106A2000B3FBC52000F080FA019803F7ADFBE82026
:106A300000F07AFA402003F7A7FB8A2003F7A4FBB3
:106A40000020029003F7A0FB029803F79DFB29208A
:106A50000B9003F799FB039803F796FBA52003F728
:106A600093FB332003F790FB049800F05DFA09983C
:106A700003F78AFB072003F787FB0D2003F784FB4E
:106A8000042003F781FB052003F77EFB142006900A
:106A900003F77AFB059803F777FB542003F774FBA1
:106AA0004C20079003F770FB382003F76DFB132091
:106AB00003F76AFB069803F767FB2E2003F764FBD6
:106AC000342003F761FBE12000F02EFA099803F768
:106AD0005BFB1020089003F757FB069803F754FB65
:106AE0000E2003F751FB0C2003F74EFB082003F7A1
:106AF0004BFB352003F748FB442003F745FB079881
:106B000003F742FB262003F73FFB089803F73CFB03
:106B1000122003F739FB2C2003F736FB322003F752
:106B200033FB099800F000FA3C2003F72DFB09988D
:106B300000F0FAF9692003F727FB0A98FEF7B0F88E
:106B4000212000F0F1F90B9800F0EEF90CB080BDB7
:106B500080B588B0ADF81E00ADF81C10ADF81A2055
:106B6000ADF81830BDF81A0040F2C321484349F28D
:106B70007531C0F21841A0FB01010120019000EB2A
:106B800011100490BDF81A1001FB01F000EB510048
:106B90000390BDF81A000290BDF81E00BDF81A203F
:106BA000801ABDF81C105200BDF8183080B292B2A5
:106BB000FFF722FB01980590FFE7059804998842AA
:106BC00062D8FFE705980299494300FB001003993A
:106BD000884234D9FFE70298049988422BD9FFE70D
:106BE000BDF81E00059BC01A0130BDF81C10029AAA
:106BF00011446FF00102009202EB4302BDF818301D
:106C000089B292B280B2FFF7F7FA009ABDF81E007F
:106C1000059BC01A0130BDF81C10DDF808C0A1EBBF
:106C20000C0102EB4302BDF8183089B292B280B277
:106C3000FFF7E2FAFFE7029801380290FFE7BDF89C
:106C40001E00029A801ABDF81C10059B19445200C0
:106C5000BDF8183080B289B292B2FFF7CDFABDF814
:106C60001E00029A801ABDF81C10059BC91A52001A
:106C7000BDF8183080B289B292B2FFF7BDFAFFE7D3
:106C800005980130059098E708B080BD000000002D
:106C900081B00020C6F208000088ADF80200BDF8FF
:106CA000020001B07047000080B584B0ADF80A0062
:106CB000ADF808100020ADF80600ADF80400ADF8FE
:106CC0000200BDF80A0045F62831C2F200410988E9
:106CD00088420ADAFFE7BDF8080045F62831C2F21B
:106CE00000414988884203DBFFE7002003906FE002
:106CF00045F63830C2F20040006840B1FFE7BDF809
:106D00000A00BDF8081003F737FC039060E0BDF8F7
:106D10000A00BDF8081003F783F845F62830C2F2E0
:106D20000040808845F21051884205D1FFE74FF4BA
:106D3000385000F0F9F803E02E2000F0F5F8FFE7F6
:106D4000FFF7A6FFADF8060045F62830C2F2004076
:106D5000808841F66311884204D1FFE7BDF8060040
:106D6000039035E0022002F79FFEFFF791FFADF898
:106D7000060045F62830C2F20040808847F296713E
:106D8000884204D1FFE7BDF80600039020E002200E
:106D900002F78AFEFFF77CFFADF802009DF80600BF
:106DA000ADF80400BDF804000002ADF80400BDF821
:106DB000060000F47840BDF804204FF4FC6101EABD
:106DC00052110844BDF8021040EAD1200390FFE7B9
:106DD000039804B080BD000010B588B08C4686468C
:106DE0000C980B990A99ADF81EE0ADF81CC0ADF8EF
:106DF0001A20ADF818308DF81710ADF814009DF872
:106E00001E008DF81300BDF81E10BDF81A000844CE
:106E1000ADF81A00BDF81C10BDF818000844ADF814
:106E20001800FFE70B98017800207E29039008DC0A
:106E3000FFE70B98017800201F29C8BF01200390AD
:106E4000FFE70398C007D0B3FFE7BDF81E00BDF809
:106E50001A1088420CDBFFE79DF81300ADF81E0006
:106E60009DF81710BDF81C000844ADF81C00FFE7A2
:106E7000BDF81C00BDF81810884201DBFFE71EE0DA
:106E8000BDF81E00BDF81C100B9A12789DF8173043
:106E9000BDF814C0EE46CEF804C04FF0000CCEF89A
:106EA00000C003F781F89DF81710BDF81E0000EB35
:106EB0005100ADF81E000B9801300B90B2E708B0FE
:106EC00010BD00000000000080B582B08DF8070002
:106ED000BE2000F029F8052003F756F99DF80700B9
:106EE00000EE100AB8EEC00B9FED0D1B20EE010B5B
:106EF000BCEEC00B10EE100A03F746F9012003F7B1
:106F000043F9FF2003F740F90020009003F73CF914
:106F1000009803F739F902B080BD00BF00BF00BF81
:106F2000666666666666044081B0ADF80200BDF82C
:106F30000200ADF80200BDF802004FF6FE71C6F285
:106F40000701088001B0704745F62830C2F20040C2
:106F500000894FF6FE71C6F20701088070470000F5
:106F600080B584B00390029102981A3003F730F98B
:106F700001900398007803280AD1FFE702981430A3
:106F800003F726F90146019840EA01400190FFE726
:106F9000019804B080BD000082B001900198C078D3
:106FA000009000990198807840EA012000900099B3
:106FB0000198407840EA01200090009901980078FB
:106FC00040EA01200090009802B0704700000000E5
:106FD00080B586B0FFE744F2E041C5F602010868DB
:106FE00040F002000860FFE7FFE744F2E041C5F629
:106FF0000201086840F002000860FFE768460122CD
:1070000005924260026040F20040C5F60200049022
:10701000022103910023029301F0DEFD029B0498FC
:10702000059A69464A600A60114601F0D5FD039948
:107030000498059A01F0B4FD0498059A114601F0F0
:10704000AFFD06B080BD000088B0079006910592A4
:107050000020ADF812008DF8110044F20041C5F691
:107060000201086820F080500860FFE744F2004009
:10707000C5F60200016800208900002903900AD5A6
:10708000FFE7BDF8121041F6FF7200209142B8BF31
:1070900001200390FFE70398C00730B1FFE7BDF878
:1070A00012000130ADF81200E0E7BDF8120041F621
:1070B000FF71884204D1FFE701208DF811006AE0DA
:1070C00044F22841C5F60201086820F07C7008608F
:1070D000069A086840EA0250086044F24041C5F64A
:1070E00002010191086840F2FF129043086007987E
:1070F000421E086810430860086820F0FE400860DF
:107100000598421E086840EA0260086044F22C417B
:10711000C5F602010291086820F4706008600868F2
:10712000086008680860086840F08070086044F2F1
:107130000041C5F60201086840F080500860FFE792
:1071400044F20040C5F602000168002089000029D1
:1071500000900AD4FFE7BDF8121041F6FF7200203C
:107160009142B8BF01200090FFE70098C00730B1FE
:10717000FFE7BDF812000130ADF81200E0E7BDF8FE
:10718000120041F6FF71884204D1FFE702208DF81A
:107190001100FFE7FFE79DF8110008B070470000FD
:1071A00080B582B0ADF80600ADF80410009245F647
:1071B0003830C2F20040407DB8B1FFE7009845F694
:1071C0003833C2F200431A7D45F2D071C2F2004159
:1071D00051F82210DA691B68BDF804C0BDF806E05A
:1071E00003FB0CE35A4388521EE0009845F6383CF6
:1071F000C2F2004C9CF8142045F2D071C2F200415A
:1072000051F82210DCF81C20DCF80030DCF804E037
:10721000BDF806C06FEA0C0CF444BDF804E003FBB3
:107220000CE35A438852FFE702B080BD0000000023
:1072300089B0DDF824C0ADF82200ADF82010ADF81B
:107240001E20ADF81C300020029045F63830C2F206
:107250000040407D68B1FFE7BDF822000690BDF810
:1072600020000590BDF81E000490BDF81C0003909E
:107270003CE0BDF81E0045F63831C2F200414968D5
:10728000884209D3FFE745F63830C2F20040406833
:107290000138ADF81E00FFE7BDF8220045F6383191
:1072A000C2F200414968884209D3FFE745F6383009
:1072B000C2F2004040680138ADF82200FFE7BDF897
:1072C0002000069045F63830C2F200404268BDF812
:1072D0001E10C94311440591BDF81C10049141686A
:1072E000BDF82200C04308440390FFE745F638315B
:1072F000C2F200410A680498069BC01AC0431044B9
:10730000ADF806000A7D45F2D070C2F2004050F898
:107310002220C8690968059BDDF818C001FB03C17C
:1073200000FB0120009044F2D441C5F60201086838
:1073300040F01000086041F20001C5F20021086829
:1073400020F0010008604FF44030086041F2340240
:10735000C5F2002202201060BDF8060041F2400292
:10736000C5F200221060009841F23C02C5F20022F2
:1073700010600398059A801A0130049A069BD21A6D
:10738000013240EA024041F24402C5F2002210609C
:10739000099841F23802C5F200221060086840F0F6
:1073A00001000860FFE741F20400C5F20020006818
:1073B000800700280AD4FFE7029801300290029863
:1073C000B0F5001F01D3FFE700E0ECE741F2080150
:1073D000C5F20021086840F00200086009B070475B
:1073E00010B59EB000201D90ADF8720000F0B8FA04
:1073F000ADF87200FFE744F2E041C5F6020108680B
:1074000040F002000860FFE7FFE744F2E041C5F604
:107410000201086840F020000860FFE7FFE744F23F
:10742000E041C5F60201086840F480700860FFE79B
:10743000FFE744F2E041C5F60201086840F48070BD
:107440000860FFE7FFE744F2E041C5F60201086883
:1074500040F040000860FFE76946012414944C6046
:1074600003201190086040F20040C5F60200202180
:1074700000231393224601F0AFFB1198139B69463A
:107480004C60086041F20040C5F602000D904FF4D8
:1074900080610F910222129201F09EFB1198129AC4
:1074A000139B69464C60086042F20000C5F602007A
:1074B00019904FF400710E9101F08EFB0F99DDF8D9
:1074C00044C0129A139B1998EE46CEF80440CEF8A9
:1074D00000C001F081FBDDF850C01198129A139B97
:1074E0006946C1F804C0086041F60000C5F6020014
:1074F00015908021109101F06FFB0D980F990E22CD
:107500001B9201F0EDFA0E9919981B9A01F0E8FA16
:107510000F9919981B9A01F0E3FA109915981B9A84
:1075200001F0DEFA1199129A139B1598DDF850E0DC
:1075300044F2E444C5F60204D4F800C04CF0080C50
:10754000C4F800C044F2E044C5F60204D4F800C018
:107550004CF4E07CC4F800C0EC46CCF804E0CCF875
:1075600000104FF40461169101F036FBDDF850C0B5
:107570001198129A139B6946C1F804C0086041F63D
:107580000040C5F6020017904FF47E41189101F0BB
:1075900023FB1199129A139B1998DDF850E0EC46E1
:1075A000CCF804E0CCF80010F7211A9101F014FB9C
:1075B000159816991B9A01F093FA179818991B9A27
:1075C00001F08EFA19981A991B9A01F089FABDF800
:1075D000720044F2423188421CD1FFE745F638314F
:1075E000C2F200410C914FF4F07008604FF48870C3
:1075F0004860012008814881282088810820C881AE
:1076000005220A8248824FF4967019212122FFF741
:107610001BFDA5E0BDF8720047F2840188421DD130
:10762000FFE745F63831C2F200410B914FF4487044
:1076300008604FF4F07048600120088148812E20D6
:1076400088811720C881D2200882162048824FF4F2
:10765000967019210922FFF7F7FC80E0BDF872004F
:1076600047F2160188421DD1FFE745F63831C2F2D4
:1076700000410A914FF4806008604FF41670486032
:107680001420088103224A818C228A81C881A0208B
:1076900008820C2048824FF4967019210622FFF7C9
:1076A000D3FC5BE0BDF8720047F2180188420BD1B1
:1076B000FFE745F63831C2F200414FF4A0600860A0
:1076C0004FF44870486048E0BDF8720044F28431DD
:1076D00088421ED1FFE745F63831C2F200410991D8
:1076E0004FF4487008604FF4F0704860582088816B
:1076F00028200882302008812020C8810D2048825F
:10770000032048814FF4967019210922FFF79CFC51
:1077100022E0BDF8720041F2180188421BD1FFE758
:1077200045F63831C2F2004108914FF4A06008607C
:107730004FF4487048608C2088810A2008820881B4
:10774000C8814882032048814FF49670192106228F
:10775000FFF77AFCFFE7FFE7FFE7FFE7FFE7FFE759
:10776000BDF8720041F21801884204D1FFE74FF0E2
:1077700080501D9002E000201D90FFE71D9841F20F
:107780001801C5F20001086045F63832C2F2004225
:107790000592508901381D9011890020CFF6FF70A5
:1077A00000EB01431D9919431D911D9941F20803F6
:1077B000C5F2000319605189D389194401391D911B
:1077C00011899389194400EB01431D9919431D91B7
:1077D0001D9941F20C03C5F2000319605189D38948
:1077E00019445368194401391D9111899389194429
:1077F0001368194400EB01431D9919431D911D990C
:1078000041F21003C5F2000319605189D38919446C
:1078100053681944538A194401391D911189938978
:10782000194413681944128A114400EB01411D9850
:1078300008431D901D9841F21401C5F20001086033
:1078400041F22C01C5F200010020069008600120E1
:10785000079000F089F8059B069845F2D071C2F2B6
:10786000004140F20002CCF200020A600222DA611A
:1078700009686B46D8604FF0070CC3F808C04FF09A
:10788000060CC3F804C01860FF2302F7F5FC059846
:10789000069A03888088694608601046114602F7F8
:1078A0005FFD059906980B6845F62832C2F2004242
:1078B00013804968518002F7A3FE079A40F2004006
:1078C000C5F60200202101F06BF94FF0FF3002F7FE
:1078D00093FC1EB010BD000081B08DF803008DF840
:1078E00002109DF80200B8B1FFE79DF8030048B907
:1078F000FFE741F28401C5F20001086840F0010091
:10790000086008E041F20411C5F20001086840F087
:1079100001000860FFE716E09DF8030048B9FFE7A3
:1079200041F28401C5F20001086820F001000860FE
:1079300008E041F20411C5F20001086820F00100DE
:107940000860FFE7FFE741F22401C5F20001086883
:1079500040F00100086001B0704700000000000026
:1079600047F284007047000081B08DF803009DF855
:10797000030048B1FFE741F21801C5F200010868B1
:1079800040F00100086008E041F21801C5F2000172
:10799000086820F001000860FFE701B070470000B0
:1079A00080B584B000200390A0200521022204238A
:1079B00004F7E6F84FF4C870FDF752F964204FF46D
:1079C000E13101F011FDFFF703FB00F011F94DF675
:1079D000AA30C0F60000F8F62DFD4DF61B40C0F6AB
:1079E0000000F8F627FD00F0F3FD00F051FF68B944
:1079F000FFE74DF68D30C0F600000021CCF22001EB
:107A0000F8F618FD0220FDF6ABFFFFE74DF61D303E
:107A1000C0F60000F8F60EFD01F7D2FC0120FFF6DB
:107A200023F945F62830C2F200400088B0F5487FBF
:107A300009D1FFE745F62830C2F200404088B0F592
:107A4000F07F10D0FFE745F62830C2F200400188F1
:107A500042884DF64820C0F60000F8F6EBFC032003
:107A6000FDF67EFFFFE74DF6B920C0F60000F8F600
:107A7000E1FC01F079F9FCF70FFE38B1FFE74DF6B4
:107A80008820C0F60000F8F6D5FC06E04DF69F20F1
:107A9000C0F60000F8F6CEFCFFE700200290FEF7EB
:107AA0006BFB40F20040C5F602000090022101226B
:107AB000019201F075F800980199029A01F070F8AE
:107AC000FBF742FB4DF66720C0F60000F8F6B2FC6B
:107AD00001F01AFF0520FDF643FF039804B080BDB6
:107AE00087B006900591049206980390059802903D
:107AF00000200190FFE70398411C03910078029950
:107B00004A1C02920978401A0190FFE70498411E2E
:107B100004910020009031B1FFE70198B0FA80F0A5
:107B200040090090FFE70098C0070028E3D1FFE775
:107B3000019807B07047000085B00490039102924D
:107B40000498019003980090029888B1FFE7FFE73E
:107B50000098411C0091007801994A1C019208701C
:107B6000FFE70298013802900028F1D1FFE7FFE714
:107B700005B070470000000084B0039002910192AC
:107B800003980090FFE7029800994A1C0092087041
:107B9000FFE70198013801900028F4D1FFE704B015
:107BA00070470000000000004EF62451CEF20001A4
:107BB000086820F4803008604EF69451CEF200013F
:107BC000086820F001000860704700000000000015
:107BD0004EF69451CEF20001052008604EF6245175
:107BE000CEF20001086840F4803008607047000061
:107BF00080B588B0694601220692CA608A60002377
:107C000005934B600320079008604FF000504FF43D
:107C1000003100F05DF8059B069A07986946CA6036
:107C20008A604B6008604FF010504FF400210491BF
:107C3000022200F04DF80499059B079ADDF818C060
:107C40006846C0F80CC0C0F808C0436002604FF03E
:107C5000405000F03DF8059B069A07986946CA60B7
:107C60008A604B6008604FF060504FF4803104220E
:107C700000F02EF8059B07986946CB608B604B603F
:107C800008604FF0C0404FF08061052200F020F8FE
:107C9000059B069A07986946CB608B604A6008602E
:107CA0004FF040404FF00071062200F011F8059AA5
:107CB000069B07986946CA608A604A6008604FF070
:107CC00000404FF08051072200F002F808B080BD5C
:107CD00070B588B09C4696460C4605460F980E999E
:107CE0000D9A0C9B06950594CDF810E08DF80FC009
:107CF0008DF80E308DF80D208DF80C108DF80B00DE
:107D0000002001908DF803009DF81400C00618B9FA
:107D1000FFE7059820B9FFE701208DF81F0047E035
:107D2000059802F7A9FC01388DF80300FFF73CFF26
:107D300004984EF69851CEF20001086006984EF66F
:107D40009C51CEF2000108609DF80F10019840EAA6
:107D5000017001909DF80E10019840EA01600190B9
:107D600001989DF80D1040EA814001909DF80C109B
:107D7000019840EA414001909DF80B10019840EABB
:107D80000140019001989DF8031040EA41000190E4
:107D9000019840F00100019001984EF6A051CEF2FA
:107DA00000010860FFF714FF00208DF81F00FFE7B7
:107DB0009DF81F0008B070BD80B582B001900091A1
:107DC0000198006CB8B1FFE70199C8680A6C1044CB
:107DD000C86001988168C068884204D3FFE70199B0
:107DE0000868C86000E0FFE70098019AD168126C4B
:107DF000F8F677FBFFE702B080BD0000000000004E
:107E000080B586B0059004910392002002900598F9
:107E1000806B01900598006C78B9FFE705980068C1
:107E200048B9FFE70598806805F7DEF802900599E4
:107E30000020886000E0FFE741E00398B8B9FFE761
:107E4000059A04995068126CF8F64BFB059948683E
:107E50000A6C10444860059948688968884204D3D0
:107E6000FFE705990868486000E0FFE726E0059A0B
:107E70000499D068126CF8F634FB0599C8680A6C4E
:107E8000801AC86005980168C068884206D2FFE77A
:107E9000059988680A6C801AC86000E0FFE70398BB
:107EA000022809D1FFE7019820B1FFE701980138C6
:107EB000019000E0FFE700E0FFE7FFE7FFE7019840
:107EC000013005998863029806B080BD000000006B
:107ED00080B58AB001200990002007900690059097
:107EE000049003900290FFE702980E2813D8FFE752
:107EF000029A4EF25310C0F60000815C04A881542F
:107F00000299405C08B9FFE705E0FFE7FFE7029848
:107F100001300290E8E7029A04A9002088540890F2
:107F2000FFE70898002822DCFFE748F24100C0F68E
:107F3000100003900398089A45F68841C2F2024166
:107F400001EB820269464A6000230B6004A94FF4EA
:107F5000807204F769FF09900998012801D0FFE7B2
:107F600005E0FFE7FFE7089801300890D9E7099896
:107F70000AB080BD0000000080B582B00190019879
:107F8000006B01F04DFB019801F04AFB02B080BD8F
:107F900084B04FF40030009045F61840C2F2004023
:107FA00002909DF80800400788B1FFE7029807306B
:107FB0000290029820F007000290029A45F61841BC
:107FC000C2F200410098891A08440090FFE7029924
:107FD00045F6FC40C2F20240016000214160029877
:107FE000009A10440190019808380190019820F0FF
:107FF00007000190019A45F66830C2F20040026025
:108000000268516002681160029903910199039A14
:10801000891A51600068039908600398406845F622
:108020008C41C2F2024108600398406845F68441E1
:10803000C2F20241086004B0704700000000000076
:1080400080B582B00190FFE702F7BAFC45F67430C4
:10805000C2F20040006802280CD3FFE74EF604513C
:10806000CEF200014FF080500860BFF34F8FBFF396
:108070006F8F00E0FFE7E7E780B584B00020039052
:10808000FFE70398072810D8FFE7039800EB80016B
:1080900045F67430C2F2004000EB810001F09CFA1A
:1080A000FFE7039801300390EBE745F65C40C2F22E
:1080B0000240019001F090FA45F67040C2F2024091
:1080C000029001F089FA45F6A440C2F2024001F0A4
:1080D00083FA45F61850C2F2024001F07DFA45F6E7
:1080E0000450C2F2024001F077FA0199029845F675
:1080F0006432C2F20042116045F66C31C2F20041B6
:10810000086004B080BD000008480068006880F383
:1081100008884FF0000080F3148862B661B6BFF3A0
:108120004F8FBFF36F8F00DF00BF000008ED00E04E
:1081300080B588B00020069005900490FFE745F6D2
:108140003050C2F20240006804A9002204F770FD1A
:10815000002800F09D80FFE70498002800F1978038
:10816000FFE7069803900398002800F08E80FFE751
:108170000398406928B1FFE70398043001F0B8F98B
:1081800000E0FFE702A802F763FF019004980138BE
:1081900001460091082800F276800099DFE801F09E
:1081A0000505323A5F0505323A00039991F8280037
:1081B00040F0010081F828000398059B816919446B
:1081C000019A02F709FED8B1FFE7039890F828005A
:1081D0004007002808D5FFE70398059982691144F4
:1081E000019A02F719FF07E0039991F8280000F0BF
:1081F000FE0081F82800FFE70398016A884700E045
:10820000FFE741E0039991F8280000F0FE0081F8B3
:10821000280039E0039991F8280040F0010081F826
:108220002800059803998861FFE70398806968B979
:10823000FFE74FF0500072B680F31188BFF36F8FE5
:10824000BFF34F8F62B60790FFE7FEE7FFE70398A3
:10825000019B816919441A4602F7BEFD14E0039898
:1082600090F828008007002804D4FFE7039801F065
:10827000D7F907E0039991F8280000F0FE0081F893
:108280002800FFE700E0FFE700E0FFE7FFE756E731
:1082900008B080BD0000000080B584B0039002915A
:1082A00001F082FB684602F7D3FE01900098D8BB2C
:1082B000FFE7029860B9FFE703980199884207D861
:1082C000FFE705F711F80398019902F779FE2AE014
:1082D000029858B1FFE745F67030C2F200400068DE
:1082E0000068B0FA80F040090290FFE745F6305090
:1082F000C2F2024000680399019A891A029A01F0B9
:1083000083FA04F7F1FF60B9FFE74EF60451CEF2AD
:1083100000014FF080500860BFF34F8FBFF36F8FA5
:1083200000E0FFE7FFE702E004F7DEFFFFE704B04D
:1083300080BD00000000000045F66430C2F200403D
:108340000068006840B9FFE745F69041C2F202417B
:108350004FF0FF3008600CE045F66430C2F2004098
:108360000068C068006845F69041C2F202410860AA
:10837000FFE770470000000080B582B0FFE745F6D8
:108380006030C2F200400068006870B1FFE745F657
:108390006030C2F200400068C06800680190019837
:1083A0004FF0FF3102F70CFEE9E745F66032C2F20A
:1083B00000421068009045F67031C2F20041086832
:1083C00010600098086002B080BD0000000000004E
:1083D00082B0019000200090FFE701980078A52866
:1083E00007D1FFE70198013001900098013000901B
:1083F000F3E7009880080090009802B070470000F2
:1084000083B000200090FFE740F25C00C2F2004021
:108410000068013068B1FFE74FF0500072B680F39A
:108420001188BFF36F8FBFF34F8F62B60290FFE7E3
:10843000FEE7FFE74FF0500072B680F31188BFF3FC
:108440006F8FBFF34F8F62B60190FFE7009808B9B6
:10845000FFE7FBE703B0704780B584B00390FFE708
:1084600001A802F721FB029002980199FFF714FF7F
:10847000FFF75EFEF4E7000083B0029001910092E6
:1084800002980438029002994FF0807008600298B8
:1084900004380290019820F00100029908600298C7
:1084A00004380290029948F20140C0F610000860BA
:1084B00002981438029000980299086002980438D3
:1084C000029002996FF00200086002982038029032
:1084D000029803B07047000080B588B006900591FF
:1084E000049200208DF80F0006980068019005980E
:1084F000022806D3FFE7059801994969884204D309
:10850000FFE702208DF81F005CE0049890B1FFE7C0
:10851000019804994FF0FF3202F726FE8DF80F0004
:108520009DF80F0028B1FFE79DF80F008DF81F00A0
:1085300048E0FFE7FFE706980599FDF7D9FB0290B1
:10854000029808B9FFE739E00298012804D1FFE753
:1085500002208DF81F0035E00298013020B9FFE7B6
:1085600001208DF81F002DE001980599002202F7E7
:10857000FBFD8DF80F009DF80F0028B1FFE79DF877
:108580000F008DF81F001DE0019908694969023943
:1085900088420AD2FFE70199086901300861019910
:1085A000087940F001000871FFE702980590FFE7A5
:1085B0000598019949698842BDD3FFE700208DF8ED
:1085C0001F00FFE79DF81F0008B080BD00000000FD
:1085D00080B594B00023109313931293ADF84630F6
:1085E00044F2E041C5F60201086840F07C000860F2
:1085F00044F2D441C5F60201086840F48050086096
:10860000694601200D90486003200F90086040F6F5
:108610000000C5F6020002900D21039102220E9285
:1086200000F0DAFADDF834C00E9A0F98109B694614
:10863000C1F804C0086040F60040C5F6020004908E
:108640004CF20371059100F0C7FADDF834C00E9AC0
:108650000F98109B6946C1F804C0086041F2000001
:10866000C5F6020006904FF68371079100F0B4FA48
:10867000DDF834C00E9A0F98109B6946C1F804C00B
:10868000086041F20040C5F6020008904FF63F0135
:10869000099100F0A1FADDF834C00E9A0F98109BF2
:1086A0006946C1F804C0086041F60000C5F6020042
:1086B0000A9048F237110B9100F08EFA0298039954
:1086C0000C220C9200F00CFA049805990C9A00F018
:1086D00007FA069807990C9A00F002FA0898099987
:1086E0000C9A00F0FDF90A980B990C9A00F0F8F931
:1086F0000D99109B139840F001001390139840F0CF
:1087000008001390139840F010001390139840F055
:1087100040001390139840F480701390139840F425
:1087200000601390139840F480501390139844F213
:108730004012C5F200221060129840F00100129021
:10874000129840F070001290129840F4C06012909D
:10875000129840F4C0401290129840F48030129069
:10876000129840F480101290129840F0807012908D
:10877000129844F24812C5F20022106044F200023E
:10878000C5F20022106840F00040106018461A46FA
:1087900000F032F84FF4FA70FCF62AFC0E99109BA8
:1087A00018461A4600F028F80F99109B0822184620
:1087B00000F022F8109ABDF8460040F00100ADF834
:1087C0004600BDF8460040F02000ADF84600BDF878
:1087D000460040F40070ADF84600BDF84630042174
:1087E000104600F009F844F25411C5F2002140F29D
:1087F0008E60086014B080BD84B08DF80E008DF8D6
:108800000D108DF80C20ADF80A300020019000907A
:108810009DF80D100098084300909DF80E00C0F1DF
:108820000401012000FA01F10098084300909DF82E
:108830000C10009840EA41100090BDF80A10009812
:1088400040EA41200090009844F25011C5F2002106
:108850000860FFE744F25810C5F200200068800667
:1088600000280DD5FFE70198013001900198B0F57F
:10887000001F04D3FFE701208DF80F0004E0E9E7B3
:1088800000208DF80F00FFE79DF80F0004B070473F
:1088900084B00020CCF22000029000200190FFE77D
:1088A00001990020B0EB113F0DD1FFE7019A0020A4
:1088B000C5F6A5205040029941F82200FFE7019833
:1088C00001300190ECE700200190FFE701990020C2
:1088D000B0EB113F17D1FFE701980021C5F6A521A4
:1088E000484000900298019950F821000099884270
:1088F00004D0FFE700208DF80F0046E0FFE7019865
:1089000001300190E2E700200190FFE7019900208B
:10891000B0EB113F11D1FFE7019A41F22100504322
:108920004FF6FF71CAF25A514840029941F82200AD
:10893000FFE7019801300190E8E700200190FFE790
:1089400001990020B0EB113F1BD1FFE7019841F2E4
:10895000210148434FF6FF71CAF25A514840009036
:108960000298019950F821000099884204D0FFE74D
:1089700000208DF80F0008E0FFE70198013001901A
:10898000DEE701208DF80F00FFE79DF80F0004B02F
:10899000704700000000000080B584B00390029191
:1089A000019202981A30BDF8041002F75DFE039898
:1089B0000078032807D1FFE702981430BDF80610AD
:1089C00002F752FEFFE704B080BD00000000000087
:1089D00082B001900091009801994A1C01920870A0
:1089E0000098000A0090009801994A1C01920870B2
:1089F0000098000A0090009801994A1C01920870A2
:108A00000098000A0090009801994A1C0192087091
:108A100002B070470000000080B584B00390039856
:108A200002F73AFE8DF80B009DF80B00002853D199
:108A3000FFE703980078032841D1FFE70398007906
:108A400001283CD1FFE703983030002101914FF419
:108A50000072FFF791F8039800F22E204AF6552194
:108A600002F702FE0398303045F25221C4F2611140
:108A7000FFF7AEFF039800F5057047F27221C6F2CA
:108A80004111FFF7A5FF039901F506700969FFF78A
:108A90009FFF039901F50770C968FFF799FF0399D4
:108AA000C8690130C862039A507802F13001D26A75
:108AB0000123FCF6ADFD019803990871FFE70398C7
:108AC000407800221146FCF61FFD20B1FFE701208F
:108AD0008DF80B00FFE7FFE79DF80B0004B080BDA9
:108AE00085B00490ADF80E108DF80D200020029096
:108AF000019000900290FFE702980F2833D8FFE71B
:108B00000299012088400190BDF80E0001990840AB
:108B1000009000980199884220D1FFE7029A02F064
:108B2000070081000F2000FA01F304986FF00301A1
:108B300001EA52020244106A984310629DF80D0047
:108B4000029B03F00702920000FA02F2049801EA85
:108B500053010144086A10430862FFE7FFE70298E7
:108B600001300290C8E705B0704700000000000027
:108B700083B00190ADF8021001980069BDF80210B1
:108B8000084204D0FFE701208DF80B0003E000202D
:108B90008DF80B00FFE79DF80B0003B07047000055
:108BA00082B00190ADF802108DF801209DF801000F
:108BB000C00738B1FFE7BDF802200199886910436A
:108BC000886107E0BDF802200199886940EA024007
:108BD0008861FFE702B0704787B0DDF820C0DDF89C
:108BE0001CC00690ADF8161004920393002002906A
:108BF000019000900290FFE702980F2863D8FFE7EA
:108C00000299012088400190BDF8160001990840A2
:108C1000009000980199884250D1FFE702984100E6
:108C2000032000FA01F2069908689043086004984E
:108C30000299490000FA01F2069908681043086099
:108C40000498012804D0FFE70498022823D1FFE705
:108C500002984100032000FA01F2069988689043C7
:108C6000886007980299490000FA01F2069988681D
:108C7000104388600299012000FA01F206994868C1
:108C8000904348600398029900FA01F206994868F7
:108C900010434860FFE702984100032000FA01F208
:108CA0000699C8689043C86008980299490000FA7C
:108CB00001F20699C8681043C860FFE7FFE7029811
:108CC0000130029098E707B07047000000000000F4
:108CD00072B670470000000062B6704700000000E6
:108CE00080B582B08DF807008DF806108DF805204C
:108CF0008DF804309DF8040002F702FF9DF807008C
:108D00009DF80410C1F10401884000909DF8060010
:108D10009DF804200F21D1400140009808430090A5
:108D2000009800F00F0000909DF8051001F01F0260
:108D3000012000FA02F31C2000EAD1014EF20012D9
:108D4000CEF20002885818438850009B9DF8051009
:108D50004EF20042CEF20002885C40EA03108854D2
:108D600002B080BD0000000080B582B045F65521FC
:108D7000C2F2004100200870FCF7CEFE10BBFFE7F6
:108D800040F21401C2F2004145F6F170C0F6000055
:108D90004860812081F8440040F20801C2F200419D
:108DA0004DF63840C0F60000086045F65521C2F285
:108DB0000041012008704DF6F930C0F60000F7F6CA
:108DC00039FB3AE0FDF694FA68BBFFE745F600018F
:108DD000C2F20041019148F240100422FDF69CFBD2
:108DE000019840F21402C2F2004246F25161C0F60C
:108DF00000015160812182F8441040F20801C2F262
:108E00000041086045F65521C2F20041012008707A
:108E1000FDF7CAF8019902464DF63030C0F6000061
:108E2000F7F608FB08E04DF6E620C0F60000F7F67E
:108E300001FB00F005F8FFE7FFE702B080BD00008E
:108E400080B588B045F61641C2F200410020087096
:108E500045F61741C2F200410870FBF661FF41F68A
:108E60000040C5F6020002904021039101220192C8
:108E7000FFF796FE019A42F20000C5F60200059047
:108E800008210491FFF78CFE0220FBF709FF0298EE
:108E90000399FFF76DFE04990246059845F61443C1
:108EA000C2F2004306931A70FFF762FE014606986D
:108EB00045F61542C2F2004211700078002850D0E9
:108EC000FFE745F61540C2F200400078002848D080
:108ED000FFE708208DF81F00FFE79DF81F007728A7
:108EE0003ED8FFE79DF81F004000C0B2FBF768FEC8
:108EF00078BBFFE79DF81F004000C0B2FBF760FEA3
:108F000038BBFFE79DF81F004000C0B2FBF758FEDA
:108F1000F8B9FFE745F61640C2F20040007840B9C4
:108F2000FFE79DF81F0045F61741C2F200410870A7
:108F3000FFE745F61641C2F200410878013008709B
:108F40009DF81F104DF65F30C0F60000F7F672FA7C
:108F5000FFE7FFE79DF81F0001308DF81F00BCE719
:108F6000FFE745F61440C2F20040017845F615408F
:108F7000C2F20040027845F61640C2F20040037883
:108F80004DF6CE30C0F60000F7F654FA08B080BDBA
:108F9000B0B59AB014A90D9101460D98199180EDC4
:108FA000020B80ED001B00208DF84F00FFE79DF8BD
:108FB0004F00042859DCFFE79DF84F104A1C199810
:108FC00030F821304EF2D801C0F600010DF13B001F
:108FD0000B90F7F727F80B989DF84F1001EB8102E3
:108FE000A021099101EB820145F62833C2F200432A
:108FF0000A931A885B88EC464FF47844CCF8084012
:10900000CCF8040010200C90CCF800002820FDF7CC
:10901000E3FE0B989DF84F305A1C199901EB830120
:109020004B884EF2DF01C0F60001F6F7FBFF09990D
:109030000A9BDDF82CE00C989DF84F2002EB820291
:1090400001EB82011A885B88EC46CCF80840CCF82A
:1090500004E0CCF800007820FDF7BEFEFFE79DF8A5
:109060004F0001308DF84F00A1E79DF84F0000EB55
:109070008001A020059000EB810145F62830C2F266
:1090800000400690008801386B464FF6FF721A6068
:1090900082B2282003901023089300F72DF90D9831
:1090A00090ED020B53EC102B4EF2E601C0F60001DE
:1090B0000DF13B0507952846F6F7B4FF0599069B89
:1090C000DDF820C00398002204928DF842209DF81C
:1090D0004F2002EB820201EB82011A885B88EE4688
:1090E0004FF47844CEF80840CEF80450CEF800C0D3
:1090F000FDF772FE0D99079891ED000B53EC102BC4
:109100004EF2EF01C0F60001F6F78CFF049A0599C4
:10911000069BDDF81CE008988DF842209DF84F2052
:1091200002EB820201EB82011A885B88EC46CCF8E4
:109130000840CCF804E0CCF800007820FDF74CFEA5
:109140001AB0B0BD0000000080B584B0ADF80E00CC
:10915000ADF80C10ADF80A20BDF80E10A1F10C000E
:10916000BDF80C300D31BDF80A20EC46CCF80020DB
:1091700080B28AB21946FDF777F8BDF80E20BDF827
:109180000C00A0F10C010D30BDF80A30EC46CCF813
:10919000003089B283B21046FDF766F8BDF80E00C4
:1091A0000130BDF80C100131BDF80A2080B289B23F
:1091B000FDF7F2F8BDF80E000138BDF80C100131D2
:1091C000BDF80A2080B289B2FDF7E6F8BDF80E00BE
:1091D0000130BDF80C100139BDF80A2080B289B207
:1091E000FDF7DAF8BDF80E000138BDF80C100139B2
:1091F000BDF80A2080B289B2FDF7CEF8BDF80E00A6
:10920000BDF80C10BDF80A300622FDF651FE04B080
:1092100080BD00000000000080B584B040F2140062
:10922000C2F200403830029000208DF80700029909
:1092300028200C22FBF74CFA3420FBF769FA8DF852
:1092400007009DF807000A2804D1FFE701208DF8E8
:109250000F0003E000208DF80F00FFE79DF80F00DE
:1092600004B080BD0000000080B586B08DF8170006
:109270000020ADF80600ADF81400FFE7BDF81400BB
:10928000042810DCFFE79DF8170003F761F8BDF82C
:10929000142002A921F81200FFE7BDF814000130E4
:1092A000ADF81400EAE70020ADF81400FFE7BDF8C0
:1092B000140003283BDCFFE7BDF814000130ADF8D3
:1092C0001200FFE7BDF81200042829DCFFE7BDF813
:1092D000140002A931F81000BDF8122031F8121064
:1092E000884216DDFFE7BDF8140002A931F810002E
:1092F000ADF80400BDF8120031F81000BDF81420DC
:1093000021F81200BDF80400BDF8122021F8120067
:10931000FFE7FFE7BDF812000130ADF81200D1E71A
:10932000FFE7BDF814000130ADF81400BFE70020DE
:10933000ADF806000120ADF81400FFE7BDF81400F9
:10934000032811DCFFE7BDF8141002A830F8111053
:10935000BDF806000844ADF80600FFE7BDF81400AC
:109360000130ADF81400E9E7BDF8060045F25651AA
:10937000C5F25551A0FB0110ADF80400BDF8040082
:1093800006B080BD0000000080B584B0039002915B
:1093900040F21400C2F2004090F84400C00758B1F7
:1093A000FFE79020FFF760FFADF80600D020FFF741
:1093B0005BFFADF804000AE0D020FFF755FFADF8E1
:1093C00006009020FFF750FFADF80400FFE7BDF85E
:1093D000060003990880BDF804000299088004B0D3
:1093E00080BD00000000000080B58EB00D900C9193
:1093F000FFE744F2E041C5F60201086840F00100D1
:109400000860FFE7FFE744F2E041C5F602010868A3
:1094100040F001000860FFE7FFE744F2F041C5F6C5
:109420000201086840F010000860FFE7694601206B
:109430000390486008600020C5F6020006904FF4D3
:10944000007105910222049200230993FFF7C4FBE7
:109450000399049A0698099BEC46CCF80410CCF8C2
:1094600000104FF480610791FFF7B6FB059906984D
:1094700007220892FFF734FB06980799089AFFF72E
:109480002FFB09990D9844F24022C0F20F0250437D
:109490000C9A00EB5200B0FBF2F00B900B9841F2EB
:1094A0000C02C4F20102106041F20002C4F2010297
:1094B0000A921160106810601068106010681060E7
:1094C000106840F008001060106840F00400106060
:1094D000106840F020001060062025220423FFF7CA
:1094E000FFFB0A99086840F0010008600EB080BDDB
:1094F00082B00190019800690090019841688068ED
:1095000088600199486889684860009840680199B6
:10951000884205D1FFE7019880680099486000E023
:10952000FFE7019900200861009908680138086088
:109530000098006802B0704780B584B00290FFE7E1
:10954000029868B9FFE74FF0500072B680F31188B7
:10955000BFF36F8FBFF34F8F62B60390FFE7FEE755
:10956000FFE703F729F90298806B019003F758F998
:10957000019804B080BD000080B586B004900498C6
:1095800038B9FFE745F65C30C2F200400068009051
:1095900002E004980090FFE700980390FFE703982B
:1095A00068B9FFE74FF0500072B680F31188BFF33F
:1095B0006F8FBFF34F8F62B60590FFE7FEE7FFE7BF
:1095C0000398006B02900298FEF702FF0190019849
:1095D00006B080BD0000000081B00090009901F14C
:1095E0000800486000994FF0FF308860009901F151
:1095F0000800C860009901F1080008610099002086
:10960000086001B070470000DFF80C00016841F409
:10961000700101607047000088ED00E0000000006C
:1096200080B588B00490049803900498002800F056
:109630008880FFE703980838039003980290FFE7BB
:109640000299002045F61842C2F200429142019070
:1096500010D3FFE7029945F61840C2F200404FF6DA
:10966000FF72C0F2010202440020914298BF012023
:109670000190FFE70198C00768B9FFE74FF050007D
:1096800072B680F31188BFF36F8FBFF34F8F62B64E
:109690000790FFE7FEE7FFE7FFE70298C1790020A8
:1096A000B0EBD11F0DD1FFE74FF0500072B680F341
:1096B0001188BFF36F8FBFF34F8F62B60690FFE73D
:1096C000FEE7FFE7FFE70298006868B1FFE74FF0A9
:1096D000500072B680F31188BFF36F8FBFF34F8FC6
:1096E00062B60590FFE7FEE7FFE70298C179002028
:1096F000B0EBD11F23D0FFE702980068E8B9FFE77D
:109700000299486820F00040486000F04DF9029846
:10971000426845F68441C2F202410868104408607C
:10972000029801F7BDFA45F69C41C2F20241086871
:109730000130086003F7D8FD00E0FFE700E0FFE735
:10974000FFE708B080BD000085B0039002910020C3
:109750000090FFE7039868B9FFE74FF0500072B63A
:1097600080F31188BFF36F8FBFF34F8F62B6049001
:10977000FFE7FEE7FFE70298C8B3FFE7002001908C
:10978000FFE70198072831D8FFE70398019A45F6CB
:10979000B841C2F2024101EBC2014968884209D1D5
:1097A000FFE7019945F6B840C2F2024000EBC10064
:1097B00000901BE0009890B9FFE7019945F6B8408A
:1097C000C2F2024050F8310048B9FFE7019945F66E
:1097D000B840C2F2024000EBC100009000E0FFE799
:1097E000FFE7FFE7019801300190CAE7FFE7009823
:1097F00038B1FFE702980099086003980099486023
:10980000FFE705B07047000080B584B00390029177
:1098100001920398009002F7CFFF009890F944005E
:10982000013028B9FFE70099002081F84400FFE7E4
:10983000009890F94500013028B9FFE70099002011
:1098400081F84500FFE702F7EBFF0098806B38B91D
:10985000FFE7009824300299019A00F011F800E027
:10986000FFE7009801F718FC04B080BD000000007D
:1098700045F63851C2F202410120086070470000ED
:1098800080B586B0049003910292FFE7049868B90E
:10989000FFE74FF0500072B680F31188BFF36F8F6F
:1098A000BFF34F8F62B60590FFE7FEE7FFE7FFE7E4
:1098B000049840680190019845F65C31C2F200417D
:1098C0000A68D061019880680A68106208681830D8
:1098D000019A9268506008681830019A9060049864
:1098E000096888620499086801300860FFE70298F7
:1098F00020B1FFE74FF0FF300390FFE70398029994
:1099000000F7D2FE06B080BD80B584B0FEF7E0FA65
:1099100001900198012804D1FFE700F045FC019077
:1099200000E0FFE70198012821D1FFE74FF0500048
:1099300072B680F31188BFF36F8FBFF34F8F62B69B
:10994000039045F69041C2F202414FF0FF300860AB
:1099500045F6F841C2F202410120086045F62C515B
:10996000C2F202410020086000F02EF813E0FFE789
:109970000198013068B9FFE74FF0500072B680F3EC
:109980001188BFF36F8FBFF34F8F62B60290FFE76E
:10999000FEE7FFE7FFE74DF66C70C0F610000068C9
:1099A00004B080BD0000000045F62841C2F202412B
:1099B000086801300860704745F68440C2F20240F2
:1099C000006870470000000080B58AB04EF608506D
:1099D000CEF2000000680590FFE70598C06A41F6E6
:1099E000E121C0F6000188420DD0FFE74FF05000A2
:1099F00072B680F31188BFF36F8FBFF34F8F62B6DB
:109A00000990FFE7FEE7FFE7FFE70598806B40F668
:109A10005161C0F6000188420DD0FFE74FF05000C1
:109A200072B680F31188BFF36F8FBFF34F8F62B6AA
:109A30000890FFE7FEE7FFE7002003904EF20040AA
:109A4000CEF20000029001788DF81310FF21017012
:109A500000788DF807009DF8070000F0500045F6EB
:109A60001841C2F202410870FFE745F61840C2F201
:109A70000240007868B9FFE74FF0500072B680F3FB
:109A80001188BFF36F8FBFF34F8F62B60790FFE768
:109A9000FEE7FFE7FFE79DF80700C04310F0500F17
:109AA0000DD0FFE74FF0500072B680F31188BFF37E
:109AB0006F8FBFF34F8F62B60690FFE7FEE7FFE7B9
:109AC000FFE79DF807000006002809D5FFE7039887
:109AD000013003909DF8070040008DF80700F0E783
:109AE0000398082809D1FFE7FFE7FFE745F61C4187
:109AF000C2F202410020086008E00398C0F10700AC
:109B000045F61C41C2F202410860FFE745F61C41E0
:109B1000C2F20241086800020860086800F4E060D0
:109B200008609DF813004EF20041CEF2000108706B
:109B30004EF62051CEF20001086840F47F00086024
:109B4000086840F07F4008604EF61C51CEF20001DC
:109B500000200090086002F78FFE009840F25C0140
:109B6000C2F200410860FFF74FFD4EF63471CEF2AD
:109B70000001086840F040400860FEF7C5FA02F7AF
:109B8000CFFEFEF73DFC00980AB080BD000000004B
:109B900080B592B00C900B910A9209930020089026
:109BA0000C980490FFE7049868B9FFE74FF0500065
:109BB00072B680F31188BFF36F8FBFF34F8F62B619
:109BC0001190FFE7FEE7FFE7FFE70B990020029007
:109BD00039B9FFE70498006C002818BF01200290F3
:109BE000FFE70298C00768B1FFE74FF0500072B678
:109BF00080F31188BFF36F8FBFF34F8F62B6109061
:109C0000FFE7FEE7FFE7FFE709990020022901903F
:109C100007D1FFE70498C06B013818BF01200190FD
:109C2000FFE70198C00768B1FFE74FF0500072B638
:109C300080F31188BFF36F8FBFF34F8F62B60F9021
:109C4000FFE7FEE7FFE7FFE703F7B2F90146002071
:109C5000009031B9FFE70A98002818BF0120009052
:109C6000FFE70098C00768B1FFE74FF0500072B6F9
:109C700080F31188BFF36F8FBFF34F8F62B60E90E2
:109C8000FFE7FEE7FFE7FFE702F796FD0498806B2A
:109C90000499C96B884204D3FFE70998022858D178
:109CA000FFE70498806B039004980B99099AFEF7DC
:109CB000A7F807900498806CE0B1FFE709980228A4
:109CC00004D1FFE7039808B1FFE712E0049801F719
:109CD000F3F860B1FFE74EF60451CEF200014FF009
:109CE00080500860BFF34F8FBFF36F8F00E0FFE736
:109CF000FFE729E00498406AA0B1FFE70498243008
:109D000003F71EFA60B1FFE74EF60451CEF20001F0
:109D10004FF080500860BFF34F8FBFF36F8F00E0AC
:109D2000FFE710E0079860B1FFE74EF60451CEF26E
:109D300000014FF080500860BFF34F8FBFF36F8F6B
:109D400000E0FFE7FFE7FFE702F76AFD01200D9063
:109D500065E00A9828B9FFE702F762FD00200D9040
:109D60005DE0089830B9FFE705A802F79DFD0120E6
:109D7000089000E0FFE7FFE7FFE702F751FDFFF77C
:109D800013FE02F719FD049890F94400013028B938
:109D9000FFE70499002081F84400FFE7049890F958
:109DA0004500013028B9FFE70499002081F84500FB
:109DB000FFE702F735FD05A80AA900F035F828BB32
:109DC000FFE7049801F760F8C8B1FFE70498103086
:109DD0000A9902F77DFD049801F75EF903F784FA0A
:109DE00060B9FFE74EF60451CEF200014FF080500B
:109DF0000860BFF34F8FBFF36F8FFFE705E0049854
:109E000001F74AF903F770FAFFE707E0049801F752
:109E100043F903F769FA00200D9000E034E70D984C
:109E200012B080BD0000000080B588B0059004919C
:109E3000FFE7059868B9FFE74FF0500072B680F36E
:109E40001188BFF36F8FBFF34F8F62B60790FFE7A4
:109E5000FEE7FFE7FFE7049868B9FFE74FF050001F
:109E600072B680F31188BFF36F8FBFF34F8F62B666
:109E70000690FFE7FEE7FFE702F79EFC45F62C5051
:109E8000C2F2024000680290029805994968401A9F
:109E9000019004980068013018B9FFE70020039092
:109EA0002EE045F69440C2F2024000680599096828
:109EB00088420CD0FFE7029805994968884206D38A
:109EC000FFE70120039004990020086017E0019843
:109ED0000499096888420BD2FFE7019A049908683F
:109EE000801A0860059802F7DFFC0020039005E067
:109EF00004990020086001200390FFE7FFE7FFE7D7
:109F000002F78EFC039808B080BD0000000000003E
:109F100081B045F62C50C2F20240006800900098D3
:109F200001B070470000000080B58AB000200690A4
:109F300045F62840C2F202400068002840F0278120
:109F4000FFE745F62C51C2F2024108680130059046
:109F500005980860059888BBFFE7FFE7FFE745F62F
:109F60006430C2F200400068006868B1FFE74FF05B
:109F7000500072B680F31188BFF36F8FBFF34F8F1D
:109F800062B60990FFE7FEE7FFE745F66432C2F2EA
:109F900000421068049045F66C31C2F20041086836
:109FA00010600498086045F69441C2F202410868C6
:109FB00001300860FEF7C0F9FFE700E0FFE7059811
:109FC00045F69041C2F2024109688842C0F0BE8065
:109FD000FFE7FFE745F66430C2F200400068006822
:109FE00040B9FFE745F69041C2F202414FF0FF3021
:109FF0000860AAE045F66430C2F200400068C0681C
:10A00000C0680890089840680790059807998842AA
:10A0100007D2FFE7079845F69041C2F20241086077
:10A0200093E0FFE7FFE7089840690390089881688C
:10A03000C068886008998868C96848600398406863
:10A0400008990431884205D1FFE70898C068039950
:10A050004860FFE7089900204861039908680138C3
:10A060000860FFE70898806A08B3FFE7FFE70898F1
:10A07000806A02900898C169006A88600899C86976
:10A08000096A48600298406808991831884205D1E9
:10A09000FFE70898006A02994860FFE708990020E6
:10A0A00088620299086801380860FFE700E0FFE76E
:10A0B000FFE70898C16A012000FA01F245F6304135
:10A0C000C2F20241086810430860FFE70898C06ABE
:10A0D00000EB800045F67431C2F2004101EB8000D4
:10A0E000406801900198089A906001988068089AE9
:10A0F000D06008980430019A926850600898043043
:10A10000019A9060089AD06A00EB800001EB800011
:10A1100050610898C06A00EB800251F822000130BB
:10A1200041F82200FFE7FFE70898C06A45F65C3176
:10A13000C2F200410968C96A884203D9FFE70120D9
:10A14000069000E0FFE7FFE744E7FFE745F65C30F5
:10A15000C2F200400068C06A00EB800145F674302E
:10A16000C2F2004050F82100022803D3FFE701208B
:10A17000069000E0FFE745F63850C2F20240006862
:10A1800018B1FFE70120069000E0FFE707E045F681
:10A19000A041C2F20241086801300860FFE706985A
:10A1A0000AB080BD0000000080B584B0002002909D
:10A1B00000F7BEFB45F63050C2F202400068B8B16D
:10A1C000FFE745F63450C2F202406946486002207B
:10A1D000086048F25940C0F610004DF66171C0F6B3
:10A1E00010014FF40072002302F71EFE029000E0FF
:10A1F000FFE7FFE7029868B9FFE74FF0500072B63B
:10A2000080F31188BFF36F8FBFF34F8F62B6039057
:10A21000FFE7FEE7FFE7029804B080BD5FEA400C6D
:10A2200008BF91F0000F4FEA8C234FEAC12243EAA6
:10A2300051514FEA1C5018BF00F5F0404FEA300072
:10A2400018BF41F000415FEA6C5C00F02980BCF16E
:10A25000FF3F08BF40F080407047130C06BF120458
:10A260004FF0100C4FF0000C130E04BF12020CF153
:10A27000080C130F04BF12010CF1040C930F04BF60
:10A2800092000CF1020CD30F04BF52000CF1010C30
:10A2900011464FF00002A0F11F00A0EB0C00704728
:10A2A00011F0004F08BF704731F000413FF4D5AFC7
:10A2B0000B0C06BF09044FF0100C4FF0000C0B0EF6
:10A2C00004BF09020CF1080C0B0F04BF09010CF1CB
:10A2D000040C8B0F04BF89000CF1020CCB0F04BFE0
:10A2E00049000CF1010CCCF1200322FA03F341EAFE
:10A2F000030102FA0CF2A0EB0C0000F10100704720
:10A300009C46002B30D477002BD04FEA37071CB582
:10A3100003B44FF010004FF01001BAF1000F06D057
:10A32000BCF1000FDCBF40F0080040F008014FF026
:10A3300000000FBCBDE810400BF1010BBBF1010F99
:10A3400008BF5FEA170722BF12F1010211F10101F4
:10A350004FF0004143F1000300F0004043EA0000E9
:10A360007047F9D35708D0E746EA06464FEA164643
:10A3700013F1400F1FDD13F1200FDFBF16430A4614
:10A38000002120335B42BED0C3F1200746EA0646D7
:10A390004FEA164602FA07F746EA070622FA03F2E0
:10A3A000C3F1200701FA07F742EA070221FA03F195
:10A3B0004FF00003A7E746EA020646EA06464FEAE0
:10A3C000164646EA0106BCBF46EA0646360C4FF082
:10A3D00000034FF000024FF0000194E72DE9804C9C
:10A3E00070B49A46934691E8380007C810F0804F41
:10A3F00008BF13F0804F03D100F005F8FFF780FF8E
:10A40000F0BCBDE8008C20F07F4723F07F4C80EA51
:10A41000030000F0004007EB0C03A3F57C53A3F10D
:10A42000FE0392F0000F00F0B38095F0000F00F0F3
:10A4300077802DE901494FEA114021EA00484FEAAF
:10A44000144624EA064700FB06FC08FB06F607FB59
:10A4500008F818EB06484CEB164C00FB07F718EB16
:10A4600007484CEB17404FEA124B22EA0B4E4FEADB
:10A47000154625EA06470BFB06FC0EFB06F607FB16
:10A480000EFE1EEB064E4CEB164C0BFB07F71EEBBD
:10A49000074E4CEB174B18EB0B0840F1000018EB84
:10A4A0000E0B58EB000840F100008F1A4FF000012E
:10A4B0004FF000063CBFC943661B14BFB5EB040C4C
:10A4C00000213CBFC943F61B4FEA174427EA044565
:10A4D0004FEA1C472CEA074C04FB076205FB07F711
:10A4E0000CFB05F616EB074642EB174204FB0CFC8F
:10A4F00016EB0C4642EB1C421BEB060658EB020225
:10A5000041414EEA8E0E46EA9E0601D5BDE801891C
:10A51000B619524141EB0101A3F10103BDE80189E4
:10A520004FEA144524EA05464FEA114721EA074C51
:10A5300005FB07F406FB07F70CFB06F111EB0741DF
:10A5400044EB174405FB0CFC11EB0C4144EB1C44A1
:10A550004FEA124722EA074C05FB07F206FB07F712
:10A560000CFB06F616EB074642EB174205FB0CFC0C
:10A5700016EB0C4642EB1C456A1854F1000148BF2B
:10A580007047B619524141EB0101A3F10103704735
:10A5900095F0000F37D04FEA114221EA02464FEA08
:10A5A000144724EA074C02FB07F106FB07F70CFBF4
:10A5B00006F414EB074441EB174102FB0CFC14EBCF
:10A5C0000C4441EB1C414FEA154725EA074C02FBBE
:10A5D00007F506FB07F70CFB06F616EB074645EBFF
:10A5E000174502FB0CFC16EB0C4645EB1C421219FE
:10A5F00051F1000148BF7047B619524141EB0101CA
:10A60000A3F1010370474FEA144524EA05464FEAD7
:10A61000114721EA074C05FB07F106FB07F70CFB86
:10A6200006F212EB074241EB174105FB0CFC12EB63
:10A630000C4251EB1C414FF0000648BF7047921886
:10A6400041EB0101A3F101037047000010B500299F
:10A650000AD00878002807D005487844F5F690FF1E
:10A66000002801D0002010BD0248784410BD000031
:10A67000163900000E390000F1EE100A4FF6FF7196
:10A68000C0F2C03120EA010040F04070E1EE100A53
:10A690007047F6F783B8F6F7B7B90000000000007E
:10A6A000000000003031323334353637383941421A
:10A6B0004344454640305800303132333435363724
:10A6C0003839616263646566403078003031323316
:10A6D00034353637383961626364656678700030C6
:10A6E00031323334353637383941424344454658A0
:10A6F0005000809A45418E418F80454545494949E2
:10A700008E8F9092924F994F555559999A9B9C9D37
:10A710009E9F41494F55A5A5A6A7A8A9AAABACAD38
:10A72000AEAFB0B1B2B3B4B5B6B7B8B9BABBBCBDD1
:10A73000BEBFC0C1C2C3C4C5C6C7C8C9CACBCCCDC1
:10A74000CECFD0D1D2D3D4D5D6D7D8D9DADBDCDDB1
:10A75000DEDFE0E1E2E3E4E5E6E7E8E9EAEBECEDA1
:10A76000EEEFF0F1F2F3F4F5F6F7F8F9FAFBFCFD91
:10A77000FEFF030009000F0015001B004372656116
:10A780007465642062792053544D333220467265DB
:10A790006552544F530D0A546F7563682045444900
:10A7A00054207468656E20534156452E0D0A000DE5
:10A7B0000A4544495445442042592053544D3332AC
:10A7C0000D0A000000000000000000000000000072
:10A7D0000000003F4000000000000000003000408A
:10A7E0000030004000000009000BC03D000BC03DE0
:10A7F00000090018C024407FE0224031800000188A
:10A800000024C01B000D803240018003801C4027C3
:10A81000401C800740004010006000000000000065
:10A820000000000000000000001F802040402000C9
:10A8300000402020401F8000000000090006001F8B
:10A8400080060009000000040004003F80040004AA
:10A850000000000010006000000000000000000484
:10A860000004000400040004000000000000400098
:10A8700000000000000000002001C0060038004079
:10A880000000001F802040204020401F800000006A
:10A890000010403FC000400000000018C0214022CE
:10A8A0004024401840000010802040244024401BD9
:10A8B00080000002000D0011003FC0014000003C7C
:10A8C00080244024402440238000001F8024402412
:10A8D000403440038000003000200027C0380020B2
:10A8E0000000001B802440244024401B8000001CEA
:10A8F0000022C0224022401F80000000000000080B
:10A9000040000000000000000000000460000000A3
:10A91000000000000004000A0011002080404009EF
:10A920000009000900090009000000000040402063
:10A930008011000A000400180020002340240018A1
:10A940000000001F802040274029401F40000000D9
:10A950004007C039000F0001C0004020403FC02424
:10A960004024401B8000001F8020402040204030B9
:10A9700080000020403FC0204020401F8000002079
:10A98000403FC024402E4030C0000020403FC02443
:10A99000402E00300000000F001080204022403385
:10A9A00080020020403FC0040004003FC02040203F
:10A9B0004020403FC0204020400000006020202078
:10A9C000203FC02000200020403FC024400B00302A
:10A9D000C0204020403FC020400040004000C03F19
:10A9E000C03C0003C03C003FC0000020403FC00C02
:10A9F0004023003FC020001F802040204020401FF7
:10AA000080000020403FC024402400180000001FA8
:10AA1000802140214020E01FA0000020403FC024B2
:10AA200040260019C0004018C02440244022403174
:10AA3000800000300020403FC02040300000002057
:10AA4000003F80004000403F80200020003E000189
:10AA5000C0070038002000380007C03C0007C0389D
:10AA6000000000204039C0060039C020400000200E
:10AA700000384007C0384020000000304021C02688
:10AA800040384020C00000000000007FE04020402F
:10AA9000200000000070000C000380004000000057
:10AAA00000402040207FE000000000000020004027
:10AAB0000020000000000000100010001000100036
:10AAC0001000100000000040000000000000000026
:10AAD0000002800540054003C0004020003FC00444
:10AAE000400440038000000000038004400440064E
:10AAF00040000000000380044024403FC0004000AC
:10AB00000003800540054003400000000004401F92
:10AB1000C0244024402000000002E00550055006FB
:10AB200050042020403FC00440040003C000400007
:10AB300000044027C0004000000000001000100486
:10AB40001027E00000000020403FC0014007000443
:10AB5000C00440204020403FC000400040000007AB
:10AB6000C0040007C0040003C00000044007C00484
:10AB700040040003C0004000000380044004400380
:10AB8000800000041007F00450044003800000001F
:10AB90000003800440045007F00010044007C00286
:10ABA0004004000400000000000640054005400489
:10ABB000C00000000004001F8004400040000004AA
:10ABC0000007800040044007C00040040007000464
:10ABD000C0018006000400060001C0070001C00695
:10ABE000000000044006C0010006C004400000044C
:10ABF00010071004E0018006000400000004400576
:10AC0000C00640044000000000000004007BE0405B
:10AC1000200000000000000000FFF0000000000025
:10AC20000040207BE0040000000000400080004065
:10AC30000020002000400000000000000000000094
:10AC4000000000000000000000000000001FCC0019
:10AC50000C00000000000000000800300060000848
:10AC600000300060000000022003FC1E20022003D0
:10AC7000FC1E200220000000000E1811043FFF10EF
:10AC8000840C78000000000F0010840F3800C0070B
:10AC90007818840078000000780F8410C411240E06
:10ACA0009800E400840008080068007000000000BC
:10ACB0000000000000000000000000000007E01895
:10ACC0001820044002000000004002200418180769
:10ACD000E00000000000000240024001800FF0018F
:10ACE000800240024000000080008000800FF800D9
:10ACF000800080008000000001000D000E000000B8
:10AD000000000000000000000000800080008000C3
:10AD1000800080008000800000000C000C0000001B
:10AD200000000000000000000000060018006001A4
:10AD300080060018002000000007F008081004102A
:10AD400004080807F000000000080408041FFC00C5
:10AD50000400040000000000000E0C101410241069
:10AD60004411840E0C000000000C18100411041192
:10AD70000412880C700000000000E0032004240886
:10AD8000241FFC0024000000001F981084110411EF
:10AD900004108810700000000007F00888110411EA
:10ADA0000418880070000000001C00100010FC1344
:10ADB000001C001000000000000E38114410841028
:10ADC0008411440E38000000000700088C10441065
:10ADD00044088807F00000000000000000030C0396
:10ADE0000C0000000000000000000000010106004F
:10ADF000000000000000000000008001400220046C
:10AE00001008081004000002200220022002200284
:10AE10002002200220000000001004080804100294
:10AE20002001400080000000000E001200100C10F5
:10AE30006C10800F00000003E00C1813E4142417BA
:10AE4000C4082807D000000004003C03C41C4007CD
:10AE50004000E4001C000410041FFC110411041144
:10AE6000040E880070000003E00C18100410041099
:10AE70000410081C10000010041FFC100410041023
:10AE800004080807F0000010041FFC110411041747
:10AE9000C410040818000010041FFC11041100174E
:10AEA000C010000800000003E00C1810041004108B
:10AEB000441C780040000010041FFC108400800037
:10AEC0008010841FFC10040000100410041FFC10EC
:10AED0000410040000000000030001100110011F15
:10AEE000FE10001000000010041FFC110403801469
:10AEF00064181C1004000010041FFC10040004005F
:10AF0000040004000C000010041FFC1F0000FC1FC4
:10AF1000001FFC1004000010041FFC0C04030000C0
:10AF2000E010181FFC100007F008081004100410AF
:10AF300004080807F0000010041FFC1084108010A3
:10AF40008010800F00000007F00818102410241053
:10AF50001C080A07F2000010041FFC110411001164
:10AF6000C011300E0C000400000E1C1104108410DF
:10AF70008410441C3800001800100010041FFC103E
:10AF80000410001800000010001FF8100400040056
:10AF90000410041FF8100010001E0011E0001C0037
:10AFA0007013801C0010001FC0103C00E01F000048
:10AFB000E0103C1FC000001004180C163401C00142
:10AFC000C01634180C100410001C00130400FC13ED
:10AFD000041C00100000000804101C1064108413EE
:10AFE000041C04101800000000000000007FFE4058
:10AFF00002400240020000000030000C000380000C
:10B0000060001C0003000000004002400240027F7C
:10B01000FE00000000000000000000200040004092
:10B0200000400020000000000100010001000100BC
:10B03000010001000100010000400040002000006C
:10B0400000000000000000000000980124014401FD
:10B0500044014400FC000410001FFC0088010401AE
:10B0600004008800700000000000700088010401E6
:10B070000401040088000000000070008801040141
:10B080000411081FFC0004000000F8014401440101
:10B0900044014400C800000000010401040FFC1139
:10B0A00004110411001800000000D6012901290133
:10B0B0002901C90106000010041FFC0084010001E1
:10B0C00000010400FC000400000104190419FC0044
:10B0D0000400040000000000000003000101011949
:10B0E0000119FE0000000010041FFC0024004001B4
:10B0F000B4010C010400000000100410041FFC0047
:10B1000004000400000000010401FC01040100012E
:10B11000FC0104010000FC010401FC0084010001A9
:10B1200000010400FC0004000000F8010401040117
:10B1300004010400F80000010101FF008501040181
:10B140000400880070000000000070008801040105
:10B1500004010501FF00010104010401FC00840158
:10B1600004010001800000000000CC012401240142
:10B170002401240198000000000100010007F801EB
:10B1800004010400000000010001F80004000400B4
:10B1900004010801FC0004010001800170000C00A2
:10B1A0001001600180010001F0010C003001C000BD
:10B1B00030010C01F0010000000104018C00740159
:10B1C00070018C01040000010101810171000E0079
:10B1D0001801600180010000000184010C013401AC
:10B1E000440184010C000000000000000000000188
:10B1F000003EFC400240020000000000000000FF92
:10B20000FF0000000000000000400240023EFC0180
:10B21000000000000000000000600080008000408E
:10B22000004000200020000000000000000000009E
:10B23000000000000000000000000000000000000E
:10B2400000000000000000000000000000000000FE
:10B25000000000000000000000000F80380FFE38E2
:10B260000F80380000000000000000000000000017
:10B2700000000000000100000600000C0000380083
:10B28000003100000600000C000038000030000013
:10B290000000000000000061800067F807F98000EE
:10B2A00061800061800061800061800067F807F9BB
:10B2B0008000618000000000000000000001C0E08C
:10B2C00003E0F00630080418081FFFFE040E08070C
:10B2D00087F00381E000000000000001F000060C90
:10B2E00000040408060C7001F9C0000E00003BE0E9
:10B2F00000EC18070808040C180003E00000000028
:10B3000001E00007F003F818041C0804170807E11F
:10B31000D003C0E00023B0003C080020080000106B
:10B320000000000000000100003100003200001C9D
:10B33000000000000000000000000000000000000D
:10B3400000000000000000000000000000000000FD
:10B35000000000000000007F0001FFC00780F00C2B
:10B36000001810000420000200000000000020006F
:10B37000021000040C00180780F001FFC0007F00DD
:10B3800000000000000000000000000000000000BD
:10B390000000004200006600006600003C0000184B
:10B3A0000003FFC0001800003C00006600006600BB
:10B3B0000042000000000008000008000008000033
:10B3C000080000080001FFC0000800000800000895
:10B3D000000008000008000000000000010000312B
:10B3E00000003200001C000000000000000000000F
:10B3F0000000000000000000000000000000000845
:10B400000000080000080000080000080000080014
:10B41000000800000800000800000800000000000C
:10B420000000000000000038000038000038000074
:10B43000000000000000000000000000000000000C
:10B4400000000000000000000600001C000070006A
:10B450000180000E0000380000C0000700001C0042
:10B4600000300000000000000000007F8001FFE0CD
:10B470000380700600180400080400080600180382
:10B48000807001FFE0007F800000000000000000ED
:10B490000001000801000801000803FFF807FFF899
:10B4A0000000080000080000080000000000000084
:10B4B000000001C03802C0580400980401180402BA
:10B4C00018040418061C1803F81801E0F80000001E
:10B4D00000000000000001C0E003C0F00400080408
:10B4E000080804080806180803F41801E7F000012A
:10B4F000E0000000000000000000000300000D005C
:10B5000000110000610000810803010807FFF80F27
:10B51000FFF8000108000108000000000000000022
:10B52000E007FCD0060808061008061008061008F8
:10B53000061838060FF00607C000000000000000E3
:10B540000000003F8001FFE003843002081804106F
:10B5500008041008041008071810030FF00007C0B3
:10B5600000000000000000000003C000070000060B
:10B5700000000600F80607F806180006E0000700BD
:10B580000006000000000000000001E1E003F7F009
:10B59000063410041808041808040C08040C0806E3
:10B5A000161803F3F001C1E000000000000000F8ED
:10B5B0000003FC30030638040208040208040208F1
:10B5C0000404100308F001FFC0007F000000000029
:10B5D00000000000000000000000000000000070FB
:10B5E00038007038007038000000000000000000D3
:10B5F000000000000000000000000000000000004B
:10B60000000000301A00301C0000000000000000A4
:10B610000000000000000000000000000000080022
:10B620000014000022000041000080800100400260
:10B6300000200400100800080000000000000021A5
:10B640000000210000210000210000210000210055
:10B650000021000021000021000021000000000066
:10B660000000000000080008040010020020010093
:10B67000400080800041000022000014000008000B
:10B6800000000000000003C00004C0000400000827
:10B690000038080F380808380810000C300007E0A0
:10B6A0000003C000000000000000003F8000FFE039
:10B6B000038070020F1006708804C0880483080499
:10B6C0007F8802C09003012000FE400000080000B7
:10B6D000180001F8003E0801C20007020007E2005E
:10B6E00000FE00001FC80001F80000380000080438
:10B6F000000807FFF807FFF8040808040808040812
:10B700000804080806180803F41801E7F00001E02F
:10B71000000000000000003F8001FFE00380700295
:10B7200000180400080400080400080400100600C3
:10B73000200780C000000004000807FFF807FFF89A
:10B7400004000804000804000804001802001003A4
:10B75000807001FFE0007F8000000004000807FF08
:10B76000F807FFF804080804080804080804080893
:10B77000043E0804000806001801006000000004F0
:10B78000000807FFF807FFF8040808040800040889
:10B7900000040800043E00060000060000018000CE
:10B7A000000000000000003F8001FFE00380700601
:10B7B00000180400080402080402080203F00783CA
:10B7C000F000020000020004000807FFF807FFF87D
:10B7D0000408080008000008000008000008000431
:10B7E000080807FFF807FFF8040008000000000041
:10B7F0000004000804000804000807FFF807FFF829
:10B800000400080400080400080000000000000014
:10B810000000000006000007000001040001040011
:10B820000104000307FFFE07FFFC04000004000002
:10B8300004000004000807FFF807FFF8040C0800E4
:10B840001800003E0004C7800503C80600F8040085
:10B850003804001800000804000807FFF807FFF884
:10B8600004000800000800000800000800000800AC
:10B87000000800001800006000000004000807FF36
:10B88000F807800807FC00007FC00003F80007C02D
:10B8900000780007800807FFF807FFF80400080495
:10B8A000000807FFF807000803C00000E0000038A8
:10B8B00000001E000007000001C00400F007FFF8B0
:10B8C000040000000000007F8001FFE0038070069C
:10B8D000001804000804000806001803003001FFE7
:10B8E000E0007F8000000004000807FFF807FFF871
:10B8F0000404080404000404000404000404000612
:10B900000C0003F80001F000000000000000007FC0
:10B910008001FFE00380700600880400880400C8EE
:10B9200006003C03003E01FFE6007F8400000004A7
:10B93000000807FFF807FFF8040808040800040CD3
:10B9400000040F00040BC00610F003F03801E008FB
:10B9500000000800000001E0F803F0300630100499
:10B960001808041808040C08040C0802061802073A
:10B97000F00781E0000000018000060000040000E4
:10B9800004000004000807FFF807FFF8040008049B
:10B99000000004000006000001800004000007FF12
:10B9A000E007FFF00400180000080000080000088D
:10B9B00000000800000804001007FFE00400000475
:10B9C000000006000007E00007FE00041FE0000181
:10B9D000F80000380001E0043E0007C00006000047
:10B9E00004000004000007E00007FFC0041FF80087
:10B9F00007C007F80007FF80043FF80007C004F8FD
:10BA00000007000004000000000004000806001801
:10BA100007C07805F1C8003E00001F800463E807F6
:10BA200080F806001804000800000004000006006A
:10BA30000007800007E008047C08001FF80007F8F2
:10BA400000180804E00807000006000004000000D9
:10BA500000000100080600380400F80403E8040FA1
:10BA600008047C0805F00807C008070018040060F7
:10BA700000000000000000000000000000000000C6
:10BA800000003FFFFE2000022000022000022000F4
:10BA9000022000020000000000000000000800007A
:10BAA00007000000C0000038000006000001C000D0
:10BAB000003000000E000001000000000000000047
:10BAC00000200002200002200002200002200002CC
:10BAD0003FFFFE000000000000000000000000002A
:10BAE000000000000000000008000010000030000E
:10BAF00000200000300000100000080000000000DE
:10BB00000000000000010000010000010000010031
:10BB10000001000001000001000001000001000020
:10BB20000100000100000100000000000000000012
:10BB300020000020000010000010000000000000A5
:10BB400000000000000000000000000000000000F5
:10BB5000F00019F8001B180022080026080024082D
:10BB6000002410003FF8001FF80000080000180033
:10BB7000000004000007FFF80FFFF0001818001085
:10BB800008002008002008003018001FF0000FC037
:10BB90000000000000000007C0001FF00018300087
:10BBA0002008002008002008003C08001C100000AD
:10BBB000600000000000000000000007C0001FF04F
:10BBC0000038180020080020080020080410100782
:10BBD000FFF80FFFF0000010000000000000000060
:10BBE000000007C0001FF0001230002218002208D9
:10BBF000002208003208001E10000E200000000085
:10BC0000000000200000200800200801FFF803FFCA
:10BC1000F80620080420080420080720000300007C
:10BC200000000000000000000E000E6E001FF30078
:10BC300031B10020B10020B1003191001F13002E5E
:10BC40001E00200E00300000000004000807FFF86E
:10BC50000FFFF8001008002000002000002008005E
:10BC60003FF8001FF800000800000000000000007E
:10BC700000002008002008002008063FF8063FF8D2
:10BC8000000008000008000008000000000000009C
:10BC9000000000000000000300000300200100205D
:10BCA00001002003063FFE063FFC000000000000EC
:10BCB00000000000000004000807FFF80FFFF80074
:10BCC0000188000300002FC00038F8002038002051
:10BCD0000800000800000000000000000004000848
:10BCE00004000804000807FFF80FFFF80000080030
:10BCF0000008000008000000000000002008003FCD
:10BD0000F8003FF8001008002000003FF8003FF85E
:10BD1000001008002000003FF8003FF80000080075
:10BD20000000002008003FF8003FF8001008001055
:10BD300000002000002008003FF8001FF800000865
:10BD40000000000000000007C0000FF000183000E5
:10BD50003008002008002008003008001830000FCC
:10BD6000F00007C0000000000000002001003FFFBD
:10BD7000003FFF00101100200900200800200800EB
:10BD80003038001FF0000FC0000000000000000766
:10BD9000C0001FF00038180020080020080020090B
:10BDA000001011001FFF003FFF0000010000000015
:10BDB0002008002008002008003FF8003FF8000895
:10BDC00008001008002008002000003000003000AB
:10BDD000000000000000000000000C78001E1800A9
:10BDE0003308002308002108002188002198003032
:10BDF000F00038600000000000000020000020007B
:10BE000000200000FFF003FFF800200800200800D9
:10BE100020080000300000000000000000000020AA
:10BE200000003FF0007FF800001800000800000844
:10BE3000002010003FF8007FF0000010000000001C
:10BE40000000002000003000003C00003F80002384
:10BE5000F0000078000070002380003C00003000FB
:10BE6000002000002000003C00003FE00023F8001C
:10BE700000E0002700003E00003FE00021F8000144
:10BE8000E0003E0000200000000000200800200824
:10BE9000003838003E680027800003C8002CF800F6
:10BEA00038380020180020080000000000000020A2
:10BEB00000003003003C01003F830023EC000070D1
:10BEC000002380003C000020000020000000000053
:10BED00000000000000038080020380020F800238F
:10BEE000E8002F88003E0800380800201800007085
:10BEF0000000000000000000000000000000000042
:10BF000000000008000014001FF7FC3000062000AD
:10BF1000020000000000000000000000000000001F
:10BF2000000000000000000000FFFFFF0000000014
:10BF30000000000000000000000000000000000001
:10BF4000002000023000061FF7FC0014000008006B
:10BF500000000000000000000000000000000000E1
:10BF600000001800006000004000004000002000B9
:10BF7000001000000800000400000400000C000095
:10BF800010000000000000000000000000000000A1
:10BF900000000000000000000000000000000000A1
:10BFA0000000000000000000000000000000000091
:10BFB0000000000000000000000000000000000081
:10BFC0000000000000000000000000000000000071
:10BFD000000000000000000000000007F000C007A3
:10BFE000FFE1E007F001E0000000C00000000000F9
:10BFF0000000000000000000000000000000000041
:10C00000000000000000000000000000200000010F
:10C01000C00000078000001F0000001E0000001C80
:10C0200020000001C00000078000001F0000001E6B
:10C030000000001C000000000000000000000000E4
:10C040000000000000000000180C0000180C0000A8
:10C05000180FE0001FFC0003F80C0000180C000093
:10C06000180C0000180C0000180C0000180FE0005D
:10C070001FFC0003F80C0000180C0000180C000056
:10C080000000000000000000000000000007800029
:10C090007807C000FC0640010E00200307002002C4
:10C0A0000380200FFFFFFC0201C0200200E06001BE
:10C0B00030704001F03F8000F01F000000000000E1
:10C0C00000000000FE000001FF00000301800002EC
:10C0D000008060030181C001FF070000FE1800001E
:10C0E00000E0000003BF00000CFFC0007180600191
:10C0F000C10020030180600000FFC000003F00007D
:10C1000000000000001F0000007FC000FCC0C00154
:10C11000FF80600303E0200202782002061E200355
:10C12000FC074001F00380000103C000011C600017
:10C1300001E020000100200001004000000180001B
:10C1400000000000000000002000001C6000001C37
:10C150004000001F8000000F0000000000000000F1
:10C1600000000000000000000000000000000000CF
:10C1700000000000000000000000000000000000BF
:10C1800000000000000000000000000000000000AF
:10C19000000000000000000000000000000000009F
:10C1A00007F800003FFF00007807C001C000E0036F
:10C1B0000000300400000808000004100000020025
:10C1C000000000000000001000000208000004044D
:10C1D0000000080300003001C000E0007807C00044
:10C1E0003FFF000007F80000000000000000000012
:10C1F000000000000000000000000000000000003F
:10C200000000000000000000000000000C1800000A
:10C210000E3800000E3800000630000003600000F9
:10C2200061438000FFFF8000614300000360000065
:10C23000063000000E3800000E3800000C18000018
:10C24000000000000000000000000000008000006E
:10C2500000800000008000000080000000800000DE
:10C26000008000007FFF00000080000000800000D0
:10C2700000800000008000000080000000800000BE
:10C280000000000000000000000001000000E300CA
:10C290000000E2000000FC00000078000000000048
:10C2A000000000000000000000000000000000008E
:10C2B000000000000000000000000000000000007E
:10C2C000000000000000000000800000008000006E
:10C2D000008000000080000000800000008000005E
:10C2E000008000000080000000800000008000004E
:10C2F000008000000080000000800000008000003E
:10C300000000000000000000000000000000C0006D
:10C310000001E0000001E0000000C000000000009B
:10C32000000000000000000000000000000000000D
:10C3300000000000000000000000000000000000FD
:10C34000000000000000000000000C0000003800A9
:10C350000000E00000038000000E00000038000034
:10C3600000E00000038000000E0000003800000024
:10C37000E00000038000000E000000180000000034
:10C380000000000000000000000000000FF80000A6
:10C390007FFF0000F00780018000C0030000600202
:10C3A00000002002000020020000200300006001C5
:10C3B0008000C000E00380007FFF00000FF8000055
:10C3C000000000000000000000000000000000006D
:10C3D000800020008000200080002000800060019C
:10C3E000FFFFE003FFFFE00000006000000020000E
:10C3F00000002000000020000000000000000000FD
:10C400000000000000000000000000007800E000D4
:10C4100098016001000260020004600200086002EE
:10C420000010600200206002004060030080600194
:10C4300083006001FE00E0007C0780000000000037
:10C44000000000000000000000000000F007800174
:10C45000F007C0010000400200002002010020029D
:10C46000010020020100200303802001868040019A
:10C47000FCC0C000787F8000001E000000000000AB
:10C48000000000000000000000080000003800006C
:10C490000048000001880000060800000C08100099
:10C4A0003008100040081001FFFFF003FFFFF00309
:10C4B000FFFFF00000081000000810000008100046
:10C4C00000000000000000000000000000078000E5
:10C4D0001F864003E1002003020020030400200324
:10C4E000040020030400200304002003060040038E
:10C4F0000301C00301FF8003007E00000000000074
:10C5000000000000000000000000000007FC000028
:10C510003FFF000070C380008180C0010100600304
:10C52000020020020200200202002002020020027B
:10C5300003004001C180C000C0FF8000007E0000F9
:10C54000000000000000000000000000F0000003F8
:10C55000C000000380000003000000030007E003A8
:10C56000003FE00301C000030600000318000003C1
:10C5700060000003800000030000000000000000D5
:10C580000000000000000000001F0000783F800055
:10C59000FC60C0018EC0400307802002030020021F
:10C5A000018020020180200201C0200301E040013F
:10C5B0008670C000FC3F8000781F00000000000073
:10C5C00000000000000000003F000000FF81C001EB
:10C5D000C0C1C00100602002002020020020200213
:10C5E00000202002002060020040C00100C1800045
:10C5F000C18F00007FFE00001FF00000000000005F
:10C60000000000000000000000000000000000002A
:10C610000000000000000000000000000300C00057
:10C620000781E0000781E0000300C0000000000077
:10C6300000000000000000000000000000000000FA
:10C6400000000000000000000000000000000000EA
:10C65000000000000000000000000000060066006E
:10C66000060078000000000000000000000000004C
:10C6700000000000000000000000000000000000BA
:10C68000000000000000000000000000008000002A
:10C6900001C0000003600000063000000C1800001C
:10C6A000180C00003006000060030000C00180018B
:10C6B0000000400200002004000010000000000004
:10C6C0000000000000000000041000000410000042
:10C6D000041000000410000004100000041000000A
:10C6E00004100000041000000410000004100000FA
:10C6F00004100000041000000410000004100000EA
:10C700000000000000000000000000040000100213
:10C710000000200100004000C00180006003000014
:10C7200030060000180C00000C1800000630000055
:10C730000360000001C00000008000000000000055
:10C740000000000000000000000000007800000170
:10C75000F800000238000002000000040000C004DD
:10C760000079E0040081E0040100C004030000023D
:10C770000200000306000001FC000000F8000000B9
:10C7800000000000000000000FF800003FFE000065
:10C7900070078000C000C00101F8400307FC2002C0
:10C7A0001E04200230082002203020023FFC20011D
:10C7B0003F044001800CC000E03180001FC2000037
:10C7C0000000000000002000000060000003E00006
:10C7D000003E200003E020003E200003E020000394
:10C7E00080200007FC2000003FE0000003FE200046
:10C7F000003FE0000001E0000000200000002000F9
:10C8000000000000000000020000200200002003E1
:10C81000FFFFE003FFFFE002010020020100200211
:10C82000010020020100200201002003030020017A
:10C8300086806001FCC0C000F87F8000001F0000FF
:10C84000000000000000000007F800003FFF0000AB
:10C8500070078000C000C0010000400300002002FB
:10C860000000200200002002000020020000200141
:10C87000000040018000C003C001800030060000BD
:10C880000000000000000002000020020000200361
:10C89000FFFFE003FFFFE002000020020000200293
:10C8A00000002002000020030000600100004001A1
:10C8B0008000C000F00780007FFE00000FF800003D
:10C8C0000000000000000002000020020000200321
:10C8D000FFFFE003FFFFE002010020020100200251
:10C8E000010020020100200201002002038020023A
:10C8F0000FE0200300006003C000E00060030000C0
:10C9000000000000000000020000200200002003E0
:10C91000FFFFE003FFFFE002010020020100200210
:10C9200001000002010000020100000201000002FB
:10C93000038000030FE0000300000003C0000000BC
:10C94000600000000000000007F800003FFE00004B
:10C9500070078001C001C0010000400300002002F8
:10C960000000200200002002000020010020200121
:10C9700000204003C03F8000303F800000200000C6
:10C98000002000020000200200002003FFFFE0035F
:10C99000FFFFE002008020020080200000800000F5
:10C9A0000080000000800002008020020080200340
:10C9B000FFFFE003FFFFE002000020020000200074
:10C9C0000000000000000000000000000000000265
:10C9D00000002002000020020000200200002003CE
:10C9E000FFFFE003FFFFE002000020020000200242
:10C9F00000002002000020000000000000000000F5
:10CA0000000000000000000000000E0000000F0009
:10CA100000000F00000001020000010200000102FE
:10CA20000000030200000603FFFFFC03FFFFF80203
:10CA300000000002000000020000000200000000F0
:10CA4000000000000000000200002002000020039F
:10CA5000FFFFE003FFFFE00200C020020100200012
:10CA6000078000000FE0000030F80002603E200365
:10CA7000800F20030003E0020000E002000020001D
:10CA8000000020000000000200002002000020033F
:10CA9000FFFFE003FFFFE002000020020000200093
:10CAA0000000200000002000000020000000200006
:10CAB00000002000000060000000E0000003000013
:10CAC000000000020000200200002003FFFFE0033E
:10CAD000E0002003FF0020001FF0000001FF8000A5
:10CAE000000FE000001E000003E000003E002003F5
:10CAF000E0002003FFFFE003FFFFE0020000200250
:10CB0000000020020000200200002003FFFFE003DD
:10CB100080002003F0002000FC0000001F00000047
:10CB200007C0000001F00000007C0002001F80022E
:10CB30000007E003FFFFE002000000020000000029
:10CB400000000000000000000FF800003FFE0000A1
:10CB5000F00780018000C0010000400200002002B8
:10CB6000000020020000200200002001000040011F
:10CB70008000C000F00380003FFE00000FF80000BE
:10CB8000000000000000000200002002000020035E
:10CB9000FFFFE003FFFFE002008020020080200290
:10CBA000008000020080000200800002008000037C
:10CBB0000180000183000000FE0000007C000000F6
:10CBC00000000000000000000FF800007FFF0000E0
:10CBD000F00380018001C001000640020004200231
:10CBE00000042002000620020003E0010000F8011A
:10CBF00080005C00E0038C003FFF0C000FFC18007D
:10CC000000000000000000020000200200002003DD
:10CC1000FFFFE003FFFFE00201002002010020020D
:10CC20000180000201E0000201FC0003033F8001DB
:10CC30008607E001FC00E000F80020000000200072
:10CC40000000000000000000000000007806000066
:10CC5000FE01E0018600C003030040020300200241
:10CC6000018020020180200201C0200200C02001BA
:10CC700000E060018070C003E03F8000001F000002
:10CC800000000000000000006000000380000003BE
:10CC9000000000020000000200002002000020034B
:10CCA000FFFFE003FFFFE00200002002000020027F
:10CCB000000000020000000380000000E00000000F
:10CCC000000000020000000200000003FFFF00035C
:10CCD000FFFFC002000040020000600000002000D2
:10CCE00000002000000020000000200200004002A0
:10CCF00000008003FFFF00020000000200000000AF
:10CD0000000000000000000200000002000000031C
:10CD1000C0000003FC0000023FC0000003F8000058
:10CD2000007F80000007E00000078000007800021C
:10CD300003C000023C000003C0000002000000022B
:10CD40000000000200000003C0000003FF8000029A
:10CD50003FFE0002007FE000000F000200F0000331
:10CD6000EF000003FF8000020FFE0000003FE00024
:10CD7000001F000207E00003F800000300000002AB
:10CD8000000000000000000200002002000020035C
:10CD90008000E003F0032002FC0C20021F300000A2
:10CDA00007C0000007F00002187C0002601F20038B
:10CDB0008003E0020000E0020000200000002000EC
:10CDC000000000000000000200000003000000035B
:10CDD000C0000003F80000023E0020020FC0200047
:10CDE00001FFE000007FE000038020021C00200221
:10CDF000700000038000000200000002000000003C
:10CE00000000000000000000000020006000E003BF
:10CE10008003E003000FA002003E200200F8200281
:10CE200003E020020F8020023E0020027800200351
:10CE3000E00060038000E00200030000000000004A
:10CE400000000000000000000000000000000000E2
:10CE500000000000000000000000001FFFFFFC10A9
:10CE60000000041000000410000004100000041072
:10CE70000000041000000410000004000000000086
:10CE8000000000000000000000000000000000079B
:10CE900000000003C0000000780000001E00000039
:10CEA00003C0000000F00000001E0000000780002A
:10CEB0000000F00000003C00000006000000000040
:10CEC000000000000000000000000010000004103E
:10CED0000000041000000410000004100000041002
:10CEE000000004100000041FFFFFFC000000000011
:10CEF0000000000000000000000000000000000032
:10CF00000000000000000000000000000000000021
:10CF100000000002000000040000000800000018EB
:10CF200000000010000000180000001800000004BD
:10CF300000000002000000000000000000000000EF
:10CF400000000000000001000000010000000100DE
:10CF500000000100000001000000010000000100CD
:10CF600000000100000001000000010000000100BD
:10CF700000000100000001000000010000000100AD
:10CF80000000010000000000000000000000001090
:10CF90000000001000000010000000180000000851
:10CFA000000000040000000000000000000000007D
:10CFB0000000000000000000000000000000000071
:10CFC000000000000000000000038000018FC0008E
:10CFD000038C6000061820000410200004102000BC
:10CFE00004202000042040000620400003FFC00071
:10CFF00001FFE00000002000000020000000C00051
:10D000000000000000000002000000020000000319
:10D01000FFFFE007FFFFC0000180C00002006000CA
:10D020000200200004002000040020000400200072
:10D03000060040000300C00001FF800000FE000069
:10D04000000000000000000000000000007E000062
:10D0500001FF80000381C0000200400006002000A4
:10D06000040020000400200004002000060020002E
:10D0700003C0400001C08000000300000000000069
:10D08000000000000000000000000000007E000022
:10D0900001FF80000380C000060060000400200043
:10D0A000040020000400200204004002020080036B
:10D0B000FFFFE007FFFFC00000004000000040004D
:10D0C000000000000000000000000000007E0000E2
:10D0D00001FF80000311C000021040000410600036
:10D0E000041020000410200004102000061020006E
:10D0F0000310400001F0C0000071000000000000BB
:10D10000000000000000000000000000040000001B
:10D110000400200004002000040020007FFFE00144
:10D12000FFFFE001040020030400200204002002AD
:10D13000040020020400000200000001C000000101
:10D14000C0000000000000000000000000001C0003
:10D1500000E33E0003FFC200020CC3000404C10050
:10D160000404C1000404C1000404C100060CC10091
:10D1700003F8C30005F0620006007E0006003C00D4
:10D180000000000000000002000020020000200358
:10D19000FFFFE007FFFFE000010020000200200089
:10D1A000060000000400000004000000040020004D
:10D1B0000600200003FFE00001FFE0000000200067
:10D1C000000020000000000000000000000000003F
:10D1D00004002000040020000400200004002003BC
:10D1E00087FFE0038FFFE0038000200000002000A5
:10D1F00000002000000020000000000000000000EF
:10D20000000000000000000000000000000000001E
:10D2100000000600000007000000010000000100FF
:10D2200004000100040001000400030004000603E0
:10D2300087FFFC038FFFF803800000000000000060
:10D240000000000000000002000020020000200397
:10D25000FFFFE007FFFFE0000008200000102000B3
:10D260000030000000FC0000058E00000707A00051
:10D270000601E0000400E00004002000000020009F
:10D28000000000000000000000000000000000029C
:10D290000000200200002002000020020000200305
:10D2A000FFFFE007FFFFE00000002000000020007B
:10D2B000000020000000200000000000000000002E
:10D2C00000000000000000000400200007FFE00054
:10D2D0000FFFE00002002000040000000400200016
:10D2E00007FFE00003FFE000020020000400000050
:10D2F0000400200007FFE00003FFE0000000200022
:10D3000000000000000000000400200004002000D5
:10D3100007FFE0000FFFE0000100200002002000F6
:10D3200002000000040000000400000004002000CF
:10D330000600200003FFE00001FFE00000002000E5
:10D34000000020000000000000000000007E00003F
:10D3500000FF80000381C0000200400006002000A2
:10D36000040020000400200004002000060020002B
:10D37000020040000381C00001FF8000007E000029
:10D380000000000000000000040001000400010093
:10D3900007FFFF000FFFFF000100C1000200410076
:10D3A00004002000040020000400200004002000ED
:10D3B000060040000301C00001FF8000007E000065
:10D3C000000000000000000000000000007E0000DF
:10D3D00001FF80000380C000020060000400200004
:10D3E000040020000400200004002000020041008E
:10D3F0000300C10003FFFF0007FFFF000000010062
:10D4000000000100000000000400200004002000D3
:10D4100004002000040020000FFFE0000FFFE000E8
:10D4200000C02000010020000200200006002000B3
:10D4300004000000040000000700000003000000DA
:10D440000000000000000000000000000003E000F9
:10D4500001C0E00003E0400006302000043020005E
:10D46000041820000418200004182000040C2000D8
:10D47000020C60000307C00007838000000000006A
:10D480000000000000000000000000000400000098
:10D4900004000000040000000C0000001FFF8000DA
:10D4A000FFFFC00004006000040020000400200012
:10D4B0000400200004004000000180000000000083
:10D4C0000000000000000000040000000400000054
:10D4D00007FF80000FFFC000000060000000200078
:10D4E0000000200000002000000020000400400098
:10D4F0000400800007FFE0000FFFC00000004000B4
:10D5000000004000000000000400000004000000D3
:10D510000780000007F0000004FE0000041FC000A8
:10D520000003E00000038000001C00000460000015
:10D53000078000000600000004000000000000005A
:10D5400000000000040000000600000007C000000A
:10D5500007FC0000043F80000003E000040F80008F
:10D5600006F0000007F0000007FF8000040FE00055
:10D5700000038000043C000007C00000060000001B
:10D580000400000000000000000020000400200053
:10D59000040060000700E0000783200007E60000A9
:10D5A00004F80000003C0000045E20000587A00095
:10D5B0000601E000040060000400200000002000DC
:10D5C0000000000000000000040000000400030050
:10D5D0000700030007E0010004F80100041F020037
:10D5E0000007FC000000E000000700000438000015
:10D5F00007C0000006000000040000000400000056
:10D600000000000000000000000000000780600033
:10D610000600E0000403E0000407A000040E200060
:10D62000043C20000470200005E02000078020005A
:10D63000070060000400E00000038000000000001C
:10D6400000000000000000000000000000000000DA
:10D6500000000000000000000000000000000000CA
:10D66000008000000080000001400007FE3FF80835
:10D670000000041000000210000002000000000082
:10D68000000000000000000000000000000000009A
:10D69000000000000000000000000000000000008A
:10D6A000000000FFFFFFFF0000000000000000007E
:10D6B000000000000000000000000000000000006A
:10D6C0000000000000000000000000100000021038
:10D6D0000000020800000407FE3FF80001400000BF
:10D6E000008000000080000000000000000000003A
:10D6F000000000000000000000000000000000002A
:10D700000000000000000018000000300000004091
:10D710000000004000000040000000200000003039
:10D7200000000008000000040000000200000002E9
:10D73000000000020000000C0000001800000000C3
:10D74000000000232E2E2E2E2E2E2E2E2E2E2E00BC
:10D7500023232E2E2E2E2E2E2E2E2E2E00232B2346
:10D760002E2E2E2E2E2E2E2E2E00232B2B232E2E23
:10D770002E2E2E2E2E2E00232B2B2B232E2E2E2E16
:10D780002E2E2E00232B2B2B2B232E2E2E2E2E2E09
:10D7900000232B2B2B2B2B232E2E2E2E2E00232B38
:10D7A0002B2B2B2B2B232E2E2E2E00232B2B2B2BF8
:10D7B0002B2B2B232E2E2E00232B2B2B2B23232303
:10D7C0002323232E00232B2B2B232E2E2E2E2E2EE7
:10D7D0002E00232B232B2B232E2E2E2E2E2E0023FA
:10D7E000232E232B2B232E2E2E2E2E00232E2E2EB9
:10D7F000232B2B232E2E2E2E002E2E2E2E232B2BA4
:10D80000232E2E2E2E002E2E2E2E2E23232E2E2E87
:10D810002E2E0000DC005C00960078001FDA100855
:10D8200090015C00960078008DDA100844025C00DC
:10D8300096007800B2D81008DC00FA009600780054
:10D8400034DA10089001FA009600780017DA100810
:10D850004402FA00960078002BDA10083132333493
:10D860004652454520484541502028425954455389
:10D870002900300053544D333248373433003400DC
:10D880003500415050533A203600370038003900F7
:10D8900053454C45435445443A004E414D453A00AA
:10D8A00053495A453A004641494C3A004354524C78
:10D8B0003A004D55534943004D4F4449464945446C
:10D8C000004C4F47494E204C4F434B4544004D4977
:10D8D00043524F204445534B544F502052554E54C1
:10D8E000494D4500555054494D4500544F55434806
:10D8F00020494E5055543A204F46464C494E45001B
:10D90000544F554348204F46464C494E4500494EDA
:10D91000505554204F46464C494E4500544F5543B0
:10D920004820494E5055543A204F4E4C494E4500E0
:10D93000544F554348204F4E4C494E4500494E5098
:10D940005554204F4E4C494E4500545950450044C3
:10D95000454C45544500435552534F523A2041439C
:10D960005449564500524546524553480051554585
:10D970005545204E4F57202F205045414B004241E6
:10D98000434B004F4B00535441434B2046524545B7
:10D990002049202F2047202F204D004F50454E007A
:10D9A0004C4F47494E00454E5445522050494E0079
:10D9B000342D64696769742050494E0055534552AF
:10D9C0002041555448454E5449434154494F4E0017
:10D9D0004C4F434154494F4E004D4943524F204410
:10D9E00045534B544F500046494C45204D414E4104
:10D9F0004745520046494C45205649455745520037
:10DA0000434C5200425255534820434F4C4F520012
:10DA100053595354454D204D4F4E49544F52004693
:10DA2000494C4553004259544553005345545449B9
:10DA30004E4753004C4F47530044524F50504544BB
:10DA4000204556454E545300494E50555420455696
:10DA5000454E545300544F4F204D414E592046419E
:10DA6000494C454420415454454D50545300505264
:10DA70004556494F555300504C4541534520574159
:10DA800049540045444954004E45585400445241BD
:10DA900057004E4557004150504C49434154494F5F
:10DAA0004E205348454C4C2052454144590053594F
:10DAB0005354454D20524541445900425553590055
:10DAC000456E7465722074686500467265655254CF
:10DAD0004F532073797374656D206973207374617B
:10DAE0007274696E670053656C65637420616E20A3
:10DAF0006170706C69636174696F6E2069636F6EC9
:10DB0000004241434B2072657475726E7320746FCE
:10DB100020746865206465736B746F700054686965
:10DB20007320666561747572652077696C6C20621C
:10DB30006520696D706C656D656E746564206C61DF
:10DB400074657200434C45415245440057524F4E54
:10DB5000472050415353574F524400454E5445526D
:10DB60002034204449474954530052544F532074A1
:10DB700069636B3D256C7520686561703D25752076
:10DB800071756575653D25752F257520696E7075F4
:10DB9000743D256C752064726F703D256C75207323
:10DBA0007461636B28492F472F4D293D25752F251B
:10DBB000752F25750D0A005344204449524543549E
:10DBC0004F5259204C4F4144454400534420434157
:10DBD00052442046494C45204F5045524154494FEC
:10DBE0004E204641494C45440046494C452053454A
:10DBF0004C4543544544004F4E4C5920534D414CE5
:10DC00004C20544558542046494C45532043414EDE
:10DC1000204245204544495445440046494C45204E
:10DC20004352454154454420414E442053415645BA
:10DC3000440046494C4520574153204E4F542046FE
:10DC40004F554E440046494C4520524541442046DC
:10DC5000524F4D20534420434152440046494C45C5
:10DC60002044454C455445442046524F4D20534492
:10DC700020434152440052454144494E47204649C1
:10DC80004C452046524F4D205344204341524400BE
:10DC900044454C4554494E472046494C4520465240
:10DCA0004F4D205344204341524400435245415478
:10DCB000494E472046494C45204F4E20534420436F
:10DCC00041524400534156494E472046494C452055
:10DCD000544F20534420434152440050524556492A
:10DCE0004F55532050414745004E45585420504110
:10DCF00047450056494557204F4E4C59202D204648
:10DD0000494C452049532042494E415259204F52D7
:10DD100020544F4F204C4152474500494E56414CEC
:10DD200049442046415433322046494C45204E4117
:10DD30004D4500554E455850454354454420535495
:10DD40004F5241474520524553504F4E5345004D89
:10DD50004F44494649454420494E2052414D202DCB
:10DD600020544F5543482053415645004E4F2043C1
:10DD700048414E47455320544F205341564500419A
:10DD80004E4F544845522046494C45204F5045522D
:10DD90004154494F4E204953204143544956450070
:10DDA00053544F52414745205155455545204953FD
:10DDB0002046554C4C0053544F5241474520524544
:10DDC00051554553542051554555452049532046FA
:10DDD000554C4C00454449544F5220425546464507
:10DDE000522049532046554C4C00544F554348202F
:10DDF00044454C45544520414741494E20544F200D
:10DE0000434F4E4649524D00554E534156454420CE
:10DE10004348414E4745532057455245204E4F54A5
:10DE2000205752495454454E0054484953204649BE
:10DE30004C452049532052454144204F4E4C5920D7
:10DE4000494E205448452044454D4F0046494C45D5
:10DE5000204E414D4520414C5245414459204558A2
:10DE6000495354530046494C45205341564544209C
:10DE70002D20444154412049532050455253495389
:10DE800054454E540046494C45204C495354005388
:10DE9000454C45435420412046494C452046495273
:10DEA0005354004E455746494C452E545854005340
:10DEB000442043415244204F5220464154333220A3
:10DEC0004953204E4F54205245414459004F50452C
:10DED0004E494E4720534420434152442044495226
:10DEE0004543544F52590052454144494E472053EF
:10DEF00044204449524543544F5259004D656D20CA
:10DF0000416363657373204572726F7221210D0A3C
:10DF100000536F6674205265736574696E672E2EA8
:10DF20002E0D0A004C43442049443A25780D0A003E
:10DF300046542F4353542049324320616464726530
:10DF4000737320307833383A204E41434B0D0A002A
:10DF50004354502049443A25780D0A00546D7251BB
:10DF600000546D722053766300000000070000002B
:10DF70001001000043000000F8FFFFFF0040404098
:10DF8000404040404040414141414140404040408C
:10DF90004040404040404040404040404005020238
:10DFA00002020202020202020202020202202020F7
:10DFB0002020202020202002020202020202909053
:10DFC0009090909010101010101010101010101051
:10DFD00010101010101010100202020202028888A5
:10DFE00088888888080808080808080808080808B1
:10DFF0000808080808080808020202024000000099
:10E000000000000000000000000000000000000010
:10E010000000000000000000000000000000000000
:10E0200000000000000000000000000000000000F0
:10E0300000000000000000000000000000000000E0
:10E0400000000000000000000000000000000000D0
:10E0500000000000000000000000000000000000C0
:10E0600000000000000000000000000000000000B0
:10E0700000000000000000000000000000000000A0
:040000050800029954
:00000001FF
