:020000040800F2
:10000000C8AC0524ED03000801040008611D1008B8
:100010000112000851181008791E000800000000A5
:10002000000000000000000000000000D1291008BE
:100030000D0400080000000019120008311E00081D
:100040001304000813040008130400081304000834
:100050001304000813040008130400081304000824
:1000600013040008130400081304000841110008D9
:100070001304000813040008130400081304000804
:1000800013040008130400081304000813040008F4
:1000900013040008130400081304000813040008E4
:1000A00013040008130400081304000813040008D4
:1000B00013040008130400081304000813040008C4
:1000C00013040008130400081304000813040008B4
:1000D00013040008F1291008130400081304000891
:1000E00013040008130400080000000013040008B3
:1000F0001304000813040008130400081304000884
:100100001304000813040008130400081304000873
:100110001304000813040008130400081304000863
:100120001304000813040008130400081304000853
:100130001304000813040008130400081304000843
:1001400000000000000000000000000000000000AF
:100150001304000813040008130400081304000823
:100160001304000813040008130400081304000813
:100170001304000813040008130400080000000022
:1001800013040008130400081304000813040008F3
:1001900013040008130400081304000813040008E3
:1001A00013040008130400081304000813040008D3
:1001B00013040008130400081304000813040008C3
:1001C00013040008130400081304000813040008B3
:1001D00013040008130400081304000813040008A3
:1001E0001304000813040008130400081304000893
:1001F0001304000813040008130400081304000883
:100200001304000813040008130400081304000872
:100210001304000813040008130400081304000862
:100220001304000813040008130400080000000071
:100230001304000813040008000000001304000861
:100240001304000813040008130400081304000832
:100250001304000813040008130400081304000822
:100260001304000813040008130400081304000812
:100270001304000813040008130400080000000021
:100280001304000813040008130400080000000011
:10029000000000001304000800F002F8FFF0B2FEB6
:1002A00014A696E8000CB244B344DA4501D1FFF03D
:1002B000A9FEBAE80F000FA696E83000A5EB0405EA
:1002C00004EB0607AAEB0704A7F101074FEA15158F
:1002D0004FEA3414A4F10104AC4201D3FFF092FEC2
:1002E00013F0010F18BFFB1A43F0010300F001F8EF
:1002F000DBE71847AC6C0100CC6C0100103A24BF5E
:1003000078C878C1FAD8520724BF30C830C144BF7A
:1003100004680C6070470000704700000023002450
:1003200000250026103A28BF78C1FBD8520728BF05
:1003300030C148BF0B6070476E2915F0618270298B
:1003400015F06082662915F05F82652915F05C82E0
:10035000672915F05982612915F0588203681B0A34
:1003600028BF41F08001692915F05282642915F0F7
:100370004F82752915F04C826F2900F0758178291C
:1003800015F04882E92915F04782E42915F04482E6
:10039000F52915F04182EF2900F07281F82915F056
:1003A0003D820368DB0928BF41F08001632915F015
:1003B0003782732915F03682E32900F08383F3290D
:1003C00000F08883002070471FB512F1D5FB00F1C3
:1003D0006FFC04000020002115F042FA401C606010
:1003E0000020002112F1B2FBE0601FBDDFF83000F9
:1003F000016841F470010160BFF34F8F0948004765
:10040000FEE7FEE7FEE7FEE7FEE7FEE7FEE7FEE7C4
:10041000FEE7FEE704480549034A054B7047000024
:1004200088ED00E099020008C8A40524C8AC0524A2
:10043000C8A40524704700000FB4044910B503AAEE
:10044000029800F0DDF810BC5DF814FB08090024E8
:100450000FB41CB5084B06AA7B446946009005986A
:10046000FFF0DBFF044600206946FFF0E9FF20466D
:100470001CBC5DF814FB0000E5FF0F000022CBB2AE
:1004800010F8011B994200D1421E0029F8D11046F4
:10049000704710B5431C02E010F8011B71B18107D1
:1004A000FAD14FF0013202C88C1A8C4314EAC211FF
:1004B000F9D0C01A0A0603D0C01E10BDC01A10BD64
:1004C0000A0401D0801E10BD0902FCD0401E10BDE0
:1004D000032A40F2308010F0030C00F0158011F870
:1004E000013BBCF1020F624498BF11F801CB00F848
:1004F000013B38BF11F8013BA2F1040298BF00F89C
:1005000001CB38BF00F8013B11F0030315F08C81DB
:10051000083AC0F0088051F8043B083A51F804CB7F
:10052000A0E80810F5E7121D5CBF51F8043B40F845
:10053000043BAFF30080D20724BF11F8013B11F850
:1005400001CB48BF11F8012B24BF00F8013B00F894
:1005500001CB48BF00F8012B704702F0FF0343EACC
:10056000032242EA0242FFF05FBE4FF0000204297C
:10057000C0F0128010F0030C15F05881CCF1040C7F
:10058000BCF1020F18BF00F8012BA8BF20F8022B06
:10059000A1EB0C01FFF048BE5FEAC17C24BF00F86C
:1005A000012B00F8012B48BF00F8012B7047704762
:1005B00070B5044685690068C10601D5302600E0A3
:1005C0002026C00707D070BDD4E9012130469047EE
:1005D000206A401C20626D1EF6D570BD70B50446C1
:1005E00085690078C00707D170BDD4E901212020BA
:1005F0009047206A401C20626D1EF6D570BD000039
:10060000074B70B50D467B44FFF007FF04462846B4
:1006100000F100FB10B14FF0FF3070BD204670BDFF
:100620001FE5000030B4002100F1240408E002F0CE
:100630000705D208303542EA4372DB086554491C8D
:1006400052EA0305F3D10468002310A2250708D558
:1006500004F020040C4304D0C46901230CA2641EDE
:10066000C46130BC00F1E9B810B5044621461068F9
:10067000FFF04CFE02462046BDE810400023D1E7C3
:10068000D21D22F00701D1E90023CBE700000000D2
:10069000300000002DE9FF4F0C461E464FF0FF379B
:1006A0008BB0D2E90001DDF860800A908A46C1F380
:1006B0000A5505B93D46002108464FF00000BAF141
:1006C000000F00F4400005DA00EB80004FF4400119
:1006D00001EA50004FEA9059B9F1010F00DDB94627
:1006E0000A9850EA4A000ED044F61050A5F2FF35A1
:1006F00045432F14B8F1000F1ED07542291E1EDD90
:10070000C9F100021CE0B8F1010F4FF0000001D068
:10071000302103E0F24305E02154401CB042FBDBF2
:1007200030460022002121540B99C1F80880C1E90C
:1007300000200FB0BDE8F08FBD1B6D1CDEE74A4600
:1007400000DA694206A800F0D1F906AB93E8070089
:1007500003AB83E8070050460A9912F188F98DE847
:100760000700A0F500501F3800900398002D0ADD07
:1007700042F21F014A460844002303A90390684639
:1007800012F1C4F909E0A0F500504A461F380023D1
:1007900003A90390684614F0FBFE8DE807000004EF
:1007A000000C03D04FF0FF30410800E01046B8F1D4
:1007B000000F03D00022009215461EE0751E05D4DE
:1007C000FFF0F6FF303262556D1EF9D5B3460122B7
:1007D000084302D000227F1C04E02078302801D199
:1007E00000227F1E002A099784D01DE0112D07DA10
:1007F000FFF0DEFF303262556D1C50EA0102F5D188
:10080000084302D00098C8B10EE00021681E05E040
:10081000235C625C63542254401E491C8142F7DB16
:10082000AB46A81B401E0990002004F80B000B9853
:10083000099AC0F80880C0E9002B7AE711264FF02A
:10084000000857E72DE9F04F88460446D21D22F0F4
:10085000070191B0D1E90001CDE90A0114F0E8FFE8
:1008600002460B98C00F01D02D2007E020688107B9
:1008700001D52B2002E0202101EAC000032A0990C3
:1008800001D0072A05DB03464146204600F114FA51
:100890000BE12078800601D5E06900E00620B8F180
:1008A000650F814606D0B8F1660F18D0B8F1670F12
:1008B00070D131E00020B9F1110F009001DB11235C
:1008C00001E009F101030AAA01A90CA8FFF7E2FE61
:1008D000DDE90C70002609F10105834647E001209F
:1008E0004B4600904FF000470AAA01A90CA8FFF759
:1008F000D1FEDDE90DB00C995D46002610B909F175
:1009000001000D18B9EB050003D4C0F1FF3609F161
:100910000105A5EB09002BE0B9F1010F01DA4FF059
:1009200001090020B9F1110F0090484601DD1123A3
:1009300000E003460AAA01A90CA8FFF7ABFEDDE917
:100940000C704D4600268346207800070AD4AB453C
:1009500000DA5D4601A8012D04DD411911F8011CE2
:10096000302907D04F4502DA17F1040F04DA0120CD
:1009700082460FE06D1EEEE7002F02DCED1B3E44C9
:1009800003E0781CA84200DD7D1CB81B00F1010AC1
:100990004FF000472078000703D4AA4501DB4FF051
:1009A000FF3A0021B7F1004F0DF143088DF84310D5
:1009B00024D002202B23002F01DA7F422D230A218D
:1009C000021EA0F1010000DC5FB197FBF1FC97FB78
:1009D000F1F201FB1C7C17460CF1300C08F801CD3C
:1009E000EEE7A8F1010003702188090501D5452132
:1009F00000E06521A0F1010800F8011C09980FA989
:100A0000A1EB0807FF1D00B10120411901EBEA70BD
:100A1000A1693844081A401EA0612078C00602D49B
:100A20002046FFF7C5FD099828B1D4E90121904778
:100A3000206A401C20622078C00622D52046FFF79D
:100A4000B7FD1EE0002E04DBB34502DD01A8805D8A
:100A500000E03020D4E901219047206A401C206248
:100A6000761CAAF101005FEA000A0AD100F120F920
:100A7000C0680168405CD4E901219047206A401CAD
:100A80002062281EA5F10105DCDC07E0D4E9012184
:100A900018F8010B9047206A401C2062381EA7F10D
:100AA0000107F3DC2046FFF799FD032011B041E672
:100AB00010B5436913B1AFF3008001E0FFF0CEFC45
:100AC000012010BD128800F1240182840022C2841A
:100AD0000122EDE711684FF0FF32E9E710B500F1B0
:100AE000E7F8001D10BD00BF794D01002DE9F0476A
:100AF000814616468AB0354878440DC88DE80D0009
:100B000032487844801C03AC0DC884E80D0041F6DF
:100B10009B300844372190FBF1F290FBF1F5A5F1F1
:100B2000800501FB12041B3C02D56442012000E059
:100B30000020DFF898A080460027FA44AAF1BE0AF8
:100B40000EE0E0070AD03246684607EB4701012372
:100B50000AEB810114F01CFD8DE8070064107F1C76
:100B6000002CEED1194F7F44AE3F19E0E80715D0B5
:100B700007EB04100DF1180A90E80E008AE80E0049
:100B8000C068F04201D1981908903246012306A9A5
:100B900003A814F0FDFC03AB83E807006D10641C90
:100BA000002DE3D14FF0010332466946B8F1000F42
:100BB00003A802D011F1AAFF01E014F0E9FCC9E991
:100BC0000001C9F808200AB0BDE8F087484E0100CE
:100BD00080B594B01390139812900020ADF83200B5
:100BE000ADF830008DF82F0014F0B6F80D90129883
:100BF000006804F1E5FF0BF143F8FFE7002003F084
:100C0000E7FE12980079002800F0EC80FFE740F240
:100C10003000C2F2004004904168002005908847EF
:100C200004990598898EC90B8DF82E109DF82E1009
:100C30000690B9B1FFE740F23000C2F2004081896E
:100C400000204909182906900CD8FFE740F230002F
:100C5000C2F20040018C0020B1F5F07F38BF0120C6
:100C60000690FFE7069800F001008DF82D009DF832
:100C70002D00002800F09180FFE740F23000C2F222
:100C800000408089BDF8321088420BDBFFE740F25C
:100C90003000C2F200408089BDF83210401A80B2A4
:100CA00003900AE0BDF8320040F23001C2F2004188
:100CB0008989401A80B20390FFE70398ADF82A00B3
:100CC00040F23000C2F20040008CBDF83010884283
:100CD0000BDBFFE740F23000C2F20040008CBDF8B1
:100CE0003010401A80B202900AE0BDF8300040F2A5
:100CF0003001C2F20041098C401A80B20290FFE735
:100D00000298ADF8280004F083F9ADF826009DF8AC
:100D10002F0070B1FFE7BDF82A00BDF82610884209
:100D200007DAFFE7BDF82800BDF82610884230DB5F
:100D3000FFE79DF82F00002818BF01208DF838002C
:100D400000208DF8390040F23001C2F200418A895A
:100D5000ADF83A20098CADF83C108DF83E0001202A
:100D60008DF83F0013F0F8FF1090129800680EA95C
:100D700004F1F6FABDF83A00BDF83C1004F0CCFEE0
:100D8000BDF83A00ADF83200BDF83C00ADF83000D7
:100D9000FFE701208DF82F0023E09DF82F00F8B128
:100DA000FFE702208DF83800002001908DF839000F
:100DB000BDF83210ADF83A10BDF83010ADF83C1067
:100DC0008DF83E008DF83F0013F0C6FF109012988A
:100DD00000680EA904F1C4FA01988DF82F00FFE70E
:100DE000FFE7FFE7FFE70DF11F000CF08DF898B368
:100DF000FFE79DF8240020B3FFE79DF8250018B910
:100E0000FFE704F1C1FEFFE79DF825100620002949
:100E100018BF05208DF8380001208DF8390000201A
:100E2000ADF83A00ADF83C008DF83E008DF83F007B
:100E300013F092FF1090129800680EA904F190FA36
:100E4000FFE79DF81F0030B9FFE70DF11F000130EB
:100E500004F092FDFFE7C6E704F07AFD12980068FF
:100E6000009013F079FF0146009804F02DFAFFE797
:100E70000DA8052113F014FEFFE7BFE600000000F7
:100E800080B5B6B0359035983490002003908DF839
:100E9000A8008DF8AD008DF8AE004FF4C871ADF824
:100EA000B010F021ADF8B2102E902F90309031900C
:100EB0008DF8C8008DF8C9008DF8CA00FF208DF8A4
:100EC000CB008DF8CC0004F187FD11A802F050FE94
:100ED000C0B1FFE7149B11A83C306946086045F695
:100EE0004942C0F611020DF1130002903121FFF0CA
:100EF00011F9029A45F6BC71C0F60101022004F016
:100F00005FFBFFE705F104FE05F19AF805F158F9DA
:100F1000014645F68830C0F6110045F6A032C0F60D
:100F20001102002918BF024645F67521C0F61101CD
:100F30000020019004F044FB05F1BEFE019846F24A
:100F40009A31C0F6010145F64D32C0F6110204F0A7
:100F500037FB13F001FF259025983190259800F577
:100F6000FA602D9034990879896808F0A5FDFFE7AB
:100F7000012003F02DFD3498006826A9322204F0E8
:100F80006BF8012875D1FFE713F0E6FE25902AA83B
:100F900026A905F1A5FB08B1FFE769E005F0A0FB74
:100FA00060B3FFE79DF8C80050B1FFE79DF89800D7
:100FB000022804D1FFE700208DF8C800FFE71CE0FD
:100FC00026A805F0DDFAB8B1FFE705F111FE259876
:100FD00031909DF89800B0FA80F040098DF8C80073
:100FE00045F6D731C0F6110145F62142C0F611028F
:100FF000002004F0E5FAFFE7FFE738E09DF8C800BD
:1010000060B1FFE7259831909DF89800022804D13F
:10101000FFE700208DF8C800FFE727E02598319012
:101020009DF8A800012807D1FFE73499259B2AA83D
:1010300026AA05F1DDFA18E09DF8A800032806D1DC
:10104000FFE7259A2AA826A905F0BEFA0CE09DF82C
:10105000A800042807D1FFE73499259B2AA826AACF
:1010600005F182F9FFE7FFE7FFE7FFE7FFE7FFE7AB
:10107000FFE713F071FE25903499259A2AA805F10F
:1010800057FC02F131FF73E782B08DF80600FFE7ED
:1010900047F23400C5F20020006800909DF800007F
:1010A00010F0450F01D0FFE700E0F1E79DF80000E8
:1010B000400700280FD5FFE747F23801C5F20021AD
:1010C0000420086040F6FF70C1F6E070086003205D
:1010D0008DF807002EE09DF80000C00748B1FFE73B
:1010E00047F23801C5F20021012008608DF80700A1
:1010F00020E047F21000C5F2002000689DF80610BD
:10110000884204D0FFE710208DF8070012E047F274
:101110003801C5F2002140F6FF70C1F6E0700860AA
:1011200047F21400C5F20020006800F008008DF8B6
:101130000700FFE79DF8070002B0704700000000BD
:1011400080B586B00020C4F2020000680590082136
:10115000C4F202013D200860002004909DF81400B4
:10116000C006002805D5FFE7049840F00100049070
:10117000FFE79DF814008006002805D5FFE70498D6
:1011800040F002000490FFE79DF8140010F00C0FEF
:1011900005D0FFE7049840F004000490FFE70498AE
:1011A00058B3FFE741F26C10C2F20340006820B36D
:1011B000FFE70021039141F26C10C2F20340006886
:1011C000049A6B460DF10C0CC3F804C0196001239E
:1011D00011F19EF8FFE7039860B1FFE74EF6045166
:1011E000CEF200014FF080500860BFF34F8FBFF385
:1011F0006F8F00E0FFE7FFE7FFE706B080BD00006C
:101200001EF0040F0CBFEFF30880EFF30980714666
:10121000072202F045BC0000EFF30980BFF36F8F97
:10122000154B1A681EF0100F08BF20ED108A20E938
:10123000F04F10602DE909004FF0500072B680F3B6
:101240001188BFF34F8FBFF36F8F62B610F1E4FCCC
:101250004FF0000080F31188BDE8090019680868A4
:10126000B0E8F04F1EF0100F08BFB0EC108A80F30A
:101270000988BFF36F8F7047C4A2032400000000E9
:1012800080B586B08DF8160000208DF8150004900A
:1012900003908DF80B009DF8160020B1FFE70220A7
:1012A0008DF80B0003E000208DF80B00FFE747F2FC
:1012B0001400C5F2002000688001002804D5FFE773
:1012C0000E208DF8170046E040F2AC60C2F20040FC
:1012D000008803A900F164FC8DF815009DF8150045
:1012E00028B1FFE79DF815008DF8170033E09DF851
:1012F0001200400700282AD5FFE740F2AC60C2F296
:1013000000400068020437200190012100F028F815
:101310000198FFF7B9FE8DF815009DF8150028B16A
:10132000FFE79DF815008DF8170014E09DF80B20DD
:1013300006200090012100F013F80098FFF7A4FEAA
:101340008DF815009DF815008DF8170003E0252095
:101350008DF81700FFE79DF8170006B080BD00006C
:1013600083B08DF80B008DF80A10019200200090D8
:10137000019847F20801C5F2002108609DF80B00B2
:1013800000F03F010098084300909DF80A10009873
:1013900040EA01200090009840F4805000900098AE
:1013A00047F20C01C5F20021086003B0704700004D
:1013B00080B584B0029000208DF80700ADF80400DD
:1013C00040F2A060C2F200400078032804D1FFE799
:1013D00027208DF80F0048E040F2A060C2F20040E4
:1013E000007880B1FFE740F2A060C2F200400078D0
:1013F000012808D0FFE740F2A060C2F20040007868
:1014000002282CD1FFE70298022804D3FFE7272007
:101410008DF80F0029E09DF80800FFF731FF8DF8E7
:1014200007009DF80700C0B9FFE747F20401C5F2C5
:1014300000210868ADF80400BDF804006FF39F3088
:10144000ADF80400029ABDF8040040EA8230ADF81D
:101450000400BDF804000860FFE7FFE7FFE7FFE7CF
:101460009DF807008DF80F00FFE79DF80F0004B00E
:1014700080BD000000000000B0B582B001900021E6
:101480008DF803108DF8021040F2A060C2F2004007
:101490000278019B83F8562040F2AC62C2F200420F
:1014A0001268019BA3F8542040F29062C2F20042FD
:1014B000D3788DF802309DF802309B09DDF804C026
:1014C0008CF800309DF80230C3F38303DDF804C0CC
:1014D0008CF801309DF8023003F00303DDF804C0FE
:1014E0008CF8023053888DF802309DF80230DDF818
:1014F00004C08CF8033013681B0A8DF802309DF885
:101500000230DDF804C08CF8043013688DF8023026
:101510009DF80230DDF804C08CF80530D3798DF8E1
:1015200002309DF802301B01DDF804C0ACF8063033
:10153000D3888DF802309DF802E0DDF804C0BCF8D5
:10154000063043EA1E13ACF806309DF8023003F073
:101550000F03DDF804C08CF808305268120A8DF8C9
:1015600002209DF80220D209019B5A729DF80220A8
:10157000C2F38012019B9A729DF80220C2F34012BE
:10158000019BDA729DF80220C2F30012019B1A73CC
:10159000019A5173007880B1FFE740F2A060C2F277
:1015A00000400078012808D0FFE740F2A060C2F2B6
:1015B00000400078032873D1FFE79DF8020000F097
:1015C000030080020199086140F29060C2F200407D
:1015D00041688DF802109DF80230019A116941EAC4
:1015E00083011161C17A8DF802109DF80230019AD1
:1015F000116941EA931111619DF80210C1F3C20112
:10160000019A11759DF8021001F00701019A5175B8
:1016100041898DF802109DF802104909019A9175CF
:101620009DF80210C1F38201019AD1759DF8021054
:1016300001F003014900019A11768068000A8DF8D3
:1016400002009DF802200199087E40EAD210087637
:101650000199086901300022CA648864019A107EE9
:10166000811C012000FA01FC4FEAEC74D16CD2F825
:1016700048E0AEFB0C350EFB045E01FB0CE193640D
:10168000D16401990A7A9040086501998A6CC86C06
:101690000B6DA2FB032C00FB03C08A64C86439E015
:1016A00040F2A060C2F200400078022831D1FFE78A
:1016B00040F29060C2F2004041688DF802109DF83F
:1016C000021001F03F010904019A1161C17A8DF8FD
:1016D00002109DF80230019A116941EA032111615B
:1016E00041898DF802109DF80230019A1169194361
:1016F00011618068000A8DF8020001990869421C96
:10170000D004520BCA64886401994FF400700865D4
:10171000FFE7FFE79DF80200C0F3801001994876CB
:101720009DF8020000F03F0040000199887640F2E9
:101730009060C2F2004081688DF802109DF802307E
:10174000019A917E41EAD31191769DF8021001F041
:101750007F01019AD176C17B8DF802109DF80210AD
:10176000C909019A11779DF80210C1F34111019A3C
:1017700051779DF80210C1F38201019A91779DF88B
:10178000021001F003018900019AD177C1898DF817
:1017900002109DF80230019AD17F41EA9311D1776E
:1017A0009DF80210C1F34011019A82F82010019AAD
:1017B000002182F821109DF8021001F00101019A28
:1017C00082F82210C168090A8DF802109DF80210F3
:1017D000C909019A82F823109DF80210C1F3801103
:1017E000019A82F824109DF80210C1F34011019A69
:1017F00082F825109DF80210C1F30011019A82F8B9
:1018000026109DF80210C1F38101019A82F8271079
:101810009DF8021001F00301019A82F82810C068B7
:101820008DF802009DF802004008019981F8290016
:101830000199012081F82A0040F28061C2F2004142
:10184000CA788DF802209DF80220019B83F82C2095
:101850004A888DF802209DF802201202019BDA8549
:101860000A68120A8DF802209DF802C0019BDA8DE9
:1018700042EA0C02DA850A688DF802209DF80220FF
:101880001206019B1A63CA798DF802209DF802C0E6
:10189000019B1A6B42EA0C421A63CA888DF8022037
:1018A0009DF802C0019B1A6B42EA0C221A634A6837
:1018B000120A8DF802209DF802C0019B1A6B42EAC1
:1018C0000C021A634A688DF802209DF80220019BE1
:1018D00083F83420CA7A8DF802209DF80220019BFB
:1018E00083F835204A898DF802209DF802201206DF
:1018F000019B9A638A68120A8DF802209DF802C043
:10190000019B9A6B42EA0C429A638A688DF8022026
:101910009DF802C0019B9A6B42EA0C229A63CA7B33
:101920008DF802209DF802C0019B9A6B42EA0C02DE
:101930009A63CA898DF802209DF802C0019B93F832
:101940003C2042EA1C1283F83C209DF8022002F061
:101950000F021202019BDA87CA68120A8DF8022070
:101960009DF802C0019BDA8F42EA0C02DA87C9684F
:101970008DF802109DF802104908019A82F8401073
:10198000019981F841009DF8030002B0B0BD00004C
:1019900080B58CB000230A938DF82F308DF82E304F
:1019A00044F2E041C5F60201086840F00C0008600E
:1019B00044F2D441C5F60201086840F48030086062
:1019C00069464B6003200590086040F60000C5F6AC
:1019D000020003904FF4F8510491022206920FF195
:1019E0005BF8039804990C22099211F0E1FE059826
:1019F000069A0A9B69464B60086040F60040C5F6AF
:101A000002000790042108910FF146F80798089901
:101A1000099A11F0CDFE0A9847F20001C5F20021A3
:101A2000086047F20401C5F20021086047F208018E
:101A3000C5F20021086047F20C01C5F200210860E0
:101A400047F22401C5F20021086047F22801C5F2DF
:101A50000021086047F22C01C5F20021086047F21E
:101A60003802C5F2002240F6FF71C1F6E071116044
:101A700047F23C01C5F20021086000F121FB8DF81E
:101A80002F009DF82F0028B9FFE700F131FA8DF8FB
:101A90002F00FFE79DF82F0048B9FFE740F2B06044
:101AA000C2F20040FFF7E8FC8DF82F00FFE79DF839
:101AB0002F0060B9FFE740F2B060C2F20040B0F81A
:101AC0005400000400F188FC8DF82F00FFE79DF81A
:101AD0002F0030B9FFE70120FFF76AFC8DF82F00D7
:101AE000FFE79DF82F0040B1FFE740F2A060C2F28F
:101AF0000040007803281ED1FFE740F2B060C2F238
:101B0000004090F8560048B1FFE740F2B060C2F2E2
:101B1000004090F85600012804D1FFE706208DF818
:101B20002E0003E004208DF82E00FFE79DF82E0024
:101B300000F18EF9FFE79DF82F000CB080BD00008A
:101B400080B58EB00146119810980C910B930A92B3
:101B5000ADF8260000208DF8250008904FF0FF31E9
:101B600007910C99069147F22C01C5F200210860FB
:101B700040F2A060C2F20040007802280DD1FFE7D9
:101B80004FF40070ADF826000A980B99400A40EA1D
:101B9000C15049120B910A90FFE7BDF82620102092
:101BA00005900121FFF7DCFB0598FFF76DFA8DF832
:101BB00025009DF8250068B1FFE79DF8251046F641
:101BC000CD60C0F60100FEF737FC9DF825008DF8CA
:101BD000370027E11198BDF8261041434FF0FF3040
:101BE0000922012300F14CF947F20C01C5F2002152
:101BF000086840F040000860119802281BD3FFE7F6
:101C00000A9A122004900121FFF7AAFB0498FFF71B
:101C10003BFA8DF825009DF8250058B1FFE746F600
:101C2000E160C0F60100FEF707FC9DF825008DF885
:101C30003700F7E014E00A9A112003900121FFF722
:101C40008FFB0398FFF720FA8DF825009DF82500FB
:101C500028B1FFE79DF825008DF83700E2E0FFE7A7
:101C60000EF196FFFFE747F23400C5F2002000684E
:101C700010F4957F33D1FFE747F23400C5F200201E
:101C80000068000400281ED5FFE700200890FFE749
:101C9000089807280ED8FFE747F28000C5F2002019
:101CA00000680699089A41F82200FFE70898013079
:101CB0000890EDE70698203006904FF6FF70C0F2CE
:101CC0007F0007900AE0079820B9FFE704208DF80D
:101CD0003700A7E0079801380790FFE7C3E747F20E
:101CE0000C01C5F20021086820F0400008600EF1E8
:101CF00053FF47F23400C5F20020006800070028B7
:101D00000CD5FFE747F23801C5F20021086840F022
:101D10000800086004208DF8370083E047F23400A3
:101D2000C5F200200068800700281CD5FFE747F2B5
:101D30003801C5F20021086840F0020008601198DF
:101D400002280CD3FFE70C20029001210022FFF7AC
:101D500007FB0298FFF798F98DF82500FFE70220AE
:101D60008DF837005EE047F23400C5F200200068CD
:101D7000800600280CD5FFE747F23801C5F20021A4
:101D8000086840F02000086006208DF8370049E020
:101D9000FFE7FFE747F23400C5F200200068C00506
:101DA000002831D5FFE7119802282DD3FFE740F234
:101DB000A060C2F20040007880B1FFE740F2A0606E
:101DC000C2F200400078012808D0FFE740F2A0608E
:101DD000C2F200400078022815D1FFE70C200190E4
:101DE00001210022FFF7BCFA0198FFF74DF98DF8A9
:101DF00025009DF8250028B1FFE79DF825008DF806
:101E000037000FE0FFE7FFE747F23801C5F2002196
:101E100040F6FF70C1F6E07008609DF825008DF86F
:101E20003700FFE79DF837000EB080BD00000000CE
:101E300080B582B04FF0500072B680F31188BFF3C6
:101E40006F8FBFF34F8F62B6009010F1C9FB40B1A6
:101E5000FFE74EF60451CEF200014FF080500860CB
:101E600000E0FFE700200190019880F3118802B0A4
:101E700080BD0000000000001EF0040F0CBFEFF357
:101E80000880EFF309807146062201F009BE0000C8
:101E900081B0ADF80200BDF9020000280ED4FFE7C2
:101EA000BDF9021001F01F02012090404A094EF2D4
:101EB0000011CEF2000141F82200FFE701B07047A7
:101EC00080B5F0B041F20910C2F20240007808B9C2
:101ED000FFE713E023A801904FF49A71FEF0A2F9F6
:101EE00001980E218DF8901002A900F0D9FC41F262
:101EF0000911C2F2024100200870FFE770B080BDF6
:101F000085B0049003910292049818B1FFE70398FA
:101F100008B9FFE728E0002001900298F8B1FFE738
:101F2000FFE702980199415C0020009049B1FFE76A
:101F30000198411C039A0020914238BF0120009073
:101F4000FFE70098C00748B1FFE70298019A805C5C
:101F500004998854019801300190E2E7FFE7049961
:101F6000019A00208854FFE705B070470000000088
:101F700080B582B00190019808B9FFE70CE012F03B
:101F8000B7F9019841F21C11C2F202415822FEF049
:101F900017F912F0DDF9FFE702B080BD0000000084
:101FA00086B01021C4F20201086820F00100086028
:101FB00048F2A060C0F201000190FFE71020C4F2D7
:101FC000020001680020C907009031B1FFE70198C5
:101FD000002818BF01200090FFE70098C00720B13B
:101FE000FFE7019801380190E8E70821C4F20201F7
:101FF0003D20086040F60001C4F20201282008607C
:102000001821C4F2020143F62000C4F20000086067
:1020100040F62070C2F200401C21C4F202010860A8
:102020001422C4F202024FF6E07111602422C4F2BD
:102030000202002111601022C4F2020242F65E5137
:10204000C0F20201116005904FF6C070C0F20100AD
:1020500004900498012820DBFFE70498059901F01B
:102060001F010844039005980290BFF34F8FFFE7CC
:1020700002984EF66871CEF2000108600298203096
:10208000029003982038039003980028F0DCFFE7C3
:10209000BFF34F8FBFF36F8FFFE7BFF34F8F102159
:1020A000C4F20201086840F00100086043F608012C
:1020B000C4F20001086840F40040086043F60001E3
:1020C000C4F20001086840F001000860086840F4AC
:1020D0000070086006B0704782B043F60801C4F291
:1020E0000001086820F40040086043F60001C4F2D3
:1020F0000001086820F0010008601021C4F202010C
:10210000086820F00100086048F2A060C0F20100F9
:102110000190FFE71020C4F2020001680020C90707
:10212000009031B1FFE70198002818BF012000900E
:10213000FFE70098C00720B1FFE701980138019040
:10214000E8E70821C4F202013D20086043F61801C7
:10215000C4F2000140F6F870086002B07047000059
:1021600080B586B041F21C10C2F2024001905821A5
:102170000391FEF057F8039941F2E010C2F20340D8
:102180000290FEF04FF8029800210491017140F294
:102190001801C2F2004109784172253046F6B53285
:1021A000C0F601023021FFF7ABFE01980299039AB5
:1021B000FEF006F8049A062001210FF1ADFE01465B
:1021C00040F60870C2F200400160006818B9FFE7ED
:1021D000002005900FE040F60870C2F20040006851
:1021E00046F6F041C0F601010FF1FAFB00F008F8E5
:1021F00001200590FFE7059806B080BD00000000B3
:1022000080B582B000F120FE44F2D841C5F602014B
:10221000086840F00100086044F2E840C5F602009A
:10222000016841F480410160006844F25041C5F604
:1022300002010868012262F30E30086044F2904106
:10224000C5F60201086840F480400860086820F480
:10225000804008601021C4F202010020086024219F
:10226000C4F2020108600821C4F202013D200860A6
:1022700040F60001C4F20201282008600B20019002
:10228000062100F101FC0198FFF702FE02B080BDBB
:1022900080B586B00590059850B1FFE7059A41F2E8
:1022A000E010C2F2034025303021FFF729FEFFE79E
:1022B00040F21800C2F20040007841F2E011C2F290
:1022C0000341487241F20910C2F202400178002035
:1022D000049029B3FFE741F2E010C2F20340017914
:1022E00001200229039018D0FFE741F2E010C2F26A
:1022F000034001790020032902900BD1FFE741F24E
:102300001910C2F2024000780238B0FA80F0400999
:102310000290FFE702980390FFE703980490FFE71D
:10232000049800F0010041F2E011C2F20341019172
:10233000887211F0DDFF019941F21C10C2F20240D7
:10234000026801320A605822FDF03AFF12F000F8EC
:1023500006B080BD0000000080B5FAB08DF8E7013E
:1023600041F20910C2F202400078C0B1FFE741F229
:10237000E010C2F203400079022817D0FFE741F2D3
:10238000E010C2F203400079032808D1FFE741F2D0
:102390001910C2F202400078022807D0FFE746F683
:1023A000AE40C0F60100FFF773FF66E141F2E010B6
:1023B000C2F20340C0794000ADF81A00BDF81A001F
:1023C00088B1FFE741F2E010C2F20340C06850B1AB
:1023D000FFE741F2E010C2F203400069BDF81A10B5
:1023E000884207D2FFE746F6D640C0F6010000F06B
:1023F00007FA42E141F2E010C2F2034001790339E9
:10240000B1FA81F149098DF81910C168BDF81A2097
:1024100051430A910A9901EB8101099140690890A1
:102420009DF9E701B0F1FF3F10DCFFE7089809993B
:10243000884205D9FFE708980999401A059002E0FB
:1024400000200590FFE7059808901DE0089809997D
:1024500009184FF0000040F1000041F2E012C2F212
:1024600003421269891A70F1000007D3FFE741F2B5
:10247000E010C2F203400069089004E0099908984E
:1024800008440890FFE7FFE70898BDF81A10B0FB72
:10249000F1F048430890FFF71FFE002107916846BE
:1024A00001604FF0FF3207AB084612F089FB2CA801
:1024B00004904FF49A71FDF0B5FE04980D218DF84B
:1024C000B410089978910BA900F0EAF9012804D119
:1024D000FFE79DF83100F0B1FFE7FFF7F1FC41F2B3
:1024E000E011C2F203410620087141F21811C2F254
:1024F00002410020087046F6E710C0F60100039084
:10250000FFF7C6FE039A46F6CF01C0F6010102208E
:1025100003F056F8B1E0119841F2E011C2F2034124
:1025200048619DF8360038B1FFE746F6E830C0F65E
:10253000010000F065F9A0E041F26411C2F203412C
:102540000020087041F20C11C2F20241486008609C
:1025500000F112FB8DF818009DF91800B0F1FF3F53
:1025600007DCFFE746F6F530C0F6010000F048F959
:1025700083E09DF91800012814DBFFE740F6207086
:10258000C2F200404FF6E0710844FDF04BFE01201E
:10259000029000F1B5FA029841F26411C2F20341CF
:1025A00008701EE0012000F1E7FA8DF818009DF98F
:1025B0001800B0F1FF3F07DCFFE746F6F530C0F644
:1025C000010000F01DF958E09DF91800012807DB13
:1025D000FFE741F26411C2F2034102200870FFE7F5
:1025E000FFE741F21911C2F20241022008709DF882
:1025F0001900E0B1FFE741F2E011C2F2034103200C
:10260000087141F21811C2F20241012008709DF9CF
:10261000E72146F6B721C0F6010146F69620C0F63E
:102620000100002A48BF0846FFF732FE1DE041F2D4
:10263000E011C2F203410220087141F21811C2F206
:10264000024100200870FFF7ABFC9DF9E72146F638
:102650003541C0F6010146F61D40C0F60100002AD2
:1026600048BF0846FFF714FEFFE712F075FB41F282
:102670001411C2F202410860FFE77AB080BD000089
:1026800080B582B08DF807009DF80700652804D357
:10269000FFE764208DF80700FFE711F029FE9DF8A1
:1026A000070040F21801C2F2004108709DF80700CF
:1026B00041F21C11C2F20241487208680130086000
:1026C00011F046FE02B080BD80B582B0FFF704FD78
:1026D000FFF7F6FB41F27011C2F2034147F20070BE
:1026E000C0F20100086041F27410C2F20340002100
:1026F000016041F26410C2F20340017041F218100F
:10270000C2F20240017041F21912C2F202420120EB
:10271000107041F20C10C2F202404160016041F2BF
:10272000E010C2F203400222C271102202724BF684
:1027300080320192C2604DF60042C0F20502026191
:102740004161183046F6A342C0F601020D21FFF7A1
:10275000D7FB019800F19CFB68B9FFE741F2E0115B
:10276000C2F203410620087146F62B20C0F6010094
:10277000FFF78EFD3FE0002000F1D6FA38B1FFE709
:1027800041F26411C2F2034101200870FFE741F2F7
:102790006410C2F20340007860B9FFE7012000F145
:1027A000C3FA38B1FFE741F26411C2F203410220DB
:1027B0000870FFE741F2E011C2F203410420087102
:1027C00012F0CAFA41F21411C2F20241086046F650
:1027D0006130C0F60100FFF75BFD46F6CF01C0F6A1
:1027E000010146F6EB22C0F60102002002F0E8FEED
:1027F000FFF7D6FBFFE702B080BD0000000000003D
:1028000080B582B00190FFF767FCFFF759FB41F2FA
:102810006411C2F203410020087041F21811C2F2A3
:102820000241087041F21912C2F2024201211170F4
:1028300041F20C11C2F202414860086041F270118D
:10284000C2F20341086041F2E010C2F20340407955
:1028500080B1FFE741F2E010C2F20340827941F219
:102860007813C2F203430D2112FB01321830FFF737
:1028700047FB06E041F2E011C2F203410020087676
:10288000FFE741F2E011C2F203414A790120002A38
:1028900008BF052008710198FFF7FAFC02B080BD5F
:1028A00080B584B00290019112F056FA0090FFE7D3
:1028B000029805F1D9FB01280FD0FFE712F04CFA7E
:1028C0000099401AB0F5FA6F03D3FFE70020039098
:1028D0001CE002200FF118F9EAE7FFE712F03CFADA
:1028E0000099401A00097C280DD8FFE7019805F1EE
:1028F0007BF8012803D1FFE70120039006E00120C7
:102900000FF102F9EAE700200390FFE7039804B013
:1029100080BD00000000000080B584B0ADF80C0060
:10292000ADF80A108DF8092041F69810C2F2034064
:102930008069B0F5806F1ED3FFE741F69811C2F2AF
:10294000034100200090887046F20A61C0F6010140
:1029500046F2FA32C0F61102012002F031FE46F2D0
:102960008340C0F6110001F11FF901F031F8009821
:102970008DF80F0021E041F69811C2F203418869F9
:10298000421C8A6101EBC000F8300190BDF80C00D8
:10299000019A1080BDF80A00019A50804889019A76
:1029A00090809DF80900019A9071019A0020D071E1
:1029B0000120C8708DF80F00FFE79DF80F0004B0EC
:1029C00080BD00000000000085B0049003910292D9
:1029D00000200190049818B1FFE7039808B9FFE7B9
:1029E00026E00298F8B1FFE7FFE702980199415C01
:1029F0000020009049B1FFE70198411C039A002094
:102A0000914238BF01200090FFE70098C00748B10D
:102A1000FFE70298019A805C04998854019801307C
:102A20000190E2E7FFE70499019A00208854FFE74C
:102A300005B070470000000087B006900591069829
:102A400004904FF0FF30039000200290FFE70298BF
:102A5000059988422FD2FFE704980299415C0398B8
:102A60004840039000208DF80700FFE79DF807001D
:102A700007281BD8FFE79DF80C00C00748B1FFE707
:102A8000039948F22030CEF6B85080EA5100009009
:102A900003E0039840080090FFE700980390FFE7E9
:102AA0009DF8070001308DF80700DFE7FFE7029887
:102AB00001300290CBE70398C04307B07047000095
:102AC00080B582B041F69810C2F20340007820B978
:102AD000FFE700208DF807002FE041F69810C2F2C2
:102AE0000340407860B1FFE746F2BD00C0F6110038
:102AF00001F15AF800F06CFF01208DF807001CE08E
:102B000041F69810C2F20340807990B1FFE741F698
:102B10009811C2F203410020887146F22F20C0F6BE
:102B2000110001F141F800F027FC01208DF80700A9
:102B300003E000208DF80700FFE79DF8070002B0D2
:102B400080BD00000000000080B584B0039041F615
:102B50009810C2F20340007850B1FFE7039838B1F3
:102B6000FFE741F69810C2F20340407808B1FFE752
:102B700020E141F69810C2F203408079022816D174
:102B8000FFE70398007888B9FFE741F69810C2F292
:102B90000340007A039A5188928806F14DFBADF804
:102BA00009000DF1090000F007F9FFE702E141F625
:102BB0009810C2F203408079012804D1FFE70398FE
:102BC00000F0CEF9F6E003980078022807D1FFE77D
:102BD00041F69811C2F2034100208870EAE00398A0
:102BE0000078002840F09180FFE7039948888988A1
:102BF00005F1BEFD8DF80B009DF80B00012803D1F7
:102C0000FFE700F07DFDD5E09DF80B00022804D120
:102C1000FFE7002001F18CF8CCE09DF80B000328C1
:102C200004D1FFE7012001F183F8C3E09DF80B0018
:102C3000042807D1FFE741F69811C2F203410020B2
:102C4000488128E09DF80B00052808D1FFE741F6F0
:102C50009811C2F203414FF4784048811AE09DF880
:102C60000B00062808D1FFE741F69811C2F2034194
:102C70004FF4FC6048810CE09DF80B00072807D159
:102C8000FFE741F69811C2F203411F204881FFE798
:102C9000FFE7FFE7FFE79DF80B0004280EDBFFE7E7
:102CA0009DF80B00072809DCFFE746F28520C0F6F7
:102CB000110000F179FF00F08BFE7BE0039948885A
:102CC000898800F02DFBF8B1FFE7039948888988CF
:102CD0000122FFF721FEB8B1FFE741F69810C2F2DA
:102CE0000340012181700399498881810399898872
:102CF000C18103994A888B884089694608601046DB
:102D0000194606F011FCFFE754E00398007801280B
:102D100050D1FFE741F69810C2F2034080780028B6
:102D200048D0FFE703994888898800F0F9FA38B954
:102D3000FFE741F69811C2F203410020887039E0A4
:102D40000398408841F69811C2F20341898988426C
:102D50000BD1FFE70398808841F69811C2F2034136
:102D6000C989884201D1FFE724E00399488889880E
:102D70000022FFF7D1FDE0B1FFE741F6981CC2F257
:102D8000034CCDF804C0BCF80C00BCF80E10039B3B
:102D90005A889B88BCF80AC0EE46CEF800C006F000
:102DA000C3FB019903984088888103988088C88173
:102DB000FFE7FFE704B080BD80B586B00590002036
:102DC0008DF812000598007805280DD1FFE741F62F
:102DD0009811C2F20341087A013818BF0120087225
:102DE00001208DF8120098E00598007806280ED191
:102DF000FFE741F69811C2F20341087A023818BF82
:102E000001204000087201208DF8120084E005982E
:102E10000078022815D1FFE741F69810C2F203406E
:102E2000008A68B1FFE741F69810C2F20340018AB8
:102E30000139018210FA81F1002081F84300FFE797
:102E400069E005980078012846D1FFE705984078A9
:102E50008DF8130041F69810C2F20340008A013049
:102E60000C2838D8FFE79DF81300412805DBFFE761
:102E70009DF813005B281EDBFFE79DF81300612817
:102E800005DBFFE79DF813007B2814DBFFE79DF8C7
:102E90001300302805DBFFE79DF813003A280ADB12
:102EA000FFE79DF813005F2805D0FFE79DF81300AA
:102EB0002D2810D1FFE79DF8132041F69810C2F29B
:102EC0000340038A591C018200F14301CA54028A5B
:102ED00000208854FFE71DE005980078072803D1FB
:102EE000FFE700F045FB39E00598007808280FD18E
:102EF000FFE741F69811C2F203410120887146F2C2
:102F00001F20C0F6110000F14FFE00F035FA25E059
:102F1000FFE7FFE7FFE7FFE7FFE79DF8120018B1C3
:102F2000FFE700F029FA19E041F69810C2F20340D9
:102F3000038A017A6A46916000F1B801516001216B
:102F4000116000F1430146F2EB30C0F6110046F685
:102F50001872C0F6010208F15FFBFFE706B080BD02
:102F600080B586B005900598007808B1FFE7ABE022
:102F700005994888898805F167FE8DF813009DF84A
:102F8000130004285BDBFFE79DF813000B2856DCD9
:102F9000FFE79DF8130004388DF812009DF8120029
:102FA00041F69811C2F203410979884201DBFFE73B
:102FB0008AE041F69810C2F2034090F905009DF9AD
:102FC0001210884222D1FFE741F69810C2F2034066
:102FD000C07968B9FFE79DF8120041F69812C2F275
:102FE00003420D2110FB0120503000F02DFB0CE0BE
:102FF0009DF8120041F69812C2F203420D2110FB17
:103000000120503000F084FAFFE717E09DF812101D
:1030100041F69810C2F203404171C27946F2C231C2
:10302000C0F6110146F22A40C0F61100002A08BF7E
:10303000084600F1B9FD00F09FF9FFE744E09DF874
:103040001300012821D1FFE741F69810C2F2034096
:10305000C079D0B9FFE741F69810C2F20340007979
:10306000082809D3FFE746F28630C0F6110000F1C8
:103070009BFD00F081F927E00DF10500009000F1C3
:1030800037FC009800F0E0FA1DE09DF813000228DC
:1030900003D1FFE700F198FD14E09DF81300032829
:1030A0000FD1FFE741F69811C2F203410020887169
:1030B00046F22F20C0F6110000F176FD00F05CF919
:1030C000FFE7FFE7FFE7FFE706B080BD0000000075
:1030D00080B586B041F69810C2F20340018AADF87F
:1030E000141043302E21FDF035F8049000208DF8A7
:1030F0000F008DF80E00049860BBFFE7BDF81400C8
:1031000058B1FFE7BDF81400082806D8FFE7BDF85E
:10311000140004300D2804D3FFE700208DF81700B9
:10312000DAE0BDF8140041F69811C2F203410A1822
:10313000002082F8470044F22E40C5F25270C2F8D7
:103140004300BDF814000430ADF81400BDF81400BD
:103150000882FFE700208DF80D00FFE79DF80D00C5
:10316000BDF81410884265DAFFE79DF80D1041F6AE
:103170009810C2F20340084490F843008DF80C0008
:103180009DF80C002E2810D1FFE79DF80F0020B10C
:10319000FFE79DF80E0020B1FFE700208DF8170033
:1031A0009AE001208DF80E003DE09DF80C004128CA
:1031B00005DBFFE79DF80C005B2822DBFFE79DF8AD
:1031C0000C00612805DBFFE79DF80C007B2818DB6D
:1031D000FFE79DF80C00302805DBFFE79DF80C00A9
:1031E0003A280EDBFFE79DF80C005F2809D0FFE7C7
:1031F0009DF80C002D2804D0FFE700208DF8170063
:103200006AE09DF80E0030B1FFE79DF80E00013036
:103210008DF80E0005E09DF80F0001308DF80F00CD
:10322000FFE7FFE7FFE7FFE79DF80D0001308DF8AE
:103230000D0093E741F69810C2F2034043302E216F
:10324000FDF71CF904909DF80F1000200290E9B3DF
:10325000FFE79DF80F1000200829029036D8FFE7FD
:103260009DF80E100020042902902FD1FFE7049949
:103270000020029051B3FFE704984078442807D01B
:10328000FFE7049841780020642902901ED1FFE7EF
:1032900004988078522807D0FFE7049881780020AE
:1032A0007229029012D1FFE70498C17801205729B2
:1032B000019008D0FFE70498C0787738B0FA80F022
:1032C00040090190FFE701980290FFE7029800F0A3
:1032D00001008DF81700FFE79DF8170006B080BDCC
:1032E00080B582B041F69810C2F20340019042F2DC
:1032F000F801FCF097FF019901200870FF20487148
:1033000000204881887146F2D740C0F6110000F1D4
:103310004BFC00F031F802B080BD0000000000005E
:1033200082B0ADF80600ADF80410BDF8061000201C
:103330001C29009018D3FFE7BDF806100020B1F556
:10334000197F009010D8FFE7BDF80410002046292F
:10335000009009D3FFE7BDF804100020B1F5D37F3A
:1033600098BF01200090FFE7009800F0010002B034
:10337000704700000000000080B584B041F698104E
:10338000C2F20340007808B9FFE743E041F6981025
:10339000C2F20340807901280DD1FFE741F698136E
:1033A000C2F20343197993F9052003F15000B833B1
:1033B00006F162FE2EE041F69810C2F203408079D9
:1033C00002281AD1FFE741F69810C2F20340038A9F
:1033D000017A6A46916000F1B801516001211160E3
:1033E00000F1430146F2EB30C0F6110046F61872C8
:1033F000C0F6010206F0D8FD0BE041F69811C2F2CA
:10340000034148894A78B83106F05AFC00F180FB44
:10341000FFE7FFE704B080BD80B584B00290019162
:1034200041F69810C2F20340407820B1FFE7002037
:103430008DF80F0067E00298D0F8240198B1FFE7FB
:1034400043F69020C2F20340006860B1FFE746F205
:103450004E40C0F6110000F1A7FB00F0B9FA0020C1
:103460008DF80F004FE043F69420C2F2034001684C
:1034700001310160006838B9FFE743F69421C2F2D8
:10348000034101200860FFE743F69420C2F20340A5
:10349000006802990860029804F1E6FD01280CD04A
:1034A000FFE746F26B00C0F6110000F17DFB00F073
:1034B0008FFA00208DF80F0025E00298006841F691
:1034C0009811C2F2034148610298D0F8240140B13A
:1034D000FFE70298006843F69021C2F203410860BA
:1034E000FFE741F69811C2F20341012000904870B5
:1034F00000208870019800F157FB00F069FA0098ED
:103500008DF80F00FFE79DF80F0004B080BD0000AC
:1035100080B5D0B04F9002A801904FF49A71FCF0A2
:1035200081FE019805218DF80C1005304F9A0D2170
:103530000091FFF749FA009944F23040C2F203408B
:103540004B9042F210004D904F9A41F69810C2F203
:1035500003402930FFF738FA019846F22031C0F6CF
:103560001101FFF759FF50B080BD000000000000BE
:1035700080B5D2B0FFF7ACFDA0B1FFE741F69811DE
:10358000C2F2034101F13600433100F12DFA90B946
:10359000FFE741F69810C2F20340433000F184FA8D
:1035A00048B1FFE746F26730C0F6110000F1FCFABF
:1035B000FFF7E2FE45E041F69811C2F2034101F146
:1035C0003600433100F110FA78B1FFE741F6981167
:1035D000C2F203410120887146F21020C0F61100AA
:1035E00000F1E2FAFFF7C8FE2BE005A804904FF4C3
:1035F0009A71FCF017FE049812218DF8181005300E
:1036000041F69811C2F20341019101F136020D21F8
:103610000291FFF7D9F9019A0299049812304332C6
:103620000392FFF7D1F901980299039A2930FFF725
:10363000CBF9049846F20831C0F61101FFF7ECFE11
:10364000FFE752B080BD000080B5D4B0539043F680
:103650009020C2F20340006848B1FFE746F24E40B6
:10366000C0F6110000F1A0FA00F0B2F946E044F211
:103670003040C2F20340019045F24421C3F2571199
:103680000160012181800821C18041F69811C2F2B8
:10369000034102918A6982608A69D2000592059A83
:1036A00010300090F831FCF08BFD00980599FFF781
:1036B000C3F90199C86006A804904FF49A71FCF010
:1036C000B1FD049806218DF81C100530539A0D2188
:1036D0000391FFF779F9019A029803994F92059A9D
:1036E00010325092539A2930FFF76EF9049846F23F
:1036F0003731C0F61101FFF78FFEFFE754B080BDF0
:1037000080B582B041F69810C2F20340806948B992
:10371000FFE746F27340C0F6110000F145FA00F0F1
:1037200057F935E041F69810C2F20340806901383C
:103730000190FFE701990020009071B1FFE7019926
:1037400041F69810C2F2034000EBC10090F8FE0071
:10375000B0FA80F040090090FFE70098C00720B160
:10376000FFE7019801380190E4E7019841F69811CC
:10377000C2F203418861002088700120C87046F2BF
:10378000AF30C0F6110000F10FFAFFF7F5FDFFE7CB
:1037900002B080BD0000000080B5A2B0FFE704A821
:1037A00004F002FE012840F01081FFE7049843F680
:1037B0009021C2F203410968884207D1FFE743F62E
:1037C0009021C2F2034100200860FFE7049841F60F
:1037D0009811C2F203414969884201D0FFE7DEE750
:1037E00041F69810C2F20340002141614170007817
:1037F00008B9FFE7D3E79DF81500A0B1FFE746F24F
:103800000A61C0F6010146F24622C0F6110202200A
:1038100001F0D6FE9DF8150000F146FA00F1C4F95A
:1038200000F0D6F8BBE79DF81400112822D1FFE77D
:103830009DF81C1041F69810C2F2034002900171ED
:1038400004A90D3150306822FCF742FE0298FF2196
:103850004171C27946F24B51C0F6110146F20C405B
:10386000C0F61100002A08BF084600F19DF9FFF7D5
:1038700083FDA9E09DF81400062823D1FFE741F657
:103880009811C2F20341019101F11C0001F12902DA
:103890000D21FFF799F801990020C870887146F250
:1038A0000A61C0F6010146F29A22C0F6110201F047
:1038B00087FE46F2E820C0F6110000F175F9FFF727
:1038C0005BFD80E09DF8140005284BD1FFE70698CA
:1038D000FFF07EFFA0B9FFE746F20A61C0F60101E2
:1038E00046F2A442C0F61102022001F069FE46F23F
:1038F000B840C0F6110000F157F900F069F84EE742
:1039000044F23041C2F203418A6841F69810C2F293
:103910000340009082618269D2000392039AF830DA
:103920001031FCF04DFC009901F11C0001F129025D
:103930000D21FFF749F800990020C870887146F200
:103940000A61C0F6010146F20122C0F6110201F03F
:1039500037FE46F2C520C0F6110000F125F9FFF749
:103960000BFD2FE09DF8140012282AD1FFE741F645
:103970009811C2F2034101F11C00363100F134F814
:1039800060B1FFE741F69811C2F2034101F11C005A
:1039900001F129020D21FFF717F8FFE746F20A614E
:1039A000C0F6010146F27522C0F61102002001F0B6
:1039B00007FE41F69810C2F20340C07900F1B8F951
:1039C000FFE7FFE7FFE7FFE7E9E622B080BD000081
:1039D00080B541F69810C2F20340007808B9FFE7BD
:1039E00013E041F69810C2F20340807950B9FFE726
:1039F00041F69811C2F2034148894A78B83107F07C
:103A0000CFFF02E0FFF7B8FCFFE780BD0000000039
:103A100080B582B000F1C8FB0190019900200860D8
:103A200000F076F802B080BD84B0039002910020CF
:103A30000190FFE701980F2809D8FFE70399019A41
:103A400000208854FFE7019801300190F2E7002040
:103A50000190FFE701980E281FD8FFE7029850B1A8
:103A6000FFE702980199405C28B1FFE702980199AD
:103A7000405C009002E000200090FFE7009803996E
:103A8000019A885403980199405C08B9FFE704E063
:103A9000FFE7019801300190DCE704B070470000B7
:103AA0009AB01990189117929DF85C0045F6B27182
:103AB000C0F6010100F1F4FA00F176FB02900299E0
:103AC00003A85022FCF07CFB199898B1FFE79DF801
:103AD0006000C006002804D4FFE719984830199008
:103AE000FFE7199840691090199880690F9019980C
:103AF0001190FFE703A8019000F14AF9019916908F
:103B000002985022FCF05CFB00F002F8FEF0E0FFAF
:103B100080B584B000F148FB0390602002900298C9
:103B2000012820DBFFE70298039901F01F010844F8
:103B3000019003980090BFF34F8FFFE700984EF677
:103B40006871CEF200010860009820300090019862
:103B50002038019001980028F0DCFFE7BFF34F8F79
:103B6000BFF36F8FFFE7BFF34F8F04B080BD00003E
:103B700080B598B0169000F117FB1590159901A823
:103B80005022FCF01DFB019844F63141C4F254610F
:103B9000884214D1FFE7BDF8080001280FD1FFE7E4
:103BA000BDF80A0050280AD1FFE71498009001A838
:103BB00000F1EEF801460098884204D0FFE70020AB
:103BC0008DF85F000CE0169830B1FFE7169801A958
:103BD0005022FCF0F5FAFFE701208DF85F00FFE7C7
:103BE0009DF85F0018B080BD80B59CB01B901A9105
:103BF0001B9818B1FFE71B98029005E045F6C270CC
:103C0000C0F601000290FFE7029804900498039028
:103C1000FFE70398007890B1FFE7039800782F281A
:103C200005D0FFE7039800785C2804D1FFE70398EC
:103C300001300490FFE7039801300390E9E704990D
:103C4000012000F12DFA00F1AFFA0590059906A8C0
:103C5000009050220192FCF0B3FA00981A99129148
:103C600000F196F80099019A19900598FCF0A8FACD
:103C7000FFF74EFF1CB080BD80B5D2B0519043F627
:103C8000B840C2F20340407D78B9FFE743F6B8413F
:103C9000C2F203410120487546F29F00C0F61100B0
:103CA00000F0AEFD01F1F0F828E004A803904FF415
:103CB0009A71FCF0B7FA039804218DF814100530BE
:103CC000519A0D21019100F17BFA019943F6B84018
:103CD000C2F20340029000F59E7046F61872C0F6DC
:103CE000010200F16DFA029A03980021517545F620
:103CF000ED61C0F6110100F003FEFFE752B080BD98
:103D000080B543F6B841C2F20341002048770884E9
:103D100081F82F0081F8220045F6CE50C0F6110040
:103D200000F06EFD01F1B0F880BD00000000000061
:103D300080B588B043F6B840C2F203402F300490FB
:103D4000FCF7A7FB01460498ADF816102E21FCF0F5
:103D500001FA002855D1FFE743F6B840C2F203400C
:103D6000407F03280BD1FFE743F6B840C2F203407F
:103D700000F22F102E21FCF781FB039005E046F6A0
:103D80002E10C0F601000390FFE7039806900698F6
:103D900030B9FFE746F61870C0F601000690FFE75D
:103DA0000698FCF776FBADF81400BDF8160068B174
:103DB000FFE7BDF81600082808D8FFE7BDF8160091
:103DC000BDF8141008440D2804D3FFE700208DF837
:103DD0001F003BE0BDF8161043F6B840C2F20340A6
:103DE000029008442F300699BDF814200132FCF7E8
:103DF0006FFB0299BDF81600BDF81420104408842A
:103E0000FFE743F6B840C2F203402F3000F144FB15
:103E100020B9FFE700208DF81F0017E043F6B840F7
:103E2000C2F20340407F012809D1FFE743F6B840C2
:103E3000C2F203402F3000F13BFF019002E001206D
:103E40000190FFE701988DF81F00FFE79DF81F0024
:103E500008B080BD00000000B0B586B005900598A0
:103E600008B9FFE7B5E100208DF812000598007849
:103E700005280DD1FFE743F6B841C2F20341887F20
:103E8000013818BF0120887701208DF812004EE11B
:103E90000598007806280ED1FFE743F6B841C2F234
:103EA0000341887F023818BF012040008877012035
:103EB0008DF812003AE105980078022842D1FFE718
:103EC00043F6B840C2F20340008CD0B3FFE743F69C
:103ED000B840C2F20340018C01390184407F0228BE
:103EE00025D1FFE743F6B840C2F20340008CF0B1A1
:103EF000FFE743F6B840C2F20340018C084490F853
:103F00002F000A2813D1FFE743F6B841C2F203415C
:103F1000088C084490F82E000D2808D1FFE743F6DE
:103F2000B841C2F20341088C01380884FFE743F628
:103F3000B840C2F20340018C0144002081F82F00F8
:103F4000FFE7F2E005980078032821D1FFE743F668
:103F5000B840C2F20340407F022818D1FFE743F681
:103F6000B840C2F20340008C0130FF280FD8FFE7B1
:103F700043F6B840C2F20340038C591C018400F19F
:103F80002F012022CA54028C00208854FFE7CBE086
:103F900005980078042826D1FFE743F6B840C2F21E
:103FA0000340407F02281DD1FFE743F6B840C2F22C
:103FB0000340008C0230FF2814D8FFE743F6B840D6
:103FC000C2F20340038C591C018400F12F010D2221
:103FD000CA54038C5A1C02840A22CA54028C002040
:103FE0008854FFE79FE005980078012840F088801A
:103FF000FFE7059840788DF8130043F6B840C2F209
:104000000340407F022819D1FFE743F6B840C2F2CF
:104010000340008C0130FF2810D8FFE79DF81320E3
:1040200043F6B840C2F20340038C591C018400F1EE
:104030002F01CA54028C0020885460E043F6B84037
:10404000C2F20340407F012808D0FFE743F6B840A2
:10405000C2F20340407F032850D1FFE743F6B84047
:10406000C2F20340008C01300C2847D8FFE79DF8CE
:104070001300412805DBFFE79DF813005B282DDBCB
:10408000FFE79DF81300612805DBFFE79DF81300AB
:104090007B2823DBFFE79DF81300302805DBFFE7D3
:1040A0009DF813003A2819DBFFE79DF813005F28FD
:1040B00014D0FFE79DF813002D280FD0FFE79DF8DF
:1040C00013002E281AD1FFE743F6B840C2F203408E
:1040D0002F302E21FCF03EF880B9FFE79DF8132029
:1040E00043F6B840C2F20340038C591C018400F12E
:1040F0002F01CA54028C00208854FFE7FFE711E02B
:1041000005980078072803D1FFE700F1C5F860E0C3
:1041100005980078082803D1FFE7FFF7F1FD58E084
:10412000FFE7FFE7FFE7FFE7FFE7FFE7FFE79DF8B0
:10413000120018B1FFE700F183FA4AE043F6B840F5
:10414000C2F20340407F012806D1FFE745F6C27066
:10415000C0F61100039011E043F6B840C2F20340EC
:10416000427F45F65F71C0F6110146F21410C0F6A9
:104170001100032A08BF08460390FFE7039843F69F
:10418000B844C2F2034404F1220204F12F0394F86C
:104190001DC0A57FBCF1020F194608BF114646F6A7
:1041A0001872C0F60102BCF1020F08BF1A46238C38
:1041B000BCF1020C18BF4FF0010CEE46CEF80850CF
:1041C00004F24924CEF80440CEF800C007F124FAE6
:1041D000FFE706B0B0BD000080B58AB0099009982D
:1041E000006843F6B841C2F20341896888420AD1A7
:1041F000FFE70998007943F6B841C2F20341897993
:10420000884201D0FFE7E3E143F6B840C2F2034041
:10421000002181604170007808B9FFE7D8E1099872
:10422000407970B3FFE709980079012807D1FFE7CB
:1042300043F6B841C2F20341012048770DE00998E6
:104240000079032808D1FFE743F6B841C2F20341E1
:10425000002048768876FFE7FFE746F66341C0F620
:10426000010146F25F22C0F61102022001F0A8F916
:104270000998407900F14CFA00F0C2FA00F104FE0E
:10428000A6E10998007901460891102800F297816B
:104290000899DFE811F011008A00A3000B01570113
:1042A0009401940194019401940194019401940166
:1042B00094019401940175010998C17943F6B840BD
:1042C000C2F2034007908170099901F5907100F5E1
:1042D00033704FF49062FBF073FF0798807848B911
:1042E000FFE743F6B841C2F20341FF200871002006
:1042F000C8701BE043F6B841C2F2034191F90400D3
:1043000091F90210884210DBFFE743F6B841C2F290
:10431000034188780138087108794AF6AB22C2F661
:10432000AA22A0FB0220C870FFE7FFE700F148FEC9
:1043300043F6B840C2F20340C07D58B1FFE743F6F0
:10434000B841C2F203410020C87581F8890200F02B
:10435000F3F93DE143F6B840C2F2034090F8890218
:1043600070B1FFE743F6B840C2F20340069000F296
:10437000892000F045FA0699002081F8890206E0BC
:1043800045F69850C0F6110000F03AFAFFE700F148
:104390007BFD46F66341C0F6010145F69B52C0F62F
:1043A0001102002001F00CF912E146F66341C0F65B
:1043B000010145F61562C0F61102002001F000F976
:1043C00043F6B841C2F203410120C875087645F6AC
:1043D0006D60C0F6110000F0F3F9F9E0099800F102
:1043E000100243F6B840C2F20340049000F22F10CE
:1043F0000D21FFF0E5FE049809991D3100F24910E6
:104400004FF48072FCF764F80499002081F84802A8
:10441000099A1289CA81099AD2680A610875487591
:104420000998103000F144FC01460120059041B18B
:10443000FFE70998C1680020FF2988BF0120059087
:10444000FFE7059800F0010143F6B840C2F20340CF
:104450000390817501214171827D45F63771C0F667
:10446000110145F6A260C0F61100002A18BF0846E7
:1044700000F0C6F946F66341C0F6010145F609624F
:10448000C0F61102002001F09BF80398007E48B1AD
:10449000FFE743F6B841C2F203410020087600F17D
:1044A000F3FD02E000F1F0FCFFE791E043F6B840D5
:1044B000C2F2034000210175099909890161407E1A
:1044C00090B1FFE743F6B841C2F2034100204876BD
:1044D000487181F82F0181F8490146F25010C0F669
:1044E000110000F06DF973E043F6B840C2F20340EA
:1044F000807E98B1FFE743F6B842C2F20342002043
:1045000090760121D17646F66341C0F6010145F669
:104510008462C0F6110201F053F859E046F2261009
:10452000C0F6110000F06CF946F66341C0F60101D7
:1045300045F68462C0F61102002001F041F800F156
:10454000A3FC45E043F6B841C2F2034100204871A4
:10455000FF220A7181F82F0181F8490146F6634173
:10456000C0F6010145F63062C0F61102012001F0EB
:1045700027F845F6B960C0F6110000F021F927E0F0
:10458000099800F1100243F6B840C2F203400190CE
:1045900000F22F100D210291FFF012FE01980299F6
:1045A00000224277099A103200F59E70FFF008FE53
:1045B00045F6FC50C0F6110000F002F908E045F69F
:1045C000D070C0F6110000F01BF900F15DFCFFE7B0
:1045D0000AB080BD0000000080B582B0019043F6B3
:1045E000B840C2F203408089ADF80200FFE7BDF891
:1045F000020042F20F7188426ED8FFE701994E2007
:10460000087001994F204870019954208870019AD0
:104610004521D170BDF8021048F63812C0F24102AF
:10462000A1FB022149F69A12C1F69912A1FB02C31D
:1046300003EB8303A1EB430141F03001019B1971AE
:10464000BDF8021045F62943C0F28F23A1FB0331C8
:10465000A1FB02C303EB8303A1EB430141F0300153
:10466000019B5971BDF80210A1FB0231A1FB02C3ED
:1046700003EB8303A1EB430141F03001019B9971EE
:10468000BDF80210A1FB023202EB8202A1EB420153
:1046900041F03001019AD171019A2E2111720199D4
:1046A0004872019A582191720199C87201990020AB
:1046B0000873BDF802000130ADF80200019800F166
:1046C0006BFB40B9FFE7BDF8020043F6B841C2F208
:1046D0000341888109E08AE7019846F28212C0F618
:1046E00011020D21FFF06CFDFFE702B080BD00005C
:1046F00080B582B043F6B840C2F20340009040F269
:104700004C71FBF08FFD009901200870FF220A71A7
:10471000888100200190487146F2CD10C0F611004A
:1047200000F06EF800F1B0FB019800F049F802B01B
:1047300080BD00000000000080B5D0B043F6B84056
:10474000C2F2034090F90400002809D4FFE743F6C1
:10475000B840C2F2034081780079884209DBFFE764
:1047600046F26E10C0F6110000F04AF800F18CFB22
:1047700024E003A802904FF49A71FBF053FD0298D5
:1047800002218DF81010053043F6B841C2F2034102
:1047900001910A7902EB420201EB021101F5337239
:1047A0000D21FFF00DFD019A02980021517545F68B
:1047B000D361C0F6110100F0A3F8FFE750B080BD4F
:1047C00080B5D0B04F9002A801904FF49A71FBF0E1
:1047D00029FD00208DF80C004F9A43F6B840C2F234
:1047E000034000F289204021FFF0EAFC019846F2E4
:1047F000E711C0F6110100F083F850B080BD000051
:1048000080B582B00190019A43F6B840C2F20340ED
:1048100000F249204021FFF0D3FC02B080BD00002F
:1048200080B586B08DF817009DF8170043F6B841A3
:10483000C2F203414877012088779DF817000328CA
:1048400042D1FFE743F6B840C2F2034000F22F1016
:104850002E21FBF713FE0490049858B1FFE704984B
:1048600043F6B841C2F20341401AA0F22F1080B2C1
:1048700002900AE043F6B840C2F2034000F22F1063
:10488000FBF707FE80B20290FFE70298ADF80E003A
:10489000BDF80E000D2804D3FFE70C20ADF80E0084
:1048A000FFE7BDF80E2043F6B841C2F2034101F123
:1048B0002F00019001F22F11FBF70AFE0199BDF8BC
:1048C0000E200020885407E043F6B840C2F20340AF
:1048D0002F30FFF781FEFFE743F6B840C2F20340F6
:1048E00000902F30FBF7D5FD0099088446F23D007B
:1048F000C0F61100FFF784FFFFF0A2FE06B080BDF6
:1049000080B584B00290019143F6B840C2F20340F2
:10491000407858B1FFE746F21C00C0F61100FFF7DF
:104920006FFF00F1B1FA002003903DE044F2044033
:10493000C2F20340016801310160006838B9FFE745
:1049400044F20441C2F2034101200860FFE744F24F
:104950000440C2F20340006802990860029803F123
:1049600083FB01280BD0FFE746F26B00C0F6110075
:10497000FFF746FF00F188FA0020039014E043F6A9
:10498000B841C2F2034101200090487002980068CB
:1049900088600298007988710198FFF731FF00F173
:1049A00073FA00980390FFE7039804B080BD0000FD
:1049B00081B043F6B841C2F20341C87E8DF80300CE
:1049C0000020C8769DF8030001B070470000000089
:1049D00080B582B08DF807009DF80700042817DC29
:1049E000FFE710F0B9F99DF8072046F24041C2F206
:1049F000034141F822009DF80710012000FA01F25E
:104A000041F23821C2F20341086810430860FFE711
:104A100002B080BD0000000081B041F23821C2F236
:104A20000341002008600090FFE7009804280DD89B
:104A3000FFE7009A46F24041C2F20341002041F8EC
:104A40002200FFE7009801300090EEE74AF288214B
:104A5000C2F20341002008704AF28C21C2F20341E5
:104A600008604AF22811C2F2034108604860886079
:104A7000C862086381F8340081F8350001B07047DE
:104A800084B002908DF807109DF807000146009150
:104A9000042819D80099DFE801F003070B0F130071
:104AA00002980068039012E00298406803900EE0BC
:104AB0000298806803900AE00298C068039006E0BC
:104AC00002980069039002E000200390FFE703983A
:104AD00004B070470000000080B588B006900591D2
:104AE0008DF81320039310F037F90290FFE7069832
:104AF000006805990840002818BF01208DF80700BC
:104B00009DF807009DF81310884204D1FFE70120AB
:104B10008DF81F0019E001200CF1F6FFFFE710F0FF
:104B20001BF90299401A009003984FF47A72A0FB87
:104B300002010023FBF075FA014600988842D6D3A3
:104B4000FFE700208DF81F00FFE79DF81F0008B069
:104B500080BD00000000000080B586B00590049183
:104B60008DF80F2005980CF1BFFD0290029849F6D0
:104B70002661C2F203410880029800F1A9FB49F6C0
:104B80007461C2F203410870029800F1C5FBADF8F0
:104B9000060049F60460C2F20340007800287DD088
:104BA000FFE7049849F6F451C2F203418968401ABC
:104BB00033281CD3FFE749F60461C2F20341002009
:104BC000087043F6A021C2F2034108680130086072
:104BD00043F69821C2F2034108680130086043F6A9
:104BE0009C21C2F2034108680130086055E09DF83D
:104BF0000F00C8B1FFE70298182815D3FFE749F660
:104C00000461C2F203410020087043F69821C2F209
:104C1000034108680130086043F69C21C2F2034159
:104C200008680130086037E09DF80F00D0B9FFE751
:104C3000BDF8060078B3FFE7049846F25441C2F28B
:104C400003410968401A0090BDF806004FF47A72DB
:104C5000A0FB02010023FBF0E4F901460098884222
:104C600019D3FFE7059849F6F451C2F20341002237
:104C700000F0FEFB01280DD1FFE7049846F25441F5
:104C8000C2F20341086049F60461C2F20341002008
:104C90000870FFE7FFE7FFE7FFE7FFE749F6186067
:104CA000C2F203400078C0B1FFE7049849F60861FA
:104CB000C2F203418968401A65280ED3FFE749F61E
:104CC0001861C2F203410020087043F69821C2F235
:104CD000034108680130086050E049F61860C2F2EC
:104CE00003400078B0B1FFE79DF80F0090B1FFE7F7
:104CF000029818280ED3FFE749F61861C2F2034163
:104D00000020087043F69821C2F203410868013080
:104D1000086032E049F61860C2F20340007858B3E8
:104D2000FFE70298172827D8FFE79DF80F0050B932
:104D3000FFE7049846F25841C2F203410968401A5D
:104D4000282819D3FFE7059849F60861C2F2034104
:104D5000002200F08DFB01280DD1FFE7049846F2F8
:104D60005841C2F20341086049F61861C2F203419A
:104D700000200870FFE7FFE7FFE7FFE706B080BD10
:104D800040F22800C2F200400078704700000000A6
:104D900080B584B003900398002800F03481FFE7C9
:104DA00049F62C60C2F2034000680399086049F696
:104DB0003060C2F2034000680399486049F63460ED
:104DC000C2F203400068039988604AF2A800C2F268
:104DD000034000680399C86041F2C420C2F2034056
:104DE00000680399086149F61C60C2F2034000683C
:104DF0000399486141F2C820C2F203400068039958
:104E0000886143F69820C2F2034000680399C861A4
:104E10004AF27010C2F203400068039908624AF235
:104E20007410C2F2034000680399486243F6A02060
:104E3000C2F2034000680399886243F69C20C2F2E4
:104E4000034000680399C86241F2CC20C2F20340DB
:104E500000680399086346F26040C2F203400168AB
:104E6000039A5163006870B1FFE746F26440C2F2F2
:104E70000340006846F26041C2F203410968B0FB9A
:104E8000F1F0009002E000200090FFE70098039905
:104E9000886346F25C40C2F2034000880399888729
:104EA00046F25E40C2F2034000880399C88749F683
:104EB0002660C2F203400188039AA2F8401049F626
:104EC0002861C2F203410988039AA2F842100088BF
:104ED00000F122FA0399A1F8440049F67460C2F285
:104EE00003400078039981F846004AF26910C2F243
:104EF00003400178039A82F847104AF26811C2F21F
:104F000003410978039A82F848104AF26A11C2F202
:104F100003410978039A82F84910039A0021A2F804
:104F20004A100078E0B3FFE74AF26810C2F203408B
:104F30000078A8BBFFE70FF00FFF4AF26C11C2F236
:104F400003410968401A4FF47A71484344F6D3513B
:104F5000C1F26201A0FB0110800902904AF26910BF
:104F6000C2F20340017842F21070012908BF4EF6E8
:104F70006020019002980199884210D2FFE70198C1
:104F80000299401A00F2E73044F6D351C1F26201AF
:104F9000A0FB011080090399A1F84A00FFE7FFE791
:104FA00049F62860C2F2034000880399A1F84C003A
:104FB00046F25E40C2F2034000880399A1F84E0019
:104FC00049F62C60C2F2034000680399086549F66F
:104FD0001C60C2F20340006841F2C821C2F20341E2
:104FE000096808440399486543F69820C2F20340D3
:104FF00000680399886541F2CC20C2F20340006842
:105000000399C865FFE704B080BD00000000000000
:1050100081B040F22800C2F200400078012804D19B
:10502000FFE70620ADF802000FE040F22800C2F2D0
:1050300000400078032804D1FFE70120ADF802000A
:1050400003E00320ADF80200FFE7BDF8020001B065
:10505000704700000000000080B58CB00A900991F4
:1050600008920A9858B1FFE7099840B1FFE70A98FB
:105070000999089A0FF0F4FB012803D0FFE70020FC
:105080000B9091E041F2C421C2F203410868013063
:10509000086009980078012837D1FFE7FFE70A98F0
:1050A00004A9002201920FF0EBFA014601980129B0
:1050B000029011D1FFE79DF8101000200129029005
:1050C0000AD1FFE79DF8110009994978401AB0FA12
:1050D00080F040090290FFE70298C007A0B1FFE707
:1050E0000A98099900220FF0BBFB41F2C821C2F2D5
:1050F000034108680130086041F2C421C2F2034153
:10510000086801300860CAE7FFE70FF025FE03904A
:105110000998C06818B9FFE70020009010E00398D4
:105120000999C968401A4FF47A71484344F6D3513B
:10513000C1F26201A0FB0110C0F38F100090FFE7E5
:10514000009946F25C40C2F20340018046F26042A0
:10515000C2F20342116801311160038846F26442D1
:10516000C2F20342116819441160008846F25E41A0
:10517000C2F20341098888420BDDFFE746F25C403A
:10518000C2F20340008846F25E41C2F20341088049
:10519000FFE70A980CF1A8FA49F62661C2F203412A
:1051A000088001200B90FFE70B980CB080BD000039
:1051B00080B50FF09DF84AF2A801C2F20341002029
:1051C000086049F62C61C2F20341086049F630617B
:1051D000C2F20341086049F63461C2F2034108603B
:1051E00041F2C421C2F20341086049F61C61C2F2D7
:1051F0000341086041F2C821C2F20341086043F64E
:105200009821C2F2034108604AF27011C2F20341D0
:1052100008604AF27411C2F20341086043F6A0210B
:10522000C2F20341086043F69C21C2F203410860C8
:1052300041F2CC21C2F20341086046F26041C2F261
:105240000341086046F26441C2F20341086046F23D
:105250005C41C2F20341088046F25E41C2F2034162
:10526000088049F62861C2F20341088049F674615A
:10527000C2F20341087049F62661C2F20341088078
:1052800049F60461C2F20341087049F61861C2F29E
:10529000034108704AF26911C2F2034108704AF2F0
:1052A0006811C2F2034108704AF26A11C2F2034166
:1052B00008704AF26C11C2F2034108600FF048F81E
:1052C00080BD00000000000080B58AB00990089100
:1052D0000998002800F0C880FFE74AF26910C2F27E
:1052E0000340007802285AD1FFE74AF26810C2F260
:1052F00003400078002852D1FFE700208DF80B0012
:10530000FFE79DF80B00052848D8FFE740F6FC6052
:10531000C2F200400188CB1D4CF6BA71C0F22E01DA
:10532000A3FB01214FF4AF6201FB12310180012187
:105330008DF8101002218DF81110038849F6747150
:10534000C0F25D01A3FB01214FF42F7201FB12316A
:105350003231ADF81210008800EB40024CF2C1006F
:10536000C0F2C000A2FB00104FF4AA7100FB112094
:105370004630ADF8140000208DF816008DF81700A7
:10538000089906910790099804A9FFF0E9FFFFE743
:105390009DF80B0001308DF80B00B2E7FFE709988C
:1053A00008990022FFF7D8FB4AF26910C2F20340C5
:1053B0000078002857D0FFE74AF26810C2F2034095
:1053C000007800284FD1FFE74AF26910C2F203408B
:1053D000017842F21070012908BF4EF66020039058
:1053E00008984AF26C11C2F203410968401A019010
:1053F00003984FF47A72A0FB02010023FAF011FE29
:105400000146019888422DD3FFE74AF26811C2F2A3
:1054100003410120087041F2CC20C2F20340016830
:1054200000200090A9B9FFE746F25E40C2F20340B7
:1054300001880020642900900BD8FFE749F6286016
:10544000C2F20340018800201D2938BF01200090CE
:10545000FFE7009800F001004AF26A11C2F203412E
:105460000870FFE7FFE7FFE70AB080BD000000001B
:1054700080B58AB0089007918DF81B20079B1868AB
:1054800059689A68DB6805930492039102900FF0C3
:1054900063FC059008989DF81B20002A18BF142271
:1054A00002A900230CF188FD01281ED0FFE743F676
:1054B0009821C2F203410868013008609DF81B0082
:1054C00040B1FFE741F2CC21C2F20341086801304C
:1054D000086007E043F69C21C2F2034108680130EE
:1054E0000860FFE70020099023E04AF2A801C2F219
:1054F000034108680130086008980CF1F5F8019044
:10550000019849F62661C2F203410880019849F6E4
:105510002861C2F203410988884207D9FFE7019850
:1055200049F62861C2F203410880FFE70120099093
:10553000FFE709980AB080BD81B08DF803009DF89F
:10554000030068B1FFE79DF80300032808D8FFE7D0
:105550009DF8030040F22801C2F200410870FFE705
:1055600001B070470000000080B582B08DF80300E4
:105570009DF8030018B9FFE7002001901DE0FFF738
:1055800017FE9DF803004AF26911C2F20341087048
:105590000FF0E2FB4AF26C11C2F2034108604AF2DA
:1055A0006811C2F20341002008704AF26A11C2F287
:1055B0000341087001200190FFE7019802B080BD0F
:1055C00080B586B08DF817000491039200F104FABB
:1055D0000EF08EFE46F26840C2F2034001908178E0
:1055E00000EB8110083002900FF0B6FB44F6D35167
:1055F000C1F26201A0FB01108009029908609DF8C8
:1056000017000299087102980530049A0921FFF0E9
:10561000E7FF02980E30039A3121FFF0E1FF019875
:105620008178013101F03F01817040783F2808D82E
:10563000FFE746F26841C2F2034148780130487002
:10564000FFE746F26841C2F2034148680130486012
:105650000EF07EFE06B080BD10B58EB000200C901E
:1056600047F27440C2F203404C3046F27E52C0F61C
:1056700011024FF4C051FAF04DFD0B900B98002829
:1056800005D4FFE70B98B0F5C05F03D3FFE7002018
:105690000D9062E00B980C9047F27440C2F2034008
:1056A00000798DF82B00FFE79DF82B00002851D0E2
:1056B000FFE79DF82B1047F27440C2F203400390BD
:1056C00000EB811041F60C01084407900798006830
:1056D0000DF12201059100F10BF803990C9801449A
:1056E0004C310691C0F5C05004900798007900F144
:1056F00093F90499059B02460698DDF81CC00CF14D
:10570000050E0CF10E04EC46CCF80840CCF804E091
:10571000CCF8002046F2B652C0F61102FAF0FAFCBC
:105720000B900B98002807D4FFE70B980C99C1F554
:10573000C051884203D3FFE700200D900DE00B9984
:105740000C9808440C90FFE79DF82B0001388DF869
:105750002B00A9E70C980D90FFE70D980EB010BD37
:1057600047F27441C2F2034100200870887070470C
:1057700080B582B047F27440C2F20340007808B9A5
:10578000FFE714E047F27443C2F20343587893F8FA
:1057900002E0DA781979EC46CCF804E0CCF80000A5
:1057A00041F64C0018440C3304F072FDFFE702B0E0
:1057B00080BD00000000000080B582B00190019A19
:1057C00047F27440C2F203400C304021FFF008FF62
:1057D00002B080BD00000000F0B585B08DF8130068
:1057E0000EF086FD46F26840C2F20340407847F270
:1057F0007441C2F20341087100208DF81200FFE7E6
:105800009DF8120046F26841C2F20341497888428D
:105810005ADAFFE746F26840C2F2034081789DF809
:105820001220D2431144403101F03F018DF8111094
:105830009DF8122047F27441C2F2034101EB821637
:1058400041F64C07F11902919DF8112000EB821CE2
:10585000CDF80CC0DCF818E0DCF81C40DCF808508F
:10586000DCF80C00DCF81020DCF81430F5514C6149
:10587000C1F810E0CB608A604860DCF82000DCF8FA
:105880002420DCF82830DCF82CE0DCF83040DCF8B0
:105890003450CD628C62C1F824E00B62CA61886129
:1058A000DCF83800DCF83C20DCF84030DCF844C0A0
:1058B000C1F83CC08B634A630863FFE79DF81200A0
:1058C00001308DF812009BE746F26840C2F20340B7
:1058D000406847F27441C2F20341019188600EF0C2
:1058E00037FD01980079811D44F62510C2F29240DF
:1058F000A1FB0020091A00EB510080088DF8100070
:105900009DF8130020B9FFE79DF8100038B9FFE7B4
:1059100047F27441C2F203410020C87013E047F21D
:105920007440C2F20340C0789DF81010884209DB31
:10593000FFE79DF81000013847F27441C2F20341BD
:10594000C870FFE7FFE705B0F0BD000000000000F1
:1059500080B549F68050C2F20340407C58B1FFE761
:1059600049F68050C2F2034000214174827C01203C
:1059700000F186F9FFE780BD80B586B005900598F7
:1059800038B1FFE749F68050C2F20340006808B919
:10599000FFE77BE0059890F9010049F68051C2F2DB
:1059A000034102910C3100F073F80299ADF8100038
:1059B000059890F902000E3100F06AF8ADF80E007B
:1059C000BDF9100020B9FFE7BDF90E00C0B1FFE737
:1059D000BDF9102049F68051C2F203410191486897
:1059E00010444860BDF90E2088681044886000F1BA
:1059F000FFF8019901204874059800788874FFE742
:105A00000598007849F68051C2F20341097C48406C
:105A10008DF813009DF81300C00758B1FFE7FFF79A
:105A200097FF05980278012090434000002100F183
:105A300027F9FFE79DF81300800700280FD5FFE73F
:105A4000059800788007002809D5FFE7FFF780FF59
:105A5000059802780420002100F112F9FFE705986B
:105A600090F9030050B1FFE7FFF772FF059890F936
:105A700003100278032000F103F9FFE7059800788E
:105A800049F68051C2F203410874FFE706B080BDB9
:105A900080B584B08DF80D000291FFF771F98DF893
:105AA00007009DF80700032809D1FFE702990020AD
:105AB00008809DF90D004000ADF80E0027E09DF82C
:105AC000070001281BD1FFE7029800889DF90D10FF
:105AD0000844ADF80400BDF9040000EBD0704008A4
:105AE000ADF80200BDF80400BDF80210A0EB4100C3
:105AF00002990880BDF80200ADF80E0007E0029997
:105B0000002008809DF90D00ADF80E00FFE7BDF9FB
:105B10000E0004B080BD000080B582B0ADF8060074
:105B2000ADF80410BDF8060049F68051C2F20341F9
:105B30004860BDF80400886000F15AF802B080BDEA
:105B400049F69451C2F203410020087070470000EA
:105B500080B596B049F69451C2F203410120087015
:105B600049F69851C2F203414FF0FF300860684691
:105B7000FCF7FEF99DF80400052805D0FFE79DF825
:105B80000400062804D1FFE70020FDF0D1FDFFE767
:105B900000F002F816B080BD80B598B049F6945078
:105BA000C2F20340007808B9FFE715E002A80190AF
:105BB000FCF7DEF90198029949F69852C2F20342C5
:105BC000116005F0E9F8019949F69C50C2F20340D2
:105BD0005822FAF0F5FAFFE718B080BD0000000087
:105BE00080B596B049F69450C2F20340007808B9E7
:105BF000FFE76BE06846FCF7BBF9009849F698515F
:105C0000C2F203410968884260D0FFE7009849F674
:105C10009851C2F2034108609DF8050049F69C5175
:105C2000C2F20341497988423BD1FFE79DF8060063
:105C300049F69C51C2F203418979884231D1FFE78C
:105C40009DF8070049F69C51C2F20341C979884288
:105C500027D1FFE79DF8080049F69C51C2F20341A5
:105C6000097A88421DD1FFE7039849F69C51C2F298
:105C70000341C968884214D1FFE7049849F69C5152
:105C8000C2F20341096988420BD1FFE76846183028
:105C900049F69C51C2F203411831FAF0EDFA20B1F5
:105CA000FFE7684605F078F807E049F69C51C2F234
:105CB0000341684605F178FDFFE749F69C50C2F2C2
:105CC000034069465822FAF07BFAFFE716B080BD20
:105CD00081B08DF803009DF80300010901EB8101FB
:105CE00000F00F0000EB4100C0B201B070470000AF
:105CF00081B08DF803009DF8030049F69A11C1F6B2
:105D00009911A0FB012101EB8102A0EB420040EAC6
:105D10000110C0B201B0704780B584B00290029803
:105D200000283ED0FFE702980088B0F5FA6F38D31C
:105D3000FFE70298008840F63301884231D8FFE738
:105D40000298807868B3FFE7029880780C2828D8FA
:105D5000FFE70298C07820B3FFE702988178C27805
:105D60000192008800F06CF801460198884218DC26
:105D7000FFE702980079A0B1FFE7029800790728B1
:105D80000FD8FFE70298407917280AD8FFE7029852
:105D900080793B2805D8FFE70298C0793C2804D3D6
:105DA000FFE700208DF80F0003E001208DF80F00C1
:105DB000FFE79DF80F0004B080BD00000000000068
:105DC00080B584B003900398008800F1C1F8029078
:105DD00001208DF80700FFE79DF8070003998978F7
:105DE000884211DAFFE7039800889DF8071000F059
:105DF00027F80146029808440290FFE79DF8070043
:105E000001308DF80700E7E70398C078029908444D
:105E100001380290029840F2A32100FB01F303999C
:105E200048798A79C9794FF4616C00FB0CF000EB7A
:105E3000C310C2EB021200EB8200084404B080BD24
:105E400080B584B0ADF80C008DF80B109DF80B00F8
:105E500002280AD1FFE7BDF80C0000F1B9F920B122
:105E6000FFE71D208DF80F001AE09DF80B0080B1B0
:105E7000FFE79DF80B000C280BD8FFE79DF80B00FF
:105E800045F6E611C0F60101084410F8010C019036
:105E900002E000200190FFE701988DF80F00FFE776
:105EA0009DF80F0004B080BD81B00090009801788B
:105EB000407801EB810100EB4100A0F50470C0B215
:105EC00001B070470000000083B0019000208DF801
:105ED0000300FFE79DF803000B2837D8FFE7019880
:105EE00000789DF8032042F6F431C0F6110151F814
:105EF00022100978884222D1FFE7019840789DF866
:105F0000032042F6F431C0F6110151F8221049780D
:105F1000884214D1FFE7019880789DF8032042F66B
:105F2000F431C0F6110151F822108978884206D167
:105F3000FFE79DF8030001308DF80B000AE0FFE752
:105F40009DF8030001308DF80300C3E701208DF8B0
:105F50000B00FFE79DF80B0003B070470000000046
:105F600080B584B0029000200DF10101072200F0FD
:105F70006BF820B9FFE700208DF80F005DE09DF879
:105F800003008DF800009DF800004006002811D5A0
:105F9000FFE79DF8000000F01F00FFF799FE9DF855
:105FA000002000F10C019206002A48BF08468DF837
:105FB000000008E09DF8000000F03F00FFF788FEB9
:105FC0008DF80000FFE79DF8010000F07F00FFF76B
:105FD0007FFE0299C8719DF8020000F07F00FFF774
:105FE00077FE029988719DF80000029948719DF82A
:105FF000040000F00700FFF76BFE029908719DF89E
:10600000050000F03F00FFF763FE0299C8709DF89D
:10601000060000F01F00FFF75BFE029988709DF8F4
:106020000700FFF755FE00F5FA6002990880029814
:10603000FFF772FE8DF80F00FFE79DF80F0004B028
:1060400080BD00000000000080B584B08DF80E0017
:1060500002918DF8072007F11BFAD02007F1D8F93B
:1060600007F15EFA30B1FFE707F13AFA00208DF848
:106070000F0043E09DF80E0007F1CAF907F150FA4E
:1060800030B1FFE707F12CFA00208DF80F0035E062
:1060900007F1FEF9D12007F1BBF907F141FA30B160
:1060A000FFE707F11DFA00208DF80F0026E0002021
:1060B0008DF80600FFE79DF806009DF8071088425E
:1060C00016DAFFE79DF80600411C9DF80720002026
:1060D000914238BF012007F14FF902999DF806203F
:1060E0008854FFE79DF8060001308DF80600E2E7CE
:1060F00007F1F6F901208DF80F00FFE79DF80F007A
:1061000004B080BD0000000080B582B0019001990C
:106110000F200122FFF798FF02B080BD00000000B1
:1061200080B586B005900491059844F20751CCF2F1
:106130002E21A0FB0120000C03900598A0FB01215B
:10614000090C40F2A3225143A0EBC1100590059920
:106150004BF2C530C9F2A210A1FB0021C90A049A72
:106160005171059AA2FB0010C00A4FF4616100FB57
:1061700011200590059848F68901C8F68801A0FB12
:1061800001204009049A90710598A0FB0112510961
:106190000901A1EB5211A0EB81000499C871049987
:1061A0004FF4FA600880FFE7039802900498008893
:1061B00000F10EF80246029840F26D11002A18BF55
:1061C0004FF4B771884212D3FFE704980088FFF0BC
:1061D000FFFF40F26D11002818BF4FF4B77103980C
:1061E000401A03900499088801300880DCE704997C
:1061F00001208870FFE70398019004990888897846
:10620000FFF71EFE0146019888420ED3FFE704996E
:1062100008888978FFF714FE01460398401A039016
:106220000499887801308870E5E703980130049973
:10623000C87004990120087106B080BD00000000FC
:1062400080B588B0069049F64C60C2F203400078F1
:1062500018B1FFE7069820B9FFE700208DF81F006E
:106260005FE00699086849680591049001208DF85F
:10627000140004A8FFF750FD20B9FFE700208DF8B7
:106280001F004EE004A80290FFF79AFD0146029815
:1062900044F20752CCF22E22A1FB0212052101EB9F
:1062A000124144F62512C2F29242A1FB0232A2EB45
:1062B000C202114401318DF8141000F039F820B9F0
:1062C000FFE700208DF81F002BE00DF10F00FFF716
:1062D0001BFF68B1FFE79DF80F0000F07F008DF80D
:1062E0000F000F200DF10F01012200F059F8FFE718
:1062F00049F64C61C2F2034101910498059AC1F834
:106300000620C1F802000498059AC1F80E20C1F8D1
:106310000A000EF021FD0199486101208DF81F004F
:10632000FFE79DF81F0008B080BD000000000000DE
:1063300080B584B003900398C079FFF7D9FC8DF83D
:10634000050003988079FFF7D3FC8DF806000398C9
:106350004079FFF7CDFC8DF8070003980079FFF72F
:10636000C7FC8DF808000398C078FFF7C1FC8DF8D2
:10637000090003988078FFF7BBFC8DF80A000398AA
:106380000088A0F5FA60C0B2FFF7B2FC8DF80B00F0
:1063900000200DF10501072200F002F804B080BDD5
:1063A00080B584B08DF80E0002918DF8072007F1BA
:1063B0006FF8D02007F12CF807F1B2F830B1FFE701
:1063C00007F18EF800208DF80F0035E09DF80E00E3
:1063D00007F11EF807F1A4F830B1FFE707F180F8E4
:1063E00000208DF80F0027E000208DF80600FFE761
:1063F0009DF806009DF80710884217DAFFE702981B
:106400009DF80610405C07F103F807F189F830B1F8
:10641000FFE707F165F800208DF80F000CE0FFE7BB
:106420009DF8060001308DF80600E1E707F158F805
:1064300001208DF80F00FFE79DF80F0004B080BD2C
:1064400082B00190009101980099401AC043C00F9A
:1064500002B070470000000080B5AEB02D908DF8FE
:10646000B3102B922D99042008709DF8B3002D993C
:1064700081F824002B982D9988619DF9B300FFF0D5
:10648000E3FE024646F20A41C0F601010020FFF792
:1064900097F89DF9B30018B9FFE7FEF729F936E040
:1064A0009DF9B300012803D1FFE7FCF719FF2DE0A8
:1064B0009DF9B300022803D1FFE7FFF749FB24E071
:1064C0009DF9B300032803D1FFE7FFF0C9FA1BE0F1
:1064D0009DF9B300042808D1FFE702A80190FFF05E
:1064E0003BFB019804F028F90DE09DF9B300052865
:1064F00003D1FFE700F020FF04E09DF8B30003F1B3
:106500000FFCFFE7FFE7FFE7FFE7FFE7FFE79DF986
:10651000B300012806D0FFE72D990889498903F1C6
:1065200057F8FFE72EB080BD80B584B0039002918C
:106530000399012008700399FF2081F82400039932
:1065400000200190487145F69B31C0F6110145F6D7
:106550003642C0F61102FFF733F80298007904F1D1
:10656000CFF9019B0398817946F2AE32C0F6010261
:10657000184605F039FB04B080BD000000000000A3
:1065800082B001900198017801200090B1B1FFE73D
:10659000019801780120012900900FD0FFE70198B0
:1065A000017801200329009008D0FFE701980078C6
:1065B0000438B0FA80F040090090FFE7009800F03E
:1065C000010002B07047000080B584B003900291D2
:1065D000019202980078C8B9FFE702994888898833
:1065E00002F0C2FA90B1FFE70399012081F8200080
:1065F00000F08AF845F6D731C0F6110145F6C332EE
:10660000C0F611020020FEF7DBFF46E0029840785A
:10661000022817D0FFE70298007828B1FFE7029818
:10662000007801280ED1FFE702984088039908817D
:10663000029880880399488103990889498902F161
:10664000C7FFFFE70298007838BBFFE70299488848
:10665000898802F039FA8DF803009DF903000028BB
:106660001AD4FFE79DF90300039991F9231088429A
:1066700007D1FFE703989DF90310019AFFF7ECFE9D
:1066800009E09DF80300039981F823009DF90300B8
:1066900003F1AEF8FFE7FFE7FFE704B080BD0000BD
:1066A00081B049F67560C2F20340007818B1FFE787
:1066B0000020009009E040F22000C2F20040007883
:1066C00000EB800040000090FFE7009840F2384166
:1066D000C4F20001086001B0704700000000000033
:1066E00080B582B00DF004FE49F67560C2F2034039
:1066F00000788DF807000DF02BFE9DF8070002B022
:1067000080BD00000000000080B50DF0F1FD49F6ED
:106710007561C2F2034101200870FFF7C1FF0DF05F
:1067200017FE80BD0000000080B582B08DF8070024
:106730009DF8070028B1FFE79DF80700652801D301
:10674000FFE70DE00DF0D4FD9DF8070040F22001B9
:10675000C2F200410870FFF7A3FF0DF0F9FDFFE75B
:1067600002B080BD0000000082B08DF807009DF8E7
:10677000071001201929009016D0FFE79DF8071097
:106780000120322900900FD0FFE79DF8071001206B
:106790004B29009008D0FFE79DF807006438B0FA55
:1067A00080F040090090FFE7009800F0010002B07F
:1067B000704700000000000085B004900391029231
:1067C000049818B1FFE7039808B9FFE728E0002014
:1067D00001900298F8B1FFE7FFE702980199415C48
:1067E0000020009049B1FFE70198411C039A002066
:1067F000914238BF01200090FFE70098C00748B1E0
:10680000FFE70298019A805C04998854019801304E
:106810000190E2E7FFE70499019A00208854FFE71E
:1068200005B070470000000086B0059004910598FF
:1068300003904FF0FF30029000200190FFE7019895
:10684000049988422DD2FFE703980199415C029890
:106850004840029000208DF80300FFE79DF80300F8
:10686000072819D8FFE79DF80800C00748B1FFE7DF
:10687000029948F22030CEF6B85080EA51000290DA
:1068800003E0029840080290FFE7FFE79DF803004D
:1068900001308DF80300E1E7FFE701980130019036
:1068A000CDE70298C04306B070470000000000002A
:1068B00080B584B002904AF2AC00C2F2034060306E
:1068C000019000900198007843281ED1FFE70198BD
:1068D0004078462819D1FFE701988078472814D1DD
:1068E000FFE70198C07831280FD1FFE70198808831
:1068F00003280ED0FFE701988088022809D0FFE71F
:1069000001988088012804D0FFE700208DF80F004F
:10691000B2E001988088012805D0FFE701988088BF
:10692000022859D1FFE70298142810D1FFE70098F8
:10693000C08808280BD1FFE70098806800F13CFA76
:1069400028B1FFE70098007B022804D3FFE700206E
:106950008DF80F0090E001988088012811D1FFE7A1
:106960000098407B40B9FFE70098807B20B9FFE7A3
:106970000098C07B20B1FFE700208DF80F007BE07E
:106980001CE00098407BA0B1FFE70098407B032803
:106990000FD8FFE70098807B58B1FFE70098807B15
:1069A000032806D8FFE70098C07BFFF7DDFE20B97B
:1069B000FFE700208DF80F005EE0FFE70098083049
:1069C0000821FFF731FF00990969401AB0FA80F0F9
:1069D00040098DF80F004FE0029818283AD1FFE7E0
:1069E0000198C0880C2835D1FFE70198806800F134
:1069F000E3F978B3FFE70198007B01282AD8FFE785
:106A00000198407B30B3FFE70198407B032821D8F1
:106A1000FFE70198807BE8B1FFE70198807B0328BE
:106A200018D8FFE70198C07BFFF79EFE90B1FFE703
:106A30000198007C00F150FB60B1FFE70198407CB9
:106A400040B9FFE70198807C20B9FFE70198C07C3E
:106A500020B1FFE700208DF80F000DE0019808300D
:106A60000C21FFF7E1FE01994969401AB0FA80F064
:106A700040098DF80F00FFE79DF80F0004B080BDBE
:106A800080B582B001900DF033FC01994AF2AC035D
:106A9000C2F20343586D9A6DDB6D8B604A600860EB
:106AA0000DF056FC02B080BD80B584B001A8FFF7A0
:106AB000E7FF019804B080BD80B584B001A8FFF75E
:106AC000DFFF9DF8080004B080BD0000000000005A
:106AD00080B58CB00B904AF2AC00C2F20340407813
:106AE00070B1FFE70B9858B1FFE70B98007838B901
:106AF000FFE74AF2AC00C2F20340807808B1FFE73A
:106B0000E4E14AF2AC00C2F20340C07920B1FFE7F1
:106B10000B9800F0DDF9D9E10B994888898802F1DA
:106B200037FF8DF82B0004A8FFF7AAFF04980599FA
:106B3000069A0992089107909DF82B0001280BD125
:106B4000FFE701208DF8210046F63131C0F6110132
:106B500007A800F175F8B9E19DF82B0002280BD1C8
:106B6000FFE702208DF8210046F66511C0F61101FD
:106B700007A800F165F8A8E19DF82B0003280BD1C8
:106B8000FFE703208DF8210046F64111C0F6110100
:106B900007A800F155F897E19DF82B0004280BD1C8
:106BA000FFE701208DF8220046F68B11C0F6110197
:106BB00007A800F145F886E19DF82B0005280BD1C8
:106BC000FFE702208DF8220046F6A911C0F6110158
:106BD00007A800F135F875E19DF82B0006280BD1C8
:106BE000FFE703208DF8220046F62311C0F61101BD
:106BF00007A800F125F864E19DF82B0007280BD1C8
:106C0000FFE719208DF8230046F6CF21C0F61101C9
:106C100007A800F115F853E19DF82B0008280BD1C7
:106C2000FFE732208DF8230046F68F21C0F61101D0
:106C300007A800F105F842E19DF82B0009280BD1C7
:106C4000FFE74B208DF8230046F60F31C0F6110107
:106C500007A8FFF0F5FF31E19DF82B000A280BD1C2
:106C6000FFE764208DF8230046F64E21C0F611019F
:106C700007A8FFF0E5FF20E19DF82B000B280BD1C2
:106C8000FFE700208DF8240046F60A11C0F6110136
:106C900007A8FFF0D5FF0FE19DF82B000C280BD1C2
:106CA000FFE719208DF8240046F6B121C0F6110146
:106CB00007A8FFF0C5FFFEE09DF82B000D280BD1C3
:106CC000FFE732208DF8240046F67121C0F611014D
:106CD00007A8FFF0B5FFEDE09DF82B000E280BD1C3
:106CE000FFE74B208DF8240046F6F121C0F6110194
:106CF00007A8FFF0A5FFDCE09DF82B000F280BD1C3
:106D0000FFE764208DF8240046F62F21C0F611011C
:106D100007A8FFF095FFCBE09DF82B0010280AD1C3
:106D2000FFE70020079046F6C801C0F6110107A84A
:106D3000FFF086FFBBE09DF82B0011280AD1FFE78A
:106D40001E20079046F6EB11C0F6110107A8FFF0D0
:106D500077FFABE09DF82B0012280AD1FFE73C201B
:106D6000079046F60D21C0F6110107A8FFF068FF55
:106D70009BE09DF82B0013280AD1FFE778200790AD
:106D800046F6C811C0F6110107A8FFF059FF8BE0C5
:106D90009DF82B0014280BD1FFE701208DF820006F
:106DA00046F68301C0F6110107A8FFF049FF7AE01B
:106DB0009DF82B0015280BD1FFE700208DF820004F
:106DC00046F6A501C0F6110107A8FFF039FF69E0FA
:106DD0009DF82B00162827D1FFE74AF2AC00C2F23B
:106DE00003404C30FFF0E0F848B1FFE74AF2AC0155
:106DF000C2F203410120C871FFF086FF13E046F69E
:106E00000F00C0F61100FFF0C7FF45F67521C0F670
:106E1000110146F2FA72C0F611020220FEF7D0FB11
:106E2000FFF072FFFFE73CE09DF82B00172827D109
:106E3000FFE701A8FFF020FF01980299039A099249
:106E40000891079007A800F067FB4AF2AC01C2F274
:106E5000034101200090C87046F6EC00C0F6110016
:106E6000FFF09AFF009846F2E941C0F6010146F2B0
:106E70008A72C0F61102FEF7A3FB00F0BDFA0FE024
:106E80009DF82B0018280AD1FFE74AF2AC00C2F2A5
:106E90000340C07818B1FFE700F0AEFAFFE7FFE764
:106EA000FFE7FFE7FFE7FFE7FFE7FFE7FFE7FFE7B2
:106EB000FFE7FFE7FFE7FFE7FFE7FFE7FFE7FFE7A2
:106EC000FFE7FFE7FFE7FFE7FFE7FFE70CB080BD65
:106ED00080B592B0119011994888898804F03CFCE3
:106EE0008DF843009DF843000D280FD1FFE74AF2CB
:106EF000AC01C2F203410020C87146F27470C0F6C2
:106F00001100FFF049FFFFF0FFFE11E29DF8430082
:106F10000E2837D1FFE74AF2AC00C2F203404C30F2
:106F2000FFF78EF9C8B1FFE74AF2AC01C2F20341A4
:106F300000200F90C87146F29C70C0F61100FFF05F
:106F40002BFF0F9845F67521C0F6110146F2A3728A
:106F5000C0F61102FEF734FB11E046F22E70C0F6C7
:106F60001100FFF019FF45F67521C0F6110146F238
:106F70003572C0F611020220FEF722FBFFE7FFF098
:106F8000C3FED5E19DF84300012822D1FFE74AF274
:106F9000AC00C2F20340B0F84C00B0F5FA6F0AD969
:106FA000FFE74AF2AC00C2F20340B0F84C000138EF
:106FB00080B20E9003E040F633000E90FFE70E988B
:106FC0004AF2AC01C2F20341A1F84C0000F0C0F952
:106FD000ABE19DF84300022823D1FFE74AF2AC0061
:106FE000C2F20340B0F84C0040F6320188420AD8A1
:106FF000FFE74AF2AC00C2F20340B0F84C000130A7
:1070000080B20D9003E04FF4FA600D90FFE70D9809
:107010004AF2AC01C2F20341A1F84C0000F098F929
:1070200082E19DF84300032820D1FFE74AF2AC003B
:10703000C2F2034090F84E0002280AD3FFE74AF25A
:10704000AC00C2F2034090F84E000138C0B20C9080
:1070500002E00C200C90FFE70C984AF2AC01C2F25F
:10706000034181F84E0000F073F95CE19DF84300A4
:10707000042820D1FFE74AF2AC00C2F2034090F8A6
:107080004E000B280AD8FFE74AF2AC00C2F20340D8
:1070900090F84E000130C0B20B9002E001200B903E
:1070A000FFE70B984AF2AC01C2F2034181F84E00AF
:1070B00000F04EF936E19DF8430005282AD1FFE79C
:1070C0004AF2AC01C2F203410A91B1F84C0091F8C6
:1070D0004E1000F061F901460A988DF8421090F8C0
:1070E0004F0002280AD3FFE74AF2AC00C2F2034085
:1070F00090F84F000138C0B2099003E09DF84200BB
:107100000990FFE709984AF2AC01C2F2034181F805
:107110004F0006E19DF8430006282BD1FFE74AF215
:10712000AC01C2F203410891B1F84C0091F84E1045
:1071300000F032F9014608988DF8421090F84F009F
:107140009DF8421088420ADAFFE74AF2AC00C2F228
:10715000034090F84F000130C0B2079002E00120D8
:107160000790FFE707984AF2AC01C2F2034181F8A9
:107170004F00D5E09DF8430007281DD1FFE74AF2F4
:10718000AC00C2F2034090F8510050B1FFE74AF260
:10719000AC00C2F2034090F851000138C0B2069032
:1071A00002E017200690FFE706984AF2AC01C2F20F
:1071B000034181F85100B2E09DF8430008281ED138
:1071C000FFE74AF2AC00C2F2034090F851001628E3
:1071D0000AD8FFE74AF2AC00C2F2034090F851002F
:1071E0000130C0B2059002E000200590FFE705984D
:1071F0004AF2AC01C2F2034181F851008EE09DF8E1
:10720000430009281DD1FFE74AF2AC00C2F2034057
:1072100090F8520050B1FFE74AF2AC00C2F20340CE
:1072200090F852000138C0B2049002E03B20049074
:10723000FFE704984AF2AC01C2F2034181F8520020
:107240006BE09DF843000A281ED1FFE74AF2AC002C
:10725000C2F2034090F852003A280AD8FFE74AF2F7
:10726000AC00C2F2034090F852000130C0B203906B
:1072700002E000200390FFE703984AF2AC01C2F25B
:10728000034181F8520047E09DF843000B281DD1CF
:10729000FFE74AF2AC00C2F2034090F8530050B14D
:1072A000FFE74AF2AC00C2F2034090F85300013805
:1072B000C0B2029002E03B200290FFE702984AF23F
:1072C000AC01C2F2034181F8530024E09DF8430071
:1072D0000C281ED1FFE74AF2AC00C2F2034090F83E
:1072E00053003A280AD8FFE74AF2AC00C2F2034042
:1072F00090F853000130C0B2019002E000200190EC
:10730000FFE701984AF2AC01C2F2034181F8530051
:1073100000E00DE0FFE7FFE7FFE7FFE7FFE7FFE73C
:10732000FFE7FFE7FFE7FFE7FFE7FFF0EDFCFFE721
:1073300012B080BD0000000080B5FFF0BDFC4AF235
:10734000AC01C2F2034101204870FFF0DDFC80BDBA
:1073500080B582B04AF2AC01C2F203410091B1F8AB
:107360004C0091F84E1000F017F8014600988DF887
:10737000071090F84F009DF80710884209DDFFE7DD
:107380009DF807004AF2AC01C2F2034181F84F00B8
:10739000FFE702B080BD000082B0ADF804008DF8B8
:1073A00003109DF8030028B1FFE79DF803000D28A6
:1073B00004D3FFE71F208DF8070019E09DF80300B4
:1073C000022809D1FFE79DF80400800720B9FFE7F4
:1073D0001D208DF807000BE09DF8030045F6F21123
:1073E000C0F60101084410F8010C8DF80700FFE712
:1073F0009DF8070002B0704780B5D8B04AF2AC00E3
:10740000C2F20340807838B1FFE74AF2AC01C2F221
:107410000341012008717AE005A8FFF731FB0598C8
:107420000699079A0A92099108904AF2AC00C2F2B2
:1074300003404322014601F8602F0391462180F862
:107440006110472180F86210312180F86310032118
:10745000A0F864100C21A0F86610DDF820C0099A8D
:107460000A9B40F868CF029083604260FFF7DCF926
:107470000299C8600BA804904FF49A71F8F0D2FEFC
:10748000049809218DF83010053046F6B632C0F662
:1074900011020D21FFF790F90399049854911821D6
:1074A000559100F1E1FD012820D0FFE74AF2AC013F
:1074B000C2F2034100910120019008710DF04CFCD3
:1074C0000099886046F6FF30C0F61100FFF064FCBA
:1074D000019846F2E941C0F6010146F6D332C0F602
:1074E0001102FEF76DF8FFF00FFC10E04AF2AC015C
:1074F000C2F20341012088700020087146F6AF30C7
:10750000C0F61100FFF048FCFFF0FEFBFFE758B0AB
:1075100080BD00000000000080B582B001900CF03A
:10752000E7FE019908684A688B684AF2AC01C2F22A
:107530000341CB658A6548650CF00AFF0198FFF0AE
:1075400067FB02B080BD000080B58AB08DF82300D3
:10755000FFF0B2FB9DF82300FFF0BEFD18B9FFE776
:10756000002009903BE002A8FFF78AFA02980399ED
:10757000049A0792069105909DF81C009DF823102F
:10758000884203D1FFE70120099028E09DF82300FD
:107590008DF81C0005A8FFF7BFFF4AF2AC01C2F24C
:1075A000034101910120C87046F63F00C0F611006A
:1075B000FFF0F2FB0198807858B1FFE79DF82300B7
:1075C0004AF2AC01C2F2034188710120487108718E
:1075D00002E0FFF711FFFFE701200990FFE709989C
:1075E0000AB080BD0000000080B5D0B002A80190B4
:1075F0004FF49A71F8F016FE019808218DF80C10DE
:10760000053046F6B632C0F611020D21FFF7D4F868
:1076100001984AF2AC01C2F2034160314B9118214A
:107620004D9100F121FD012814D0FFE746F6E3302B
:10763000C0F61100FFF0B0FB46F2E941C0F60101CF
:1076400046F6C332C0F611020120FDF7B9FF002053
:107650004F900FE04AF2AC01C2F2034101200090CA
:10766000887046F69A30C0F61100FFF095FB00983E
:107670004F90FFE74F9850B080BD00000000000021
:1076800080B541F20810C2F20240007868B1FFE70D
:1076900040F6E060C2F2024004F156FF41F20811E8
:1076A000C2F2024100200870FFE740F60471C2F206
:1076B00000410020086040F61071C2F200410860ED
:1076C00040F60C71C2F20041086040F60071C2F24F
:1076D0000041088080BD000080B598B017901691D9
:1076E0001798053000F0B0FC30B1FFE7179805306F
:1076F00000F05EFC20B9FFE7169904204871B2E162
:10770000FFF7BEFF1798411D0DF11A000590FFF01D
:107710009BFF059940F6E060C2F20240012205F1AC
:10772000D7F88DF82B009DF82B0058B1FFE79DF896
:107730002B00169988719DF82B00FFF09DFF16997C
:10774000487190E141F20811C2F202410120087033
:1077500040F6E060C2F20240C1680D9100210B9139
:1077600012A90C220BAB06F0A3F98DF82B009DF8A3
:107770002B00A0B9FFE70B980C2810D1FFE7129857
:1077800044F65211C4F24661884208D1FFE71498CA
:1077900044F25711C4F2565188420FD0FFE79DF8CA
:1077A0002B0018B9FFE70920049003E09DF82B0097
:1077B0000490FFE704988DF82B0047E100208DF836
:1077C00047008DF84600ADF84400ADF84200FFE7F1
:1077D00040F6E060C2F2024041690D9A00209142F9
:1077E00003900DD8FFE70D9840F6E061C2F2024128
:1077F0004969411A0020072988BF01200390FFE74B
:107800000398C007002800F0DE80FFE740F6E06044
:10781000C2F2024012A908220BAB06F049F98DF81A
:107820002B009DF82B0020B9FFE70B98082801D00A
:10783000FFE7C8E012A8043000F0AEFD0F9040F65C
:10784000E060C2F2024040690E900E980D998842A5
:1078500007D8FFE70F980D990E9A891A884204D924
:10786000FFE709208DF82B00ADE00E980F99084432
:107870000C909DF83C00C00768B1FFE70C980D998B
:10788000884204D3FFE709208DF82B009BE00C9879
:1078900001300C90FFE7129846F66651C2F274016F
:1078A00088423ED1FFE70F9810283AD3FFE740F611
:1078B000E060C2F2024012A910220BAB06F0F8F809
:1078C0008DF82B009DF82B0020B9FFE70B981028AE
:1078D00001D0FFE777E012A8029000F15DF80146C1
:1078E0000298ADF84410023000F156F801460298B3
:1078F000169A1172043000F04FFD01460298169A54
:10790000D1600C3000F148F801460298ADF8421001
:107910000E3000F141F81699487201208DF84700A9
:1079200042E0129846F26411C6F2741188423AD1CC
:10793000FFE79DF84700B0B3FFE7BDF8420020B96C
:10794000FFE709208DF82B003DE00F98BDF84210AD
:10795000B0FBF1F048430F900F9820B9FFE70920E2
:107960008DF82B002FE00F98169908610E9840F6BD
:107970001071C2F2004108600F9840F60C71C2F21B
:1079800000410860BDF8420040F60071C2F20041BB
:1079900008800F9840F60471C2F20041086001208F
:1079A0008DF846000FE0FFE70C9940F6E060C2F268
:1079B000024004F101FE8DF82B009DF82B0008B168
:1079C000FFE700E004E79DF82B0050BBFFE79DF8C0
:1079D000470030B3FFE79DF8460010B3FFE7BDF85E
:1079E000440001281DD1FFE71698007A012805D030
:1079F000FFE71698007A022813D1FFE71698407A1D
:107A000010280ED1FFE7BDF842001699097AB0EBB5
:107A1000410F06D1FFE71698C068FFF089FB78B9DF
:107A2000FFE79DF82B0018B9FFE70920019003E05C
:107A30009DF82B000190FFE701988DF82B0005E0E1
:107A4000169900208871169948710CE0FFF718FE0E
:107A50009DF82B00169988719DF82B00FFF00CFE05
:107A600016994871FFE718B080BD000000000000C3
:107A700080B584B00390029141F20810C2F2024036
:107A8000007870B1FFE740F60070C2F20040008855
:107A900038B1FFE740F60C70C2F20040006820B930
:107AA000FFE702990120487159E00398D0F83001AE
:107AB0000190019840F60C71C2F2004109688842B9
:107AC00007D9FFE740F60C70C2F200400068019051
:107AD000FFE7019840F60071C2F200410988B0FB4F
:107AE000F1F04843019040F61070C2F20040006887
:107AF0000199014440F6E060C2F2024004F15CFDED
:107B00008DF803009DF80300D8B9FFE740F60C712B
:107B1000C2F200410868019A801A40F60472C2F26B
:107B2000004210600198029A90610868029A106100
:107B300001980968401AB0FA80F0400902998872E9
:107B400002E0FFF79DFDFFE79DF8030002998871B1
:107B50009DF80300FFF090FD02994871FFE704B023
:107B600080BD00000000000085B0049003910292E7
:107B7000049818B1FFE7039808B9FFE728E0002050
:107B800001900298F8B1FFE7FFE702980199415C84
:107B90000020009049B1FFE70198411C039A0020A2
:107BA000914238BF01200090FFE70098C00748B11C
:107BB000FFE70298019A805C04998854019801308B
:107BC0000190E2E7FFE70499019A00208854FFE75B
:107BD00005B070470000000080B594B013900020FD
:107BE0008DF8060046F64701C0F6010108A805F029
:107BF000F3FE8DF807009DF80700B8BBFFE7FFE72D
:107C000008A802A906F08CF88DF807009DF8070077
:107C100020B9FFE79DF8110008B9FFE722E09DF8C1
:107C20001000C00600281CD4FFE702A8093000F0AD
:107C300047F9B0B1FFE79DF80600072811D8FFE724
:107C4000139A9DF806000D2110FB01200D3002AAA9
:107C50000932FFF789FF9DF8060001308DF8060014
:107C6000FFE7CDE708A804F18FFCFFE79DF80700C8
:107C7000139988719DF80700FFF0FEFC1399487175
:107C80009DF806001399087314B080BD0000000031
:107C900080B582B001900198A0B3FFE749F640603B
:107CA000C2F2034000680199086049F63C60C2F2E4
:107CB000034000680199486049F64460C2F20340FD
:107CC00000680199886044F20840C2F203400068ED
:107CD0000199C86049F63860C2F20340006850B1AB
:107CE000FFE749F63860C2F20340006809F1FCFC86
:107CF00080B2009002E000200090FFE70098019918
:107D00000882FFE702B080BD80B586B008204FF43E
:107D10009A71002203920AF1FFF8039A49F638613A
:107D2000C2F2034104910860022001904FF4B46153
:107D30000AF1F2F8039A0146019849F64863C2F243
:107D400003431960782102910AF1E6F80299039A37
:107D50000346019841F23C2CC2F2034CCCF80030AF
:107D60000AF1DAF80299039A0346019847F2704C37
:107D7000C2F2034CCCF800300AF1CEF8039A014667
:107D800001984AF22413C2F20343196084210AF1D4
:107D9000C3F80299039A41F26013C2F203431860D8
:107DA00001200AF1B9F80146049843F6B042C2F244
:107DB00003421160006850B3FFE749F64860C2F221
:107DC0000340006818B3FFE741F23C20C2F20340D1
:107DD0000068E0B1FFE747F27040C2F2034000687C
:107DE000A8B1FFE74AF22410C2F20340006870B164
:107DF000FFE741F26010C2F20340006838B1FFE7CC
:107E000043F6B040C2F20340006818B9FFE7002013
:107E100005904FE049F63860C2F20340006846F62C
:107E2000BE11C0F6010109F1DBFD49F64860C2F25E
:107E30000340006846F63D11C0F6010109F1D0FD8E
:107E400041F23C20C2F20340006846F6A711C0F69A
:107E5000010109F1C5FD47F27040C2F2034000681C
:107E600046F64E11C0F6010109F1BAFD4AF224109E
:107E7000C2F20340006846F67811C0F6010109F12C
:107E8000AFFD41F26010C2F20340006846F6621195
:107E9000C0F6010109F1A4FD43F6B040C2F203406F
:107EA000006846F69111C0F6010109F199FD012023
:107EB0000590FFE7059806B080BD000000000000B7
:107EC00080B586B00490049820B9FFE700208DF8B3
:107ED000170069E004982E21F8F7D0FA0390039870
:107EE00030B1FFE70398F8F7D4FA042804D0FFE78D
:107EF00000208DF8170057E0039840788DF80B00AC
:107F0000039880788DF80A000398C0788DF80900EE
:107F10009DF80B0061280BDBFFE79DF80B007A282A
:107F200006DCFFE79DF80B0020388DF80B00FFE71B
:107F30009DF80A0061280BDBFFE79DF80A007A280C
:107F400006DCFFE79DF80A0020388DF80A00FFE7FD
:107F50009DF8090061280BDBFFE79DF809007A28EE
:107F600006DCFFE79DF8090020388DF80900FFE7DF
:107F70009DF80B100020442901900FD1FFE79DF8D8
:107F80000A1000205229019008D1FFE79DF809004E
:107F90005738B0FA80F040090190FFE7019800F0EF
:107FA00001008DF81700FFE79DF8170006B080BDAF
:107FB00080B586B0049004982E21F8F75FFA0390FC
:107FC000039830B1FFE70398F8F763FA042804D068
:107FD000FFE700208DF817002FE00398407857281E
:107FE00007D0FFE7039841780020772902901ED13F
:107FF000FFE703988078412807D0FFE7039881784E
:1080000000206129029012D1FFE70398C178012076
:108010005629019008D0FFE70398C0787638B0FA67
:1080200080F040090190FFE701980290FFE7029875
:1080300000F001008DF81700FFE79DF8170006B06B
:1080400080BD00000000000085B00390039820B1BF
:10805000FFE70398007820B9FFE700208DF81300B0
:1080600077E0039800787E2804D1FFE700208DF8A0
:1080700013006EE000200190FFE703980199415C36
:108080000020009039B1FFE7019900200D2938BF89
:1080900001200090FFE70098C00720B1FFE701989A
:1080A00001300190E9E7019820B1FFE701980D2820
:1080B00004D3FFE700208DF813004AE0002002906F
:1080C000FFE70298019988423FD2FFE7039802999F
:1080D000405C2F2830D0FFE703980299405C5C2871
:1080E0002AD0FFE703980299405C3A2824D0FFE7A2
:1080F00003980299405C2A281ED0FFE70398029952
:10810000405C3F2818D0FFE703980299405C222882
:1081100012D0FFE703980299405C3C280CD0FFE79F
:1081200003980299405C3E2806D0FFE70398029925
:10813000405C7C2804D1FFE700208DF8130008E0A4
:10814000FFE7029801300290BBE701208DF8130091
:10815000FFE79DF8130005B0704700000000000025
:1081600080B584B00390029102984FF4B461F8F0A6
:1081700059F80398006802990860039800790299F9
:1081800008714AF26010C2F203400078012811D051
:10819000FFE7FFF0CDFA8DF807009DF8070040B12A
:1081A000FFE79DF807000299887102990120487144
:1081B00033E0FFE70398007901460091102828D8A2
:1081C0000099DFE801F0090D12171C262626262645
:1081D00026262626262621000298FFF0C5F91CE057
:1081E00003980299FFF084F817E00398029900F0D1
:1081F0007FF812E003980299FFF0A2FF0DE00398C8
:108200000299FFF0F5F808E003980299FFF064FD89
:1082100003E0029905204871FFE704B080BD00002B
:1082200080B584B00390029102988421F7F0FAFFA0
:108230000398006802990860039800790299087110
:108240004AF26010C2F203400078012811D0FFE723
:10825000FFF06EFA8DF807009DF8070040B1FFE7C8
:108260009DF80700029988710299012048713AE04F
:10827000FFE7039800790A2804D1FFE70298FEF08F
:10828000E3FF30E0039800790B2805D1FFE703985E
:108290000299FFF721FA25E0039800790C2805D10F
:1082A000FFE703980299FEF06BFF1AE0039800794C
:1082B0000D2805D1FFE703980299FFF7D9FB0FE0DE
:1082C000039800790E2806D1FFE7FFF7D9F9029944
:1082D0000020487103E0029905204871FFE7FFE79D
:1082E000FFE7FFE7FFE704B080BD000000000000EB
:1082F00080B5ADF5167D9590949195980530FFF772
:10830000A3FE20B9FFE794990420487140E09598B6
:10831000411D0DF10F000290FFF096F902990AA895
:10832000012204F1D5FA8DF82700002008909DF86D
:10833000270098B9FFE70D989499C860949800F1C8
:108340001D010AA80190FF2208AB05F0B1FB014610
:1083500001988DF8271004F1F7F8FFE79DF8270042
:10836000949988719DF82700FFF086F994994871D7
:1083700008989499088194980899014400204877B6
:108380009498103095994A1D0D21FFF7EDFBFFE7FA
:108390000DF5167D80BD000081B00090009800684A
:1083A00001B070470000000080B582B000900098D6
:1083B00038B1FFE741F23C20C2F20340006818B92F
:1083C000FFE7002001900AE041F23C20C2F20340A6
:1083D0000068009900220CF043FA0190FFE7019831
:1083E00002B080BD0000000080B582B0009000980F
:1083F00038B1FFE743F6B040C2F20340006818B955
:10840000FFE7002001900AE043F6B040C2F20340CB
:108410000068009900220CF023FA0190FFE7019810
:1084200002B080BD0000000080B582B000900098CE
:1084300038B1FFE74AF22410C2F20340006818B9CD
:10844000FFE7002001900AE04AF22410C2F2034044
:108450000068009900220CF003FA0190FFE70198F0
:1084600002B080BD0000000080B58CB00A90099178
:1084700008920A9802A905F07BFD8DF807009DF887
:10848000070020B9FFE700208DF82F0034E09DF8A9
:10849000070004280AD0FFE79DF80700052805D04B
:1084A000FFE79DF807008DF82F0025E0089802A946
:1084B00005F05EFD8DF807009DF8070038B9FFE76D
:1084C00008980A9905F074FC8DF82F0014E00998BB
:1084D00002A905F04DFD8DF807009DF8070038B999
:1084E000FFE709980A9905F063FC8DF82F0003E077
:1084F00004208DF82F00FFE79DF82F000CB080BD01
:1085000080B5ADF51E7D46F62711C0F6010114A811
:10851000012204F1DDF98DF84F009DF84F00A8BB52
:10852000FFE702A800904021F8F71FF8009914A86F
:1085300001903F2212AB05F0BBFA014601988DF87D
:108540004F1004F101F89DF84F00A8B9FFE7129809
:108550000D2811D3FFE742F62441C0F6110102A80D
:108560000D22F7F001FE38B9FFE746F2C570C0F6FC
:108570000100F7F761FF08E09DF84F1046F24870E0
:10858000C0F60100F7F758FFFFE708E09DF84F102D
:1085900046F2A770C0F60100F7F74EFFFFE746F678
:1085A0001711C0F6010114A80A2204F191F98DF8FF
:1085B0004F009DF84F00E8B9FFE742F63241C0F6A0
:1085C000110114A8132212AB05F012FE8DF84F0012
:1085D0009DF84F0050B9FFE71298132806D1FFE726
:1085E00014A805F0F9FC8DF84F00FFE714A803F17B
:1085F000ABFFFFE79DF84F0058B9FFE7129813282B
:1086000007D1FFE746F60600C0F60100F7F714FFB2
:1086100008E09DF84F1046F28570C0F60100F7F7AC
:108620000BFFFFE70DF51E7D80BD00000000000080
:1086300080B584B0FFF768FB012804D0FFE7042071
:1086400005F042FFFFE7F9F78BFD012804D0FFE7B3
:10865000042005F039FFFFE720201021002209F156
:108660005BFC01464AF27C10C2F2034001600068E4
:1086700020B9FFE7042005F027FFFFE74AF27C104E
:10868000C2F203400390006845F66221C0F6110172
:1086900009F1A6F90399086844F22443C2F203439E
:1086A00018604AF27810C2F2034002781A710A6820
:1086B00049F66461C2F203410A600078087140F231
:1086C0002400C2F200400068886044F22C40C2F2EC
:1086D0000340694648600420086040F6D130C0F687
:1086E000000045F65821C0F611014FF400720CF05D
:1086F000ABF9012804D0FFE7042005F0E5FEFFE711
:1087000049F67060C2F20340694648600320086081
:1087100040F68160C0F6000045F63A21C0F611012E
:1087200049F66463C2F203434FF480620CF08CF9A3
:10873000012804D0FFE7042005F0C6FEFFE74AF257
:108740007C10C2F20340006849F6C843C2F20343FA
:10875000186044F22C40C2F203400068586049F6A9
:108760007060C2F203400068986049F67C50C2F223
:108770000340694648600120086041F24910C0F694
:10878000100045F64C21C0F611014FF400720CF0B8
:108790005BF9012804D0FFE7042005F095FEFFE710
:1087A0004AF26410C2F2034069464860042008603F
:1087B00041F24950C0F6100045F62321C0F61101E0
:1087C0004FF4806200230CF03FF9012804D0FFE74A
:1087D000042005F079FEFFE741F26810C2F2034081
:1087E000694648600520086040F65950C0F6100000
:1087F00045F64221C0F611014FF4806200230CF0CF
:1088000023F9012804D0FFE7042005F05DFEFFE70F
:1088100044F22C40C2F20340006844F20C43C2F21E
:108820000343186049F67060C2F203400068586064
:1088300049F67C50C2F20340006818614AF26410A5
:10884000C2F203400068986041F26810C2F203402F
:108850000068D86044F22040C2F203406946486094
:108860000620086040F69960C0F6100045F62F21FA
:10887000C0F611014FF400720CF0E6F8012804D0A4
:10888000FFE7042005F020FEFFE704B080BD0000F4
:1088900082B0ADF80600ADF80410BDF80610002057
:1088A0000C29009016D3FFE7BDF8061000206C29B4
:1088B00000900FD8FFE7BDF80410002008290090B1
:1088C00008D3FFE7BDF804100020282938BF012095
:1088D0000090FFE7009800F0010002B07047000030
:1088E00080B584B0ADF80E00ADF80C1040F2290050
:1088F000C2F20040017801EB41014900ADF80610D9
:108900000078C000ADF80400BDF80E00BDF80610F8
:10891000C1F54871884207D9FFE7BDF80600C0F5E8
:108920004870ADF80E00FFE7BDF80C00BDF804106C
:10893000C1F5F071884207D9FFE7BDF80400C0F522
:10894000F070ADF80C00FFE7BDF80E0041F6921193
:10895000C2F203410880BDF80C0041F69411C2F246
:10896000034108800020ADF80A00FFE7BDF80A00C7
:10897000BDF80410884235DAFFE70020ADF80800A2
:10898000FFE7BDF80800BDF80610884223DAFFE7CC
:10899000BDF80E00BDF808100844BDF80C10BDF875
:1089A0000A20114480B289B205F1E2FDBDF80A1037
:1089B00001EBC102BDF8081001EB420241F2D021E7
:1089C000C2F2034141F82200FFE7BDF80800013080
:1089D000ADF80800D5E7FFE7BDF80A000130ADF8B3
:1089E0000A00C3E70020ADF80A00FFE7BDF80A005F
:1089F000BDF8041088425CDAFFE70020ADF80800FB
:108A0000FFE7BDF80800BDF8061088424ADAFFE724
:108A1000BDF80A0040F22901C2F200410A78B0FB19
:108A2000F2F0C0EBC00145F27570C0F611000844C9
:108A3000BDF80810B1FBF2F1405C8DF803009DF821
:108A40000300232810D1FFE7BDF80E00BDF8081081
:108A50000844BDF80C10BDF80A20114480B289B258
:108A6000002206F0EDFD16E09DF803002B2811D141
:108A7000FFE7BDF80E00BDF808100844BDF80C1063
:108A8000BDF80A20114480B289B24FF6FF7206F099
:108A9000D7FDFFE7FFE7FFE7BDF808000130ADF8BD
:108AA0000800AEE7FFE7BDF80A000130ADF80A00A4
:108AB0009CE741F69011C2F203410120087004B016
:108AC00080BD00000000000083B0ADF80800ADF8E4
:108AD000061000208DF80500FFE79DF80500052829
:108AE00037D8FFE79DF8050000EB400145F2B07074
:108AF000C0F6110000EB81000090BDF8080000995D
:108B0000098888421EDBFFE7BDF80800009A11883B
:108B100092881144884215DAFFE7BDF806000099F3
:108B2000498888420EDBFFE7BDF80600009A5188AD
:108B3000D2881144884205DAFFE79DF805008DF8D8
:108B40000B000AE0FFE79DF8050001308DF80500F5
:108B5000C3E7FF208DF80B00FFE79DF90B0003B082
:108B6000704700000000000082B0ADF80600ADF8CC
:108B70000410BDF8061000201229009018D3FFE75A
:108B8000BDF806100020A229009011D8FFE7BDF81B
:108B900004100020B1F5997F009009D3FFE7BDF8DC
:108BA00004100020B1F5AF7F98BF01200090FFE7CF
:108BB000009800F0010002B07047000000000000C3
:108BC00080B590B00F9041F69011C2F203410020A1
:108BD000069008704DF6FB6006F05AFC06996A464E
:108BE00041F2A2000390106040F21F3204922F2342
:108BF000084609F01DF80399049A06986B46196017
:108C00004FF4E07140F2DF1309F012F8694640F2C8
:108C1000FF4008600C200B90082107916C22059200
:108C20002723099309F004F8059A0799099B0B98E3
:108C3000EE464FF6FF7CCDF830C0CEF800C004F110
:108C4000BBFE06980B996A46506046F6E330C0F6C4
:108C500001001060612210230E93084600F0E8FF27
:108C60000B990C9B0F9A684683604260182303603F
:108C70008E204FF4FA720D9202F0DAFB0799099BED
:108C80006A4644F6692010604FF42A700A904FF447
:108C90004572089208F0CCFF0799089A099B0A9838
:108CA000DDF830C0EE46CEF800C004F185FE0A982B
:108CB0000B990C9A0E9BEC46CCF8042046F2FE323F
:108CC000C0F60102CCF800206D2200F0B1FF0C9933
:108CD0000D9A0E9B6846816046F2FC61C0F6010168
:108CE000416003604FF4E471184602F0A1FB10B03C
:108CF00080BD00000000000080B588B084460A985E
:108D0000ADF81EC0ADF81C10ADF81A2005938DF813
:108D100013009DF8131041F6E300002918BF44F634
:108D20006920ADF810009DF8131049F6F340029049
:108D3000002918BF4FF6FF70ADF80E00BDF81E00F9
:108D4000BDF81C10BDF81A200244013A01F12903B4
:108D5000BDF810C0EE46CEF800C092B29BB208F04B
:108D600067FFDDF808C0BDF81E00BDF81C10BDF897
:108D70001A200244013A01F129039DF813E0BEF1E3
:108D8000000F18BF4FF6FF7CEE46CEF800C092B23F
:108D90009BB204F111FEBDF81E00BDF81C100D3190
:108DA000BDF81A20059BBDF80EE0EC46CCF804E0B7
:108DB000CCF8003089B2102300F03AFF08B080BD33
:108DC00080B586B08DF817008DF816109DF8160046
:108DD000C0EBC0014FF49B7000EB0110ADF8140024
:108DE0009DF8170000EB4011A02000EB4100ADF80A
:108DF0001200BDF81400BDF8121000F1630201F179
:108E00003703EE4644F6692CCEF800C092B29BB20E
:108E100008F00EFFBDF81400BDF8121000F1630257
:108E200001F13703EE464FF6FF7CCDF80CC0CEF8CB
:108E300000C092B29BB204F1BFFDDDF80CC0BDF8DA
:108E40001400BDF8121010319DF8172002EB4203F8
:108E500045F2F872C0F6110202EB83029DF816305B
:108E600052F823206B46C3F804C01A6089B264220A
:108E7000182300F0DDFE06B080BD000000000000F9
:108E800080B592B08DF847009DF84700012809D0C1
:108E9000FFE79DF84700022804D0FFE700208DF887
:108EA0004700FFE79DF8472045F69361C0F60101B2
:108EB00045F67260C0F60100022A08BF084610900D
:108EC0009DF8472046F23F71C0F6010146F2BD50C1
:108ED000C0F60100012A08BF08460F909DF8472000
:108EE00046F29901C0F6010146F23600C0F60100D3
:108EF000022A08BF08460E9041F69010C2F20340C5
:108F000000788DF8310041F69210C2F203400088DB
:108F1000ADF82E0041F69410C2F203400088ADF87F
:108F20002C00FFF0C1FB694641F6E3000860102009
:108F30000690CE2107914FF4467208924FF4DC73ED
:108F4000099308F075FE06980799089A099BEE4662
:108F500049F6F34CCEF800C004F12EFD00208DF848
:108F60002B008DF83300FFE79DF83300022854D81A
:108F7000FFE79DF83300D6222B2110FB0120ADF82E
:108F8000340000208DF83200FFE79DF832000928F8
:108F90003CD8FFE79DF8320018224D2110FB01203C
:108FA000ADF83600109A9DF833000B2110FB01201C
:108FB0009DF83210405C8DF82A009DF8470001288A
:108FC00010D1FFE79DF82A0061280BDBFFE79DF831
:108FD0002A007A2806DCFFE79DF82A0020388DF861
:108FE0002A00FFE7BDF83600BDF834106B4644F6A2
:108FF00069221A6048220DF12A03FFF095FDFFE770
:109000009DF8320001308DF83200BEE7FFE79DF891
:10901000330001308DF83300A6E70F9B9DF8471011
:1090200044F669200390012908BF40F2ED506946DB
:109030000860182040F2571101918C220292FFF033
:1090400073FD0199029A03980E9B9DF847C0BCF1ED
:10905000020F08BF40F2ED50EC46CCF80000A9200A
:10906000FFF062FD0199029A03986B46186046F280
:109070005E13C0F601034FF49D70FFF055FD01999A
:10908000029A03986B46186046F21743C0F6010334
:1090900040F2CB10FFF048FD0199029A03986B460D
:1090A000186046F24443C0F601034FF41770FFF016
:1090B0003BFD694640F2ED50086046F25203C0F6AF
:1090C0001103D62040F287110491B4220592FFF0DB
:1090D0002BFD03980499059A6B46186046F281337C
:1090E000C0F6010340F29910FFF01EFD9DF831001B
:1090F00038B1FFE7BDF82E00BDF82C10FFF7F0FBEC
:10910000FFE712B080BD000080B58AB0ADF8260040
:1091100008918DF81F209DF81F1041F6E3000029EB
:1091200018BF44F66920ADF81C009DF81F1049F6E1
:10913000F3400390002918BF4FF6FF70ADF81A00F6
:10914000BDF8261001F12900BDF81C206B461A60FD
:1091500083B240F27620059040F20B32049208F080
:1091600067FDDDF80CC0049A0598BDF8261001F1E2
:1091700029039DF81FE0BEF1000F18BF4FF6FF7CDA
:10918000EE46CEF800C09BB204F116FC0598BDF87F
:1091900026100D31089ABDF81AC06B46C3F804C0FA
:1091A0001A6089B29622102300F042FD0AB080BDF9
:1091B00080B590B046F27F40C0F60100FFF700FD99
:1091C00046F2DC12C0F601022820079048210391E4
:1091D000FFF0F6FC039945F6DA72C0F601024FF48F
:1091E000CD700590FFF0ECFC079846F24052C0F6B7
:1091F0000102B6210491FFF0E3FC0499059846F2C0
:109200009D02C0F60102FFF0DBFC079846F229320E
:10921000C0F601024FF492710691FFF0D1FC05985F
:10922000069946F28E52C0F60102FFF0C9FC07987B
:109230006A4641F6E30111604FF4BD71089140F2B6
:10924000F722099240F2CB130A9308F0F1FC079839
:109250000899099A0A9BEE4649F6F34CCEF800C0ED
:1092600004F1AAFB694644F66920086040F2262012
:109270000F9008210B9140F28A220C9227230D9324
:1092800008F0D6FC0B990C9A0D9B0F98EE464FF602
:10929000FF7CCDF838C0CEF800C004F18DFB0E99EC
:1092A0000F986A46516045F63041C0F611011160D1
:1092B0000C216522102300F0BBFC10B080BD000023
:1092C00080B58AB0ADF8260008918DF81F209DF872
:1092D0001F1041F6E300002918BF44F66920ADF8DD
:1092E0001C009DF81F1049F6F3400390002918BF99
:1092F0004FF6FF70ADF81A00BDF8261001F12700F7
:10930000BDF81C206B461A6083B24FF41B700590A9
:1093100040F20632049208F08BFCDDF80CC0049A8F
:109320000598BDF8261001F127039DF81FE0BEF156
:10933000000F18BF4FF6FF7CEE46CEF800C09BB280
:1093400004F13AFB0598BDF826100C31089ABDF8D7
:109350001AC06B46C3F804C01A6089B29B2210235E
:1093600000F066FC0AB080BD80B588B0ADF81E0084
:10937000ADF81C1006928DF817309DF8171041F6C5
:10938000E300002918BF44F66920ADF814009DF8E9
:10939000171049F6F3400390002918BF4FF6FF70ED
:1093A000ADF81200BDF81E00BDF81C1000F1490216
:1093B00001F12703BDF814C0EE46CEF800C092B20A
:1093C0009BB208F035FCDDF80CC0BDF81E00BDF8FE
:1093D0001C1000F1490201F127039DF817E0BEF1CE
:1093E000000F18BF4FF6FF7CEE46CEF800C092B2D9
:1093F0009BB204F1E1FABDF81E00BDF81C100C315F
:10940000069ABDF812C06B46C3F804C01A6089B250
:109410004A22102300F00CFC08B080BD00000000C0
:1094200010B586B08C4686460A980999089CADF816
:1094300016E0ADF814C0ADF81220ADF810308DF87C
:109440000F108DF80E009DF80F0068B1FFE740F295
:10945000ED50ADF80C004FF6E070ADF80A004FF695
:10946000FF70ADF808001AE09DF80E0058B1FFE754
:1094700044F66920ADF80C004FF6FF70ADF80A0015
:10948000ADF808000AE041F6E300ADF80C0049F63B
:10949000F340ADF80A00ADF80800FFE7FFE7BDF8BC
:1094A0001600BDF81410BDF812200244013ABDF8B0
:1094B00010300B44013BBDF80CC0EE46CEF800C0A6
:1094C00092B29BB208F0B4FBBDF81600BDF81410C0
:1094D000BDF812200244013ABDF810300B44013BA4
:1094E000BDF80AC0EE46CEF800C092B29BB204F1BD
:1094F00063FABDF81600BDF81410BDF81020103A3C
:1095000001EB5201BDF81220089BBDF808E0EC46C3
:10951000CCF804E0CCF8003089B2102300F088FBCE
:1095200006B010BD0000000080B594B084461698C7
:10953000ADF84EC0ADF84C10ADF84A20ADF848304B
:10954000ADF8460041F69010C2F2034000788DF865
:10955000450041F69210C2F203400088ADF8420087
:1095600041F69410C2F203400088ADF84000FFF0CD
:109570009BF8BDF84E00BDF84C10BDF84A20BDF870
:109580004830BDF846C0EE46CEF800C005F0C0FF3A
:10959000BDF84A00BDF84E10401A0F90BDF84800C3
:1095A000BDF84C10401A0E900F98B0F1FF3F04DC4C
:1095B000FFE70F9840420A9002E00F980A90FFE7F9
:1095C0000A980D900E98B0F1FF3F04DCFFE70E986B
:1095D0004042099002E00E980990FFE709980D9922
:1095E00088420FD9FFE70E98B0F1FF3F04DCFFE798
:1095F0000E984042089002E00E980890FFE7089805
:109600000D90FFE700200C90FFE70C980D99884221
:109610003ED8FFE7BDF84E0006900F980C994843DE
:1096200007900D9818B9FFE70120059002E00D980A
:109630000590FFE706980799059A91FBF2F1084417
:10964000ADF82E00BDF84C0003900E980C994843DD
:1096500004900D9818B9FFE70120029002E00D98E0
:109660000290FFE703980499029A91FBF2F10844F3
:10967000ADF82C00BDF82E00BDF82C10BDF846301A
:10968000022208F039FBFFE70C9802300C90BCE78F
:109690000D9880B1FFE70C9802380D9988420AD0E6
:1096A000FFE7BDF84A00BDF84810BDF84630022279
:1096B00008F022FBFFE79DF8450038B1FFE7BDF851
:1096C0004200BDF84010FFF70BF9FFE714B080BD72
:1096D00082B0ADF80400ADF80210BDF80200B0F59C
:1096E000877F06D3FFE7BDF80200B0F59C7F04D367
:1096F000FFE700208DF8070033E0BDF804006E2876
:109700000AD3FFE7BDF80400C008222804D8FFE709
:1097100001208DF8070024E0BDF80400B0F59D7F1E
:109720000AD9FFE7BDF80400B0F5F27F04D8FFE7DF
:1097300002208DF8070014E0BDF80400B0F5027FA8
:109740000BD3FFE7BDF8040040F2B121884204D8F2
:10975000FFE703208DF8070003E000208DF80700E5
:10976000FFE79DF8070002B070470000000000000E
:1097700080B586B00490049830B9FFE746F61870BB
:10978000C0F60100059045E00498F6F782FEADF8BA
:109790000E00BDF80E00ADF80C0000208DF80B0097
:1097A000FFE7BDF80C100020019059B1FFE7BDF8AC
:1097B0000E00BDF80C10411A0020962938BF012078
:1097C0000190FFE70198C007F0B1FFE7BDF80C007A
:1097D0000138ADF80C000498BDF80C10405C0A2864
:1097E00011D1FFE79DF80B0001308DF80B009DF8BB
:1097F0000B00042806D3FFE7BDF80C000130ADF8DC
:109800000C0001E0FFE7CCE70498BDF80C10084419
:109810000590FFE7059806B080BD0000000000003D
:1098200081B08DF801009DF80100022805D1FFE705
:109830004FF47840ADF802000EE09DF801000128D9
:1098400005D1FFE74FF6E070ADF8020004E04FF4F9
:10985000FC60ADF80200FFE7BDF8020001B0704700
:1098600082B0ADF80400ADF80210BDF8040040F27B
:109870007621884206D3FFE7BDF80400B0F5437FA8
:1098800004D3FFE700208DF807003EE0BDF802009A
:109890004E2809D3FFE7BDF80200772804D8FFE778
:1098A00001208DF8070030E0BDF80200882809D3B8
:1098B000FFE7BDF80200B12804D8FFE702208DF8C9
:1098C000070022E0BDF80200DE280AD3FFE7BDF85A
:1098D0000200C008202804D8FFE703208DF8070005
:1098E00013E0BDF80200B0F58C7F0AD3FFE7BDF8A6
:1098F00002004008A02804D8FFE704208DF80700E4
:1099000003E000208DF80700FFE79DF8070002B094
:10991000704700000000000082B0ADF80400ADF810
:10992000021049F6D540C2F203400078E0B9FFE7E3
:10993000BDF80200082817D3FFE7BDF8020027286A
:1099400012D8FFE7BDF8040040F2262188420BD36D
:10995000FFE7BDF8040040F28A21884204D8FFE7FF
:1099600004208DF807006DE049F6D540C2F20340AF
:109970000078E0B1FFE7BDF80200082817D3FFE741
:10998000BDF80200272812D8FFE7BDF8040040F216
:10999000262188420BD3FFE7BDF8040040F28A215C
:1099A000884204D8FFE704208DF807004AE049F612
:1099B000D540C2F20340007860B1FFE7BDF8020075
:1099C000B0F5C87F06D3FFE7BDF80200B0F5DF7F32
:1099D00004D3FFE700208DF8070033E0BDF8040052
:1099E000462809D3FFE7BDF80400FA2804D8FFE7AA
:1099F00001208DF8070025E0BDF80400B0F59B7F3D
:109A00000AD3FFE7BDF80400B0F5F57F04D8FFE7FF
:109A100002208DF8070015E0BDF8040040F2262171
:109A200088420BD3FFE7BDF8040040F2DA218842F8
:109A300004D8FFE703208DF8070003E000208DF82D
:109A40000700FFE79DF8070002B070470000000024
:109A500049F6D540C2F2034000787047000000008C
:109A600080B582B08DF8070000919DF807000028AE
:109A700018BF012049F6D541C2F20341087049F6EA
:109A8000D441C2F2034100200870009890B1FFE772
:109A900049F6D540C2F20340007820B1FFE70098B4
:109AA00000F062FE05E0FFF783FB009802F0E0FBA8
:109AB000FFE7FFE702B080BD80B58EB08DF83700BC
:109AC0000C9141F69011C2F20341002006900870FB
:109AD00040F22E01C2F20041FF20087041F6E3007F
:109AE00005F0D6FC06996A4641F2A200106040F2E9
:109AF0001F322F23084608F09BF868464FF6FF7187
:109B00000A91816046F2C611C0F601014160182336
:109B10000993036012200C214FF4FA7201F088FCC3
:109B20000A986946486046F23A00C0F601000860AB
:109B3000502007907E214FF420720892202300F0DD
:109B400077F80798089A099BEC4640F2FF410B9181
:109B5000CCF8041046F2C561C0F60101CCF8001043
:109B6000B02100F065F80A986946086095204FF426
:109B7000887140F28A224FF4987303F11DFF0B980D
:109B8000694608609A2040F2151140F2852240F2A1
:109B90002B1308F04DF89DF8371046F24622C0F618
:109BA000010246F20720C0F60100002918BF104646
:109BB0004FF47842002918BF4FF4FC6269464A60AE
:109BC000086064204FF4A5714FF41672102300F062
:109BD0002FF89DF8370038B3FFE70C9820B3FFE764
:109BE000684649F6F341816046F28A01C0F60101F8
:109BF00041601023059303604FF4A5704FF4B471D6
:109C00000491502201F014FC0499059B0C9A6846BB
:109C10004FF6FF7CC0F808C0426003604FF4BF708D
:109C20008C2201F005FCFFE70EB080BD00000000B3
:109C300010B588B084460B98DDF828E0ADF81EC05A
:109C4000ADF81C10ADF81A208DF81930ADF81600DB
:109C50000A989DF8191001F05FFDADF81400BDF8E9
:109C60001400BDF81A1088420CDAFFE7BDF81E0098
:109C7000BDF81A10BDF81420891A00EB510080B20B
:109C8000039003E0BDF81E000390FFE70398ADF8D2
:109C90001200BDF81200BDF81C10BDF81A209DF886
:109CA0001930DDF828E0BDF81640EC46CCF8084045
:109CB000CCF804E0CCF8003001F0BAFB08B010BDDD
:109CC00080B588B0ADF81E0006918DF81720FEF023
:109CD000EBFC46F20A60C0F60100FEF771FF694630
:109CE0004FF6FF70086018200190422102914FF456
:109CF0001A7203924FF4D573049307F099FF0198F9
:109D00000299039A049BEE4641F2A20CCEF800C0E1
:109D100003F152FEBDF81E0006999DF8172001F0D0
:109D20003FFE08B080BD000080B596B0844619980B
:109D3000DDF860E0CDF854C0149113928DF84B30EB
:109D40008DF84A0041F69010C2F2034000788DF879
:109D5000490041F69210C2F203400088ADF8460077
:109D600041F69410C2F203400088ADF84400FEF0C2
:109D70009BFC46F24A40C0F60100FEF721FF69460F
:109D800041F6E300086018200C9042210D9140F24A
:109D900007320E924FF4A5730F9307F049FF0C980A
:109DA0000D990E9A0F9BEE4649F6F34CCDF840C044
:109DB000CEF800C003F100FE10996846816046F2BB
:109DC0007801C0F601014160102303602820502172
:109DD0003C2201F02DFB159818B1FFE715980B9068
:109DE00005E046F61870C0F601000B90FFE70B99EE
:109DF00068464FF6FF7208928260416010230A9312
:109E00000360602050210991A02201F011FB099903
:109E10000A9B684649F6F342826046F27E02C0F62B
:109E20000102426003604FF49670402201F000FB93
:109E3000089809990A9B139AEC46CCF800004FF455
:109E4000B27001F141FB9DF84B0090B1FFE768460D
:109E50004FF6E071816046F2F001C0F60101416009
:109E60001023036040F28A205021602201F0E0FAC2
:109E7000FFE7694641F2A200086026206C2140F20B
:109E8000F9224FF49D7303F197FD149818B1FFE781
:109E90001498079005E046F61870C0F60100079088
:109EA000FFE7079869464FF6FF724A600860302066
:109EB00078214FF42F72B42300F1DAFD9DF84A00A7
:109EC000B0FA80F040096946086046F2D353C0F604
:109ED000010314204FF4B7718C22FEF70DFF9DF89B
:109EE0004A100020069039B9FFE79DF84B00002882
:109EF00018BF01200690FFE7069800F001006946B0
:109F0000086046F64F33C0F61103AF204FF4B77127
:109F100004918C220592FEF7EFFE0499059A9DF8B4
:109F20004A00B0FA80F040096B46186046F2B1135F
:109F3000C0F601034FF4A570FEF7DEFE0499059A02
:109F40009DF84A00B0FA80F040096B46186046F26E
:109F5000A123C0F6010340F2E510FEF7CDFE0499FF
:109F6000059A9DF84A00B0FA80F040096B461860E7
:109F700046F26913C0F611034FF42070FEF7BCFEE1
:109F800018989DF84A1000F157FC9DF8490038B127
:109F9000FFE7BDF84600BDF84410FEF7A1FCFFE75F
:109FA00016B080BD0000000010B592B08C46864609
:109FB000169815991499CDF844E0CDF840C00F9249
:109FC000ADF83A308DF839108DF8380041F6901020
:109FD000C2F2034000788DF8370041F69210C2F2C9
:109FE00003400088ADF8340041F69410C2F20340FB
:109FF0000088ADF83200FEF057FB119818B1FFE76A
:10A0000011980B9005E046F27340C0F601000B90EA
:10A01000FFE70B98FEF7D4FD694641F6E3000860C0
:10A02000182006903621079140F207320892C62385
:10A03000099307F0FDFD06980799089A099BEE46DB
:10A0400049F6F34CCDF828C0CEF800C003F1B4FCBB
:10A050000A9A9DF8393046F27400C0F6010046F2C3
:10A060006901C0F60101002B18BF014668468260F5
:10A0700041601023036028204021642201F0D8F9B8
:10A08000109818B1FFE71098059005E046F6187093
:10A09000C0F601000590FFE7059968464FF6FF728C
:10A0A0008260416018230360962040214FF40C72B7
:10A0B00001F0BEF99DF8390058BBFFE7684649F644
:10A0C000F341816046F29001C0F601014160102326
:10A0D000036028205821502201F0AAF9694641F274
:10A0E000A200086026206A2140F2F922BE2303F173
:10A0F00063FC0F98FFF73CFB69464FF6FF724A601E
:10A100000860302070214FF42F72482300F1B0FC1A
:10A1100036E0694641F2A20008602620642140F240
:10A12000F9228E2303F148FC684649F6F341816029
:10A1300046F21401C0F60101416010230360302093
:10A14000712140F2B22201F073F9159818B1FFE7BE
:10A150001598049005E046F24E30C0F601000490D8
:10A16000FFE7049968464FF6FF7282604160102352
:10A1700003603020A42140F2B22201F059F9FFE738
:10A180009DF83900E0B9FFE7159818B1FFE7159879
:10A19000039005E046F61870C0F601000390FFE753
:10A1A000039968464FF6FF72826041601023036096
:10A1B0004FF4E4714FF43E72184601F039F9FFE7AD
:10A1C0009DF83800FEF75CFE9DF8370038B1FFE7D8
:10A1D000BDF83400BDF83210FEF782FBFFE712B085
:10A1E00010BD00000000000080B588B0079041F667
:10A1F0009011C2F2034100200290087041F6E30082
:10A2000005F046F902996A464FF47840106040F232
:10A210001F322F23084607F00BFD02986A464FF6BF
:10A22000FF710391516046F2F901C0F6010111601E
:10A230000C214FF4487218230693FFF7F9FC03989A
:10A240006946486046F24D50C0F60100086064203F
:10A25000049096214FF4167205922023FFF7E8FC34
:10A260000498059A069BEC4649F6F341CCF8041095
:10A2700046F2C351C0F60101CCF80010DC21FFF713
:10A28000D7FC079801F07CFC08B080BD00000000FE
:10A2900010B5A2B08C46864625982499CDF884E066
:10A2A0008DF883C08DF882201F938DF87B108DF878
:10A2B0007A0041F69010C2F2034000788DF87600E3
:10A2C00041F69210C2F203400088ADF8740041F6E6
:10A2D0009410C2F203400088ADF87200FEF0E4F979
:10A2E00046F2F240C0F60100FEF76AFC684641F211
:10A2F000A2011591816046F2DE11C0F601014160B4
:10A300001023179303601C20362116914A2201F076
:10A310008FF81599169A179B6846816046F2883126
:10A32000C0F60101416003607020114601F080F821
:10A33000159A1699179B6846826046F27C12C0F601
:10A34000010242600360B020462201F071F8159AC4
:10A350001699179B6846826046F26412C0F60102A5
:10A36000426003604FF480704FF4AA7201F060F80D
:10A3700000208DF87900FFE79DF87900062800F2AB
:10A38000A480FFE79DF88200C0EBC0009DF8791023
:10A3900008448DF878009DF879004E222E2110FB9C
:10A3A0000120ADF87000BDF8701001F129006B4676
:10A3B00041F6E3021A6083B21220139040F25F224A
:10A3C000149207F035FC1398149ABDF8701001F13F
:10A3D0002903EE4649F6F34CCEF800C09BB203F1D8
:10A3E000EBFA2198002869D0FFE79DF878009DF8E6
:10A3F0008310884262DAFFE721989DF8781000EB1D
:10A4000081101890189800680DF167010E91FEF008
:10A410008BFE0E9ABDF870000D3069464FF6FF7343
:10A4200011938B604A60102312930B6081B21C2041
:10A430004C2200F0FDFFBDF870000D301090189810
:10A440000079FFF02DF80F9018980079FFF7E8F9E0
:10A450000F9A129B844610986946C1F808C04A605A
:10A460000B6081B27020362200F0E2FF129BBDF833
:10A4700070000D3018994A1D694640F2FF4CC1F832
:10A4800008C04A600B6081B2B020482200F0D0FFC3
:10A49000DDF844C0129BBDF870000D30189901F131
:10A4A0000E026946C1F808C04A600B6081B24FF4E1
:10A4B00080704FF4A77200F0BBFFFFE7FFE79DF845
:10A4C000790001308DF8790056E79DF88300811DF1
:10A4D00044F62510C2F29240A1FB0020091A00EBBD
:10A4E000510080088DF877009DF87A2046F29A6036
:10A4F000C0F6110046F21C41C0F60101002A18BF47
:10A5000001469DF87B00B0FA80F042094E20FEF72C
:10A51000FBFD9DF87B00B0FA80F0420946F2EF5156
:10A52000C0F601018820FEF7EFFD9DF87B100020AA
:10A530000D9039B9FFE79DF88200002818BF01206F
:10A540000D90FFE70D9800F0010246F26651C0F64B
:10A550000101DE20FEF7D8FD9DF87B1000200C9055
:10A5600059B9FFE79DF88200411C9DF87720002033
:10A57000914238BF01200C90FFE70C9800F00102D7
:10A5800046F2F651C0F601014FF48C70FEF7BCFDA7
:10A59000684641F2A201816045F63271C0F61101B0
:10A5A000416010230B93036040F27E204FF4B071A2
:10A5B0000A91322200F03CFF0A990B9B9DF8820021
:10A5C000421CEC464FF6FF70CCF800004FF42C70A4
:10A5D00000F17AFF0A990B9B684649F6F3428260C4
:10A5E00046F64902C0F601024260036040F2CE2006
:10A5F0000C2200F01DFF9DF8770020B1FFE79DF8C9
:10A600007700099002E001200990FFE7099A694666
:10A610004FF6FF700590086040F2E2204FF4B071F1
:10A620001023079300F150FF079B684641F2A201F7
:10A630000891816046F2E251C0F601014160036079
:10A6400040F27E204FF4C0710691362200F0F0FEF9
:10A6500005980699079B9DF88320EC46CCF80000EE
:10A660004FF42E7000F130FF089869460860BE2054
:10A670004FF4E27140F2163240F2DB1307F0D8FAE1
:10A680009DF87B0070B3FFE768464FF6E07181608C
:10A6900046F25961C0F60101416010230360C820F1
:10A6A0004FF4E471402200F0C3FE1F9818B1FFE799
:10A6B0001F98049005E046F2C350C0F601000490D4
:10A6C000FFE7049968464FF6FF72826041601023ED
:10A6D00003604FF482704FF4E4714FF4FF7200F0A6
:10A6E000A7FE1BE01F9818B1FFE71F98039005E035
:10A6F00046F25360C0F601000390FFE703996846F5
:10A700004FF6FF728260416010230360C8204FF44F
:10A71000E47140F23A2200F08BFEFFE79DF87600EC
:10A7200038B1FFE7BDF87400BDF87210FEF7D8F835
:10A73000FFE722B010BD000080B582B0019049F65D
:10A74000D541C2F203410020087049F6D441C2F25B
:10A7500003410870FEF72CFD019801F0F1FA02B0F8
:10A7600080BD00000000000080B5B2B0319046F21C
:10A770006030C0F6010030904FF4FC60ADF8BA00D4
:10A78000319890F8460001280AD1FFE746F2596057
:10A79000C0F6010030904FF6E070ADF8BA0021E04D
:10A7A000319890F8460002280AD1FFE746F2862049
:10A7B000C0F6010030904FF6E070ADF8BA0010E03E
:10A7C000319890F8460003280AD1FFE746F2B550C9
:10A7D000C0F6010030904FF47840ADF8BA00FFE7C2
:10A7E000FFE7FFE7319890F84700A8B1FFE73198FD
:10A7F00090F8480080B9FFE7319890F8472046F27A
:10A80000DB21C0F6010146F2E920C0F60100022A70
:10A8100008BF08462F901BE0319890F8480080B19F
:10A82000FFE7319890F8492045F67151C0F61101C3
:10A8300045F65C50C0F61100002A18BF08462F905C
:10A8400005E046F24E60C0F601002F90FFE7FFE7FB
:10A850004DF6FB6004F01CFE46F23440C0F60100E9
:10A86000FEF7AEF9694644F66920086040F22620FA
:10A8700016900821139140F28A22149227231593EF
:10A8800007F0D6F91399149A159B1698EE464FF6D1
:10A89000FF7CCDF8A0C0CEF800C003F18DF816986B
:10A8A00028996A46516046F29A31C0F6010111605A
:10A8B0000C21652210232C93FFF7BAF946F2DC0233
:10A8C000C0F6010228201D9048212691FEF078F95B
:10A8D000269946F22F32C0F601024FF4CD7018903F
:10A8E000FEF06EF91D9846F21912C0F60102B6216B
:10A8F0001791FEF065F91799189845F6F172C0F6B0
:10A900000102FEF05DF91D9846F26732C0F60102C1
:10A910004FF492711991FEF053F91898199946F273
:10A920008252C0F60102FEF04BF91D986A4641F6CC
:10A93000E30111604FF4BD711A9140F2F7221B92AE
:10A9400040F2CB131C9307F073F91A991B9A1C9BC6
:10A950001D98EE4649F6F34CCDF8A4C0CEF800C0E1
:10A9600003F12AF81D9A29996846816046F20B6125
:10A97000C0F60101416018232B930360402025900D
:10A9800074211E9100F054FD1E9928982B9B319A3A
:10A990005269EC46CCF800006E2000F195FD259838
:10A9A000299A2C9B69468A6046F2DD52C0F6010264
:10A9B0004A600B608C211F913022279200F038FDF5
:10A9C0001F992C9B3198C268EC464FF4FC60219093
:10A9D000CCF80000782000F177FD1F99259ADDF86A
:10A9E000A4C02C9B6846C0F808C046F2E90CC0F62B
:10A9F000010CC0F804C00360DC2000F019FD1F99B1
:10AA00002C9B319AD069126A0244EC4640F2FF70E6
:10AA1000CCF800004FF4917000F156FD1E99289873
:10AA20002B9B319AB2F86820EC46CCF800004FF42A
:10AA3000D970229000F148FD1E99299A2B9B6846F7
:10AA4000826046F64902C0F601022392426003602A
:10AA50004FF4FA701A4600F0EBFC1E9928982B9BD5
:10AA6000319AB2F86A20EC46CCF800004FF404703A
:10AA700000F12AFD1F992298DDF8A4C02C9B6A469C
:10AA8000C2F808C046F2520CC0F6010CC2F804C06D
:10AA90001360642200F0CCFC25982B9B31998A6AC4
:10AAA000EC464FF6E071CCF80010E221249100F161
:10AAB0000BFD2598279ADDF8A4C02C9B6946C1F8A8
:10AAC00008C046F2251CC0F6010CC1F804C00B609A
:10AAD000F821209100F0ACFC209921982C9B319A10
:10AAE000526B002A18BF4FF47840EC46CCF80000B7
:10AAF000822000F1E9FCDDF884C0229824992B9B88
:10AB0000319AD26B142A88BF4FF6E07CEE46CEF81D
:10AB100000C000F1D9FC239A2499DDF8A4C02B9B36
:10AB20006846C0F808C0426003604FF407701A46D8
:10AB300000F07EFC249928982B9B319AB2F8422091
:10AB4000642A88BF4FF47840EC46CCF8000040F20D
:10AB50003A2000F1B9FC2598269A2C9BDDF8C0C05C
:10AB6000BDF8BAE06946C1F808E0C1F804C00B605E
:10AB70004FF4A8712A9100F05BFC279ADDF8A4C07D
:10AB80002A992C9B6846C0F808C046F2783CC0F66B
:10AB9000010CC0F804C00360AA2000F049FC28980A
:10ABA0002A992C9B319AB2F84420EC46CCF800004C
:10ABB000E42000F189FCDDF8A4C02A992B9A2C9B93
:10ABC0006846C0F808C046F2457CC0F6010CC0F8E3
:10ABD00004C003604FF4847000F02AFC2F982D907D
:10ABE000319890F8480058B1FFE7319890F8491033
:10ABF0004FF47840002918BF4FF4FC60129003E036
:10AC000040F2FF401290FFE72D99129882B26846F9
:10AC100082604160182303604FF4D9704FF4A8712B
:10AC2000DC2200F005FC319890F8480038BBFFE7C3
:10AC3000319890F8470010B3FFE73198B0F84A20F8
:10AC4000694640F2FF4008604FF4D9704FF4B77185
:10AC500010911023119300F137FC1099119B684655
:10AC600049F6F342826046F6CC12C0F60102426019
:10AC700003604FF4E6701A4600F0DAFBFFE769461E
:10AC800044F6692007900860462004904FF4C8718C
:10AC90000891FA22039240F2BD130A9306F0C8FF0E
:10ACA000039A049808990A9BEE464FF6FF7CCDF86C
:10ACB0002CC0CEF800C002F17FFE04980B996A46C2
:10ACC000516046F2AB41C0F6010111604FF4CF7103
:10ACD0000D91B5220E9210230F93FEF7A9FF07984E
:10ACE00008990A9B6A4610604FF49B7006904FF4D7
:10ACF000F572059206F09CFF059A069808990A9B42
:10AD0000DDF82CC0EE46CEF800C002F155FE0698E4
:10AD1000DDF82CC00D990E9A0F9BEE46CEF804C0BC
:10AD200046F2A14CC0F6010CCEF800C0FEF780FF41
:10AD3000079808990A9B6A46106040F226200C90FA
:10AD400040F2DA22099206F073FF0899099A0A9BE9
:10AD5000DDF82CC00C98EE46CEF800C002F12CFEB7
:10AD6000DDF82CC00C980D990E9A0F9BEE46CEF88C
:10AD700004C046F22B5CC0F6010CCEF800C0FEF712
:10AD800057FF49F6D441C2F203410120087032B0A6
:10AD900080BD00000000000080B5B2B03190319855
:10ADA00008B9FFE7DDE241F69010C2F203400078F7
:10ADB0008DF8C30041F69210C2F203400088ADF84E
:10ADC000C00041F69410C2F203400088ADF8BE0006
:10ADD000FDF06AFC46F25640C0F60100FDF7F0FEB9
:10ADE000694641F6E3000860182028904221299125
:10ADF00040F24E222A924FF4CD732B9306F018FFA7
:10AE0000289829992A9A2B9BEE4649F6F34CCDF8BF
:10AE1000B0C0CEF800C002F1CFFD2C996846816029
:10AE200046F24031C0F601014160102303602C203E
:10AE30005221A02200F0FCFA3198007E20B1FFE7F9
:10AE400031981830279005E046F22D10C0F6010029
:10AE50002790FFE7279968464FF6FF7282604160AE
:10AE6000182303602C2022906C214FF4FF7200F015
:10AE7000DFFA2298694649F6F34223928A6046F245
:10AE80009B22C0F601024A60102326930B609A2190
:10AE900024915022259200F0CBFA31980079FEF0EF
:10AEA00057FC2499269B0246319800794FF6E07CA6
:10AEB000062808BF4FF4784C6846C0F808C04260C6
:10AEC00003608C20B42200F0B3FADDF88CC0249922
:10AED000259A269B6846C0F808C046F2483CC0F652
:10AEE000010CC0F804C003604FF4AC7000F0A0FA8D
:10AEF0003198407970B3FFE731988079421C6946F8
:10AF00004FF6FF701F9008604FF4D4709A21209183
:10AF10001023219300F1D8FA2099219B684649F625
:10AF2000F342826046F64902C0F6010242600360C5
:10AF30004FF4E0701A4600F07BFA1F982099219B8D
:10AF4000319A5279EC46CCF800004FF4E87000F1E9
:10AF5000BBFA11E068464FF6FF71816045F6732138
:10AF6000C0F611014160102303604FF4D4709A21A0
:10AF7000202200F05DFAFFE7684649F6F341816060
:10AF800046F2AA51C0F601014160102303602C2053
:10AF9000C621702200F04CFA3198C06800285BD0BE
:10AFA000FFE73198C26869464FF6FF701C90086051
:10AFB000AE20C6211D9110231E9300F185FA1C9A24
:10AFC0001D991E9B6846826046F2B862C0F6010277
:10AFD00042600360E62028221B9200F029FA1C98A8
:10AFE0001D991E9B319A127AEC46CCF800004FF462
:10AFF000977000F169FA1B9ADDF870C01D991E9BCD
:10B000006846C0F808C046F2CF5CC0F6010CC0F834
:10B0100004C003604FF4A37000F00AFADDF870C0BA
:10B020001D991E9B319890F807E046F2F230C0F669
:10B03000010046F2E632C0F60102BEF1010F08BF80
:10B0400002466846C0F808C0426003604FF4C97009
:10B050005A2200F0EDF910E068464FF6FF7181606A
:10B0600046F20611C0F60101416010230360AE20D4
:10B07000C621962200F0DCF9FFE7684649F6F34165
:10B080001691816046F2EA11C0F601014160102379
:10B09000149303602C201790F0211291502200F09D
:10B0A000C7F91299149B3198427AEC464FF6FF701B
:10B0B0001590CCF800008C2000F106FA159A129930
:10B0C000149B6846826045F6D872C0F60102119260
:10B0D00042600360B0201822139200F0A9F912997F
:10B0E000149B169A6846826046F22252C0F601020C
:10B0F000426003604FF49370602200F099F9319838
:10B10000FEF006FB1299149B024615982E922E9A79
:10B11000EC46CCF800004FF4CF7000F1D5F9DDF823
:10B1200044C01299139A149BDDF854E06846C0F8A5
:10B1300008E0C0F804C003604FF4E17000F078F953
:10B1400017986A4642F6451111604FF489711891BB
:10B1500040F22E22199240F22B131A9306F068FD4A
:10B16000DDF858C017981899199A1A9BEE46CEF830
:10B1700000C002F121FC2E98C8B1FFE72E98C0EB69
:10B180000020400048F21F51C5F2EB11A0FB010165
:10B190002E2000EB51116B4640F2ED521A608AB23C
:10B1A0004FF48A7140F2291306F042FDFFE731980F
:10B1B00000F1250168464FF6FF728260416010235E
:10B1C000109303602C200E904FF4A5714FF4FF7282
:10B1D0000F9200F02DF90E980F9A109B694649F6D0
:10B1E000F34CC1F808C046F2986CC0F6010CC1F8E7
:10B1F00004C00B604FF4BA7100F01AF9319800796D
:10B20000022805D0FFE731980079042806D1FFE72E
:10B2100046F28F20C0F601000D900EE031980279C1
:10B2200046F2F111C0F6010146F21760C0F60100C6
:10B23000032A08BF08460D90FFE70D982D9031981E
:10B240004379002B18BF012346F20562C0F60102C4
:10B250004FF41B7046210A91FEF786F80A9931983F
:10B260004379002B18BF012346F2F652C0F60102C3
:10B2700040F2BD20FEF778F82D980B903198417977
:10B2800001200C9041B9FFE7319800790338B0FAFA
:10B2900080F040090C90FFE70B9A0C9800F0010336
:10B2A0004FF41B70069078210491FEF75DF8049925
:10B2B00046F21242C0F6010240F2BD20079001237F
:10B2C0000993FEF751F8069831998B7A46F2CB0232
:10B2D000C0F60102AA210591FEF746F805990798E4
:10B2E000319A937A46F2C402C0F60102FEF73CF8A6
:10B2F000069831994B7A002B18BF012346F20E02B3
:10B30000C0F60102DC210891FEF72EF80798089993
:10B31000319A527A0023642A38BF012346F2080288
:10B32000C0F60102FEF720F8099A46F28D61C0F6D8
:10B3300001014FF49170FDF7C3FF099A46F25411D1
:10B34000C0F601014FF4AF70FDF7BAFF9DF8C300DE
:10B3500038B1FFE7BDF8C000BDF8BE10FDF7C0FA78
:10B36000FFE732B080BD000010B58AB08C4686463B
:10B370000D980C99ADF826E0ADF824C008928DF830
:10B380001F308DF81E10ADF81C009DF81F000B2813
:10B3900004D3FFE70A208DF81F00FFE79DF81F2068
:10B3A0000DF11101002088549DF81F008DF8100048
:10B3B000FFE79DF8100008B3FFE708984CF6CD4171
:10B3C000CCF6CC41A0FB0132D20802EB8202A0EB0A
:10B3D000420040F030009DF810200DF111031A4496
:10B3E00002F8010C0898A0FB0110C0080890FFE7C4
:10B3F0009DF8100001388DF81000DAE7BDF826003E
:10B40000BDF824109DF81F209DF81E305A435208A5
:10B41000BDF81CE0EC46CCF808E00DF1110ECCF8BC
:10B4200004E0CCF8003000F003F80AB010BD0000D2
:10B4300010B588B08C4686460C980B990A99ADF8E1
:10B440001EE0ADF81CC0ADF81A20ADF818308DF82C
:10B450001710ADF81400BDF81E00ADF81200BDF8CD
:10B460001E00BDF81A100844ADF81000BDF81C000D
:10B47000BDF818100844ADF80E00FFE70B980178EE
:10B4800000202029029008DBFFE70B9801780020BC
:10B490007F29B8BF01200290FFE70298C00700286B
:10B4A00043D0FFE7BDF81E009DF8171000EB5100D8
:10B4B00080B2BDF8101088420CDDFFE7BDF8120025
:10B4C000ADF81E00BDF81C009DF817100844ADF83B
:10B4D0001C00FFE7BDF81C009DF81710084480B25F
:10B4E000BDF80E10884201DDFFE71EE0BDF81E002A
:10B4F000BDF81C100B9A12789DF81730BDF814C0D7
:10B50000EE46CEF804C04FF0010CCEF800C003F1B7
:10B5100077FABDF81E009DF8171000EB5100ADF84A
:10B520001E000B9801300B90A8E708B010BD00007A
:10B5300080B594B013908DF84B1041F69010C2F284
:10B54000034000788DF84A0041F69210C2F20340A1
:10B550000088ADF8480041F69410C2F2034000881C
:10B56000ADF84600FDF0A0F846F2B810C0F60100B4
:10B57000FDF726FB002010900F90139830B1FFE7E5
:10B5800013990868496810910F90FFE7BDF83C30A7
:10B590009DF84B00694648600420086046F222424C
:10B5A000C0F601021820059040210491FDF0F4FB43
:10B5B00004999DF83E309DF84B006A465060022089
:10B5C0000790106046F22332C0F601024FF48C70EF
:10B5D0000690FDF0E1FB049907989DF83F309DF837
:10B5E0004BC06A46C2F804C0106046F21362C0F64F
:10B5F00001024FF406700890FDF0CEFB0598079904
:10B600009DF841309DF84BC06A46C2F804C01160F5
:10B6100046F29C42C0F60102C6210991FDF0BCFB36
:10B620000698079A09999DF842309DF84BE0EC4640
:10B63000CCF804E0CCF8002046F2A822C0F60102C3
:10B64000FDF0AAFB079A089809999DF843309DF8E8
:10B650004BE0EC46CCF804E0CCF8002046F2451272
:10B66000C0F60102FDF098FB6946012088600020C9
:10B670000A90486046F28130C0F601000860D6208A
:10B680004FF4AD710B91AA220C922E230D93FDF76E
:10B69000C7FE0A980B990C9A0D9B9DF84BE0EC465F
:10B6A000CCF808E0CCF8040046F2C710C0F6110050
:10B6B000CCF800004FF4D0700E90FDF7B1FE0E995B
:10B6C0009DF84B2046F21C63C0F6010346F2F810C9
:10B6D000C0F60100002A18BF18464FF47843002A2C
:10B6E00018BF4FF4FC636A4653601060BE204FF4ED
:10B6F000D2721023FEF79CFA9DF84A0038B1FFE79A
:10B70000BDF84800BDF84610FDF7EAF8FFE714B0B1
:10B7100080BD00000000000082B001908DF8031091
:10B720000020ADF80000FFE70198BDF80010405C74
:10B7300030B1FFE7BDF800000130ADF80000F3E7DD
:10B74000BDF800009DF803104908484380B202B0DC
:10B75000704700000000000083B0ADF80800ADF8AD
:10B76000061000208DF80400FFE79DF80400012872
:10B7700074D8FFE79DF80410C620002908BF4020B8
:10B78000ADF80000BDF80600BDF800103431884265
:10B7900008D3FFE7BDF80600BDF80010603188420D
:10B7A00001D3FFE754E000208DF80500FFE79DF886
:10B7B000050002284BD8FFE79DF80500000218306D
:10B7C000ADF80200BDF80800BDF802100C31884247
:10B7D00017D3FFE7BDF80800BDF8021044318842D6
:10B7E0000FD2FFE79DF8040000EB400142F6524003
:10B7F000C0F6110008449DF80510405C8DF80B0060
:10B800005DE0BDF80800BDF80210AC31884217D3E6
:10B81000FFE7BDF80800BDF80210E43188420FD2FE
:10B82000FFE79DF8040000EB400142F65840C0F6E7
:10B83000110008449DF80510405C8DF80B003EE0B7
:10B84000FFE79DF8050001308DF80500AFE7FFE741
:10B850009DF8040001308DF8040086E7BDF806006D
:10B86000B0F5AD7F27D3FFE7BDF80600C00830284C
:10B8700021D8FFE7BDF80800D6280AD3FFE7BDF8B6
:10B880000800C009022804D8FFE70D208DF80B003E
:10B8900015E0BDF80800B0F5D07F0BD3FFE7BDF889
:10B8A000080040F24921884204D8FFE70E208DF8B5
:10B8B0000B0004E0FFE700208DF80B00FFE79DF888
:10B8C0000B0003B07047000080B588B08DF81F00F2
:10B8D0008DF81E109DF81F0050B9FFE746F2F920C1
:10B8E000C0F6010006904FF6E070ADF8160018E0C3
:10B8F0009DF81E0050B1FFE746F25A20C0F6010045
:10B9000006904FF4FC60ADF8160009E046F21C20EA
:10B91000C0F6010006904FF47840ADF81600FFE73E
:10B92000FFE741F69010C2F2034000788DF8150051
:10B9300041F69210C2F203400088ADF8120041F6C1
:10B940009410C2F203400088ADF81000FCF0ACFE89
:10B95000694642F645100860122003908C21A2220D
:10B96000A32306F065F90398069ABDF816306946D8
:10B970008B604A6010230B6090219122FFF758FDE5
:10B980009DF8150038B1FFE7BDF81200BDF81010A2
:10B99000FCF7A6FFFFE708B080BD00000000000034
:10B9A00080B590B0ADF83E000E918DF8372041F68D
:10B9B0009010C2F2034000788DF8360041F69210E4
:10B9C000C2F203400088ADF8340041F69410C2F290
:10B9D00003400088ADF83200FCF066FE9DF83700A9
:10B9E000B0FA80F0420946F29F41C0F611014620AC
:10B9F000FCF0CAFF9DF83700B0FA80F0420946F625
:10BA00004F31C0F611018020FCF0BEFF9DF83700D9
:10BA1000B0FA80F0420946F24941C0F61101BA205D
:10BA2000FCF0B2FF69464DF6FB60086040F27E20F4
:10BA3000F42140F216320B9240F2B11306F0F8F8FE
:10BA4000684641F2A2010A91816046F26741C0F660
:10BA500001014160102303604FF42270FA21782223
:10BA6000FFF7E6FCBDF83E3040F2822007904FF42D
:10BA70008C7106910022FCF01FFF0699BDF83E3044
:10BA800040F2CA2008904FF47842FCF015FF079866
:10BA9000BDF83E304FF4AA7109914FF4FC62FCF0FE
:10BAA0000BFF08980999BDF83E301F22FCF004FFF7
:10BAB0000A980B9A69460860BE204FF4E27140F282
:10BAC000DB1306F0B5F89DF8370070B3FFE7684662
:10BAD0004FF6E071816046F25961C0F601014160A4
:10BAE00010230360C8204FF4E4714022FFF7A0FC4C
:10BAF0000E9818B1FFE70E98059005E046F2C35086
:10BB0000C0F601000590FFE7059968464FF6FF7201
:10BB100082604160102303604FF482704FF4E4713F
:10BB20004FF4FF72FFF784FC1BE00E9818B1FFE79B
:10BB30000E98049005E046F25360C0F601000490B0
:10BB4000FFE7049968464FF6FF7282604160102358
:10BB50000360C8204FF4E47140F23A22FFF768FC1A
:10BB6000FFE79DF8360038B1FFE7BDF83400BDF8B7
:10BB70003210FCF7B5FEFFE710B080BD00000000FA
:10BB800080B586B00590694641F2A20008604FF486
:10BB9000A57040F213114FF4EB7240F24F1306F010
:10BBA00047F8059A69464FF6E070486020200490F7
:10BBB00008604FF4B77040F221110223FFF7D4FB65
:10BBC000049A68464FF6FF71816046F6CC11C0F6C4
:10BBD00001014160102303604FF4D47040F22B1137
:10BBE000FFF726FC06B080BD80B592B08DF8470007
:10BBF0008DF8461010928DF83F309DF847000528CB
:10BC000004D3FFE704208DF84700FFE700208DF8FC
:10BC10003900FFE79DF839009DF8471088420DDA9A
:10BC2000FFE79DF839200DF13A012A208854FFE7FB
:10BC30009DF8390001308DF83900EBE79DF8472079
:10BC40000DF13A01069100208854694641F6E3005F
:10BC500008604FF49B7007904E21039140F27A22C6
:10BC600004927923059305F0E3FF0399049A059B59
:10BC70000798EE4641F2A20CCDF82CC0CEF800C0D9
:10BC800001F19AFE069907986A464FF6FF735360D2
:10BC90001160582140F245121823FDF7C9FF69468B
:10BCA0004DF6FB6009900860FA20089080214FF45F
:10BCB0002F72972305F0BCFF08980B9B10999DF8F5
:10BCC0003F20002A18BF4FF478436A465360116042
:10BCD00082214FF4E17210230C93FDF7A9FF09981C
:10BCE0006946086040F28A200A90522140F2EE2212
:10BCF000692305F09DFF0A980B9A0C9B69468A60A0
:10BD000046F28402C0F601024A600B6054210D9194
:10BD10004822FFF78DFBDDF82CC00C980D999DF89B
:10BD20004620002A18BF4FF4784C6B46C3F804C075
:10BD3000186040F2C2200123FFF716FB12B080BD4D
:10BD400080B582B00190019808B9FFE71AE049F682
:10BD5000D540C2F20340007880B1FFE749F6D440F5
:10BD6000C2F20340007820B9FFE70198FEF7FCFC1F
:10BD700003E0019800F008F8FFE703E0019800F005
:10BD800077FAFFE702B080BD80B5A6B0259041F6F6
:10BD90009010C2F2034000788DF8890041F69210AD
:10BDA000C2F203400088ADF8860041F69410C2F25A
:10BDB00003400088ADF88400FCF076FC46F2603069
:10BDC000C0F6010024904FF4FC60ADF88A0025987D
:10BDD00090F8460001280AD1FFE746F25960C0F604
:10BDE000010024904FF6E070ADF88A0021E025981C
:10BDF00090F8460002280AD1FFE746F28620C0F6F6
:10BE0000010024904FF6E070ADF88A0010E025980C
:10BE100090F8460003280AD1FFE746F2B550C0F675
:10BE2000010024904FF47840ADF88A00FFE7FFE767
:10BE3000FFE746F24E60C0F601002390259890F887
:10BE40004700A8B1FFE7259890F8480080B9FFE7C0
:10BE5000259890F8472046F2DB21C0F6010146F212
:10BE6000E920C0F60100022A08BF0846239015E029
:10BE7000259890F8480080B1FFE7259890F8492070
:10BE800045F67151C0F6110145F65C50C0F611003F
:10BE9000002A18BF08462390FFE7FFE7694641F6EE
:10BEA000E3000D90086036200B906C2107914FF451
:10BEB000BB720C929F23089305F0BAFE0799089B6A
:10BEC0000D986A4610604FF4D4700E904FF43A7299
:10BED000109205F0ADFE0B980C9A0D996B46196007
:10BEE000DA21099140F20D130A9305F0A1FE099998
:10BEF0000A9BDDF834C00E98109AEE46CEF800C0CA
:10BF000005F096FE0B980C9A0D996B4619604FF44C
:10BF1000A4710F9140F27913119305F089FEDDF8B9
:10BF200034C00E980F99109A119BEE46CEF800C0BF
:10BF300005F07EFE684649F6F3411C91816046F2A9
:10BF40000B61C0F60101416018231E93036040207D
:10BF50001990742112912822FFF76AFA12991E9BF8
:10BF600025984269EC464FF6FF701B90CCF8000014
:10BF70006E20FFF0A9FA19981C9A69468A6046F269
:10BF8000DD52C0F601024A6010231F930B608C2122
:10BF9000139130221A92FFF74BFA13991F9B2598A1
:10BFA000C268EC464FF4FC601590CCF80000782095
:10BFB000FFF08AFA1399199ADDF870C01F9B684642
:10BFC000C0F808C046F2E90CC0F6010CC0F804C085
:10BFD0000360DC20FFF72CFA13991F9B259AD06988
:10BFE000126A0244EC4640F2FF70CCF800004FF4B5
:10BFF0009170FFF069FA12991B981E9B259AB2F86E
:10C000006820EC46CCF800004FF4D9701690FFF091
:10C010005BFA12991C9A1E9B6846826046F649029A
:10C02000C0F601021792426003604FF4FA701A469C
:10C03000FFF7FEF912991B981E9B259AB2F86A2009
:10C04000EC46CCF800004FF40470FFF03DFA139971
:10C050001698DDF870C01F9B6A46C2F808C046F209
:10C06000520CC0F6010CC2F804C013606422FFF742
:10C07000DFF919981E9B25998A6AEC464FF6E07104
:10C08000CCF80010E2211891FFF01EFA19981A9AC4
:10C09000DDF870C01F9B6946C1F808C046F2251C38
:10C0A000C0F6010CC1F804C00B60F8211491FFF731
:10C0B000BFF9149915981F9B259A526B002A18BF37
:10C0C0004FF47840EC46CCF800008220FFF0FCF9F9
:10C0D000DDF854C0169818991E9B259AD26B142A25
:10C0E00088BF4FF6E07CEE46CEF800C0FFF0ECF9DA
:10C0F000179A1899DDF870C01E9B6846C0F808C0F2
:10C10000426003604FF407701A46FFF791F91899DF
:10C110001B981E9B259AB2F84220642A88BF4FF4D0
:10C120007840EC46CCF8000040F23A20FFF0CCF921
:10C1300019981F9B249ABDF88AC06946C1F808C0A7
:10C140004A600B604FF4A8711D914822FFF770F907
:10C150001A9ADDF870C01D991F9B6846C0F808C088
:10C1600046F2783CC0F6010CC0F804C00360AA2077
:10C17000FFF75EF91B981D991F9B259AB2F8442082
:10C18000EC46CCF80000E420FFF09EF9DDF870C02A
:10C190001D991E9A1F9B6846C0F808C046F2457C50
:10C1A000C0F6010CC0F804C003604FF48470FFF7C0
:10C1B0003FF923982090259890F8480058B1FFE760
:10C1C000259890F849104FF47840002918BF4FF493
:10C1D000FC60069003E040F2FF400690FFE72099E4
:10C1E000069882B2684682604160182303604FF46B
:10C1F000D9704FF4A471DC22FFF71AF9259890F852
:10C20000480038BBFFE7259890F8470010B3FFE7D8
:10C210002598B0F84A20694640F2FF4008604FF484
:10C22000D9704FF4B271049110230593FFF04CF9CB
:10C230000499059B684649F6F342826046F6CC12A3
:10C24000C0F60102426003604FF4E6701A46FFF741
:10C25000EFF8FFE79DF8890038B1FFE7BDF88600E9
:10C26000BDF88410FCF73CFBFFE726B080BD000062
:10C2700080B5BAB03990399810B9FFE700F0ADBC7D
:10C2800041F69010C2F2034000788DF8DA0041F6D2
:10C290009210C2F203400088ADF8D80041F6941025
:10C2A000C2F203400088ADF8D600FCF0FDF9694603
:10C2B00041F6E30029900860362027906E212491F2
:10C2C0004FF4BB7228929423259305F0B1FC249976
:10C2D000259B29986A4610604FF4D4702A904FF439
:10C2E0003A722C9205F0A4FC2798289A29996B465B
:10C2F0001960DC2126914FF4817305F099FC269991
:10C30000299B2A982C9AEC46CCF800304FF486737F
:10C3100005F08EFC2798289A29996B4619604FF4EE
:10C32000A5712B914FF4B8732D9305F081FCDDF8C6
:10C33000A4C02A982B992C9A2D9BEE46CEF800C0CB
:10C3400005F076FC399800680DF1DB012E91FCF0C8
:10C35000EBFE2E9968464FF6FF7231928260416083
:10C360001823339303604020329074213091BE2211
:10C37000FFF75EF83099339B39984268EC464FF4EA
:10C38000FC602F90CCF800004FF4D970FFF09CF8BF
:10C390003099339B684649F6F342826046F649027B
:10C3A000C0F601024260036040F23A201A46FFF7ED
:10C3B0003FF82F983099339B399A9268B2F5004F25
:10C3C00038BF4FF6E070EC46CCF8000040F2562043
:10C3D000FFF07AF831993298339B399AD268EC465B
:10C3E000CCF80010E221FFF06FF839980169349120
:10C3F000006B20B1FFE74FF47840239009E03998B3
:10C4000001694FF4FC60002918BF4FF6E0702390DB
:10C41000FFE7349A239880B2694608604FF4D970D8
:10C420001A90E221169118231B93FFF04DF81699EC
:10C430001B9B684649F6F3422092826046F6490209
:10C44000C0F601021C924260036040F23A201A4694
:10C45000FEF7EEFF16991B9B3998426A4FF4FC6079
:10C460001790002A18BF4FF6E070EC46CCF8000099
:10C4700040F25620FFF028F81A98209A69468A6000
:10C4800046F2D852C0F601024A60102322930B6094
:10C49000FC2118912822FEF7CBFF17981899229BB0
:10C4A000399A126B002A18BF4FF47840EC46CCF84A
:10C4B00000004FF4EF70FFF007F81B9B3998B0F8BD
:10C4C000682069464FF6FF701E90086040204FF4C8
:10C4D000A8711991FEF0F8FF19991B9B1C9ADDF8C1
:10C4E00080C06846C0F808C04260036078201A46E1
:10C4F000FEF79EFF19991B9B1E98399AB2F86A2085
:10C50000EC46CCF800009420FEF0DEFF19991A9852
:10C51000DDF878C0229B399AB2F86C20802A38BFA7
:10C520004FF4784CEE46CEF800C0FEF0CDFF1999DE
:10C530001C9ADDF880C0229B6846C0F808C04260A3
:10C5400003604FF4F17008221D92FEF771FF1999F4
:10C550001E98229B399AB2F86E20802A38BF4FF479
:10C560007840EC46CCF800004FF4F770FEF0ACFFDA
:10C570001999DDF870C01D9A229BDDF880E06846AD
:10C58000C0F808E0C0F804C0036040F21E20FEF7C7
:10C590004FFF19991E98229B399AB2F87020802A71
:10C5A00038BF4FF47840EC46CCF8000040F22A2027
:10C5B000FEF08AFF1999DDF870C01D9A229BDDF804
:10C5C00080E06846C0F808E0C0F804C0036040F2AC
:10C5D0005A20FEF72DFF19991E98229B399AB2F81E
:10C5E0007220802A38BF4FF47840EC46CCF8000027
:10C5F00040F26620FEF068FF1999DDF870C01D9AC0
:10C60000229BDDF880E06846C0F808E0C0F804C06E
:10C61000036040F29620FEF70BFF19991E98229BAB
:10C62000399AB2F87420802A38BF4FF47840EC462B
:10C63000CCF8000040F2A220FEF046FF1A981B9AA8
:10C64000DDF880C0229B6946C1F808C046F2A65CAE
:10C65000C0F6010CC1F804C00B604FF4B0711F911B
:10C66000FEF7E6FE1E981F99229B399AB2F87620B3
:10C67000802A38BF4FF47840EC46CCF800004FF4E5
:10C68000E970FEF021FFDDF870C01D9A1F99229B12
:10C69000DDF880E06846C0F808E0C0F804C0036038
:10C6A00040F20220FEF7C4FE1E981F99229B399A81
:10C6B000B2F87820802A38BF4FF47840EC46CCF8A6
:10C6C000000040F20E20FEF0FFFE694641F6E30056
:10C6D0000860302021904FF4C07140F2EF2240F208
:10C6E000C51305F0A5FA2099219A229B684681601E
:10C6F00046F29521C0F6010141600360342040F20A
:10C700008111FEF795FE399890F89D0080B1FFE702
:10C71000399890F89E2046F27A21C0F6010146F23F
:10C720003E20C0F60100002A18BF0846159005E01B
:10C7300046F2CA50C0F601001590FFE71598149014
:10C74000399890F89D0058B1FFE7399890F89E10FD
:10C750004FF47840002918BF4FF4FC60139003E0B9
:10C760004FF6E0701390FFE71499139882B2684671
:10C7700082604160102312930360682040F28111AF
:10C78000039140220C92FEF753FE0399129B6846D8
:10C7900049F6F3420D92826046F2E852C0F6010279
:10C7A00042600360B82038220792FEF741FE0399E9
:10C7B000129B3998C26CEC464FF6FF700A90CCF889
:10C7C0000000F420FEF080FE03990D9A129B68464B
:10C7D000826046F29B22C0F60102426003604FF481
:10C7E000B4702822FEF724FE03990A98129B399A06
:10C7F000126DEC46CCF800004FF4CA70FEF064FEF7
:10C8000003990D9A129B6846826046F2D802C0F6E0
:10C810000102426003604FF4027020220492FEF78E
:10C8200007FE03990A98129B399A526DEC46CCF890
:10C8300000004FF40B70FEF047FE03990D9A129B17
:10C840006846826046F64902C0F6010208924260DC
:10C8500003604FF41F7008220992FEF7E9FD039967
:10C860000A98129B399A926DEC46CCF800004FF46E
:10C870002270FEF029FE0D99129B6846816046F2F7
:10C88000FB51C0F60101416003603420069040F284
:10C89000971105915822FEF7CBFD0599129B399807
:10C8A000C26D4FF4FC600F90002A18BF4FF478401F
:10C8B000EC46CCF800009020FEF006FE0599DDF86D
:10C8C00020C0099A129BDDF834E06846C0F808E001
:10C8D000C0F804C00360E020FEF7AAFD05990F9898
:10C8E000129B399A126E002A18BF4FF47840EC461A
:10C8F000CCF80000EC200B90FEF0E6FD0599DDF889
:10C9000020C0099A129BDDF834E06846C0F808E0C0
:10C91000C0F804C003604FF49E70FEF789FD0599CE
:10C920000F98129B399A526E002A18BF4FF4784024
:10C93000EC46CCF800004FF4A470FEF0C5FD05995C
:10C940000D9A129B6846826046F21C32C0F60102C4
:10C95000426003604FF4D27030220E92FEF768FD01
:10C9600005990F98129BDDF8E4C0DCF88C20DCF808
:10C9700090C0BCF1000F18BF4FF47840EC46CCF8E3
:10C9800000004FF4EC70FEF09FFD0599DDF820C02B
:10C99000099A129BDDF834E06846C0F808E0C0F858
:10C9A00004C003604FF40070FEF742FD05990F9834
:10C9B000129B399AD2F89020002A18BF4FF4784081
:10C9C000EC46CCF800004FF40370FEF07DFD049AB5
:10C9D0000599DDF834C0129B6846C0F808C046F2DD
:10C9E000CE2CC0F6010CC0F804C003604FF41170E7
:10C9F000FEF71EFD049A0599129B399890F8A00045
:10CA000045F6B97EC0F6010E46F2CA2CC0F6010CFE
:10CA1000002818BFF4464FF6E07E002818BF4FF4F8
:10CA2000FC6E6846C0F808E0C0F804C003604FF42C
:10CA30001A701090FEF7FCFC05990D9A129B68463F
:10CA4000826046F2D462C0F61102426003604FF485
:10CA500026701822FEF7ECFC05990F98129B399A64
:10CA600092F89C20002A18BF4FF47840EC46CCF88E
:10CA700000004FF42D70FEF027FD0698079ADDF8B0
:10CA800034C0129B6946C1F808C046F2F73CC0F6B4
:10CA9000010CC1F804C00B6040F2AD111191FEF71A
:10CAA000C7FC0A981199129B399AB2F87A20EC4681
:10CAB000CCF800007020FEF007FDDDF820C0099AD8
:10CAC0001199129BDDF834E06846C0F808E0C0F820
:10CAD00004C003609820FEF7ABFC0A981199129BE2
:10CAE000399AB2F87C20EC46CCF80000A420FEF085
:10CAF000EBFC0B980C9A1199129BDDF834E0EC4694
:10CB0000CCF808E046F2943EC0F6010ECCF804E002
:10CB1000CCF80030FEF78CFC0F981199129B399AD3
:10CB2000D2F88020002A18BF4FF47840EC46CCF8A9
:10CB300000004FF49270FEF0C7FC0D9A1199129B01
:10CB40006846826046F28E42C0F60102426003608F
:10CB50004FF4C6704822FEF76BFC0F981199129B98
:10CB6000399AD2F88420002A18BF4FF47840EC4656
:10CB7000CCF800004FF4EA70FEF0A6FCDDF834C0FB
:10CB80000E9A1199129B6846C0F808C046F2964C5E
:10CB9000C0F6010CC0F804C003604FF40D70FEF73E
:10CBA00047FCDDF83CC010981199129B399AD2F8D5
:10CBB0008820002A18BF4FF4784CEE46CEF800C00B
:10CBC000FEF082FC9DF8DA0038B1FFE7BDF8D8002E
:10CBD000BDF8D610FBF784FEFFE73AB080BD000039
:10CBE00080B582B0ADF806008DF8051000F150FC5C
:10CBF0009DF80710A02000EB4100C0B200F108FC36
:10CC000000F18EFC9DF8060000F102FC00F188FCAA
:10CC10009DF8050000F1FCFB00F182FC00F160FCD6
:10CC20000A2000F0F5FC02B080BD0000000000000A
:10CC300082B08DF806009DF806000146009101289B
:10CC400015D0FFE70098022815D0FFE700980428C8
:10CC500015D0FFE70098802815D0FFE700988638A8
:10CC6000022814D3FFE70098892810D013E00B2086
:10CC70008DF8070013E007208DF807000FE00A2069
:10CC80008DF807000BE004208DF8070007E0032073
:10CC90008DF8070003E000208DF80700FFE79DF8FE
:10CCA000070002B07047000080B588B08DF81E0004
:10CCB000069141F29420C2F20340C07A98B9FFE78E
:10CCC0009DF81E0057280AD1FFE79DF81E0041F28B
:10CCD0009421C2F2034108700120C872FFE70020CE
:10CCE0008DF81F000AE141F29420C2F20340C07A9D
:10CCF00001281FD1FFE79DF81E00AB280AD1FFE7EE
:10CD00009DF81E0041F29421C2F2034148700220B6
:10CD1000C8720BE041F29421C2F20341486A01302B
:10CD200048629DF81E0000F017F9FFE700208DF81B
:10CD30001F00E3E041F29420C2F20340C07A0228CF
:10CD400026D1FFE79DF81E00FFF772FF8DF8170050
:10CD50009DF8170078B9FFE741F29421C2F2034130
:10CD6000486A013048629DF81E0000F0F5F8002086
:10CD70008DF81F00C2E09DF81E0041F29421C2F21E
:10CD8000034188700320C8729DF8170008730BE0F8
:10CD90009DF81E0041F29421C2F20341CA7A8854E0
:10CDA000C87A0130C872FFE741F29421C2F2034110
:10CDB000C87A097B884204DAFFE700208DF81F005B
:10CDC0009CE041F29420C2F20340807802282BD1EB
:10CDD000FFE7069900200390087041F29420C2F208
:10CDE00003400290C178069A51700179069A9170B9
:10CDF0004179069AD17080790699087101200490D2
:10CE000000F0D2F8029A039903460498DDF818C09E
:10CE10008CF80530069B9871136901331361D17248
:10CE200011738DF81F0069E041F29420C2F20340B3
:10CE30008078802832D1FFE741F29421C2F2034189
:10CE4000486901304861C87881F82E00C87800F040
:10CE50000F008DF816000020C872087300F098F8D3
:10CE60009DF816008007002804D4FFE700208DF805
:10CE70001F0043E006990120087000F0DDF80699D4
:10CE8000487141F29420C2F2034090F82D000699B7
:10CE90008871069840798DF81F002FE041F29420A8
:10CEA000C2F20340807886281BD1FFE741F294212B
:10CEB000C2F2034148690130486100200190C87204
:10CEC0000873069A0121117000F06EF8014601986E
:10CED000069A517106998871069840798DF81F005D
:10CEE0000CE041F29421C2F20341086A0130086269
:10CEF0000020C87208738DF81F00FFE79DF81F001F
:10CF000008B080BD0000000080B584B00290029897
:10CF100020B9FFE700208DF80F0019E002990020EA
:10CF20004871FFE70DF1070004F176FB60B1FFE700
:10CF30009DF807000299FFF7B7FE20B1FFE7012037
:10CF40008DF80F0004E0EDE700208DF80F00FFE7FB
:10CF50009DF80F0004B080BD81B08DF8030041F250
:10CF60009421C2F203410020C87208739DF80300A7
:10CF700057280AD1FFE79DF8030041F29421C2F23D
:10CF8000034108700120C872FFE701B0704700003C
:10CF900080B545F26A70C0F611000B2107F048F920
:10CFA00080BD00000000000081B08DF802009DF8F7
:10CFB0000200002818BF01208DF8020041F29420E1
:10CFC000C2F2034090F82C0078B1FFE741F29420C0
:10CFD000C2F2034090F82D009DF80210884204D15F
:10CFE000FFE700208DF8030022E041F29421C2F215
:10CFF0000341012081F82C009DF8020081F82D00EA
:10D000009DF8020040B1FFE741F29421C2F20341D2
:10D0100088690130886107E041F29421C2F203413E
:10D02000C8690130C861FFE701208DF80300FFE700
:10D030009DF8030001B0704780B582B041F29420A2
:10D04000C2F2034090F82C0030B9FFE70120FFF74F
:10D05000ABFF8DF807000DE041F29420C2F20340CF
:10D0600090F82D00B0FA80F04009FFF79DFF8DF891
:10D070000700FFE79DF8070002B080BD0000000038
:10D0800080B584B00290019102990020C870029985
:10D090004FF0FF30C8620298019905F051FC20B1B1
:10D0A000FFE704208DF80F0042E0029800F22E20E6
:10D0B00004F0CEFF4AF65521884204D0FFE7032052
:10D0C0008DF80F0034E0029890F83000E9280CD079
:10D0D000FFE7029890F83000EB2806D0FFE70298AF
:10D0E00090F83000E8281FD1FFE70298663046F636
:10D0F0000671C0F60101032205F0DEFB20B9FFE74F
:10D1000000208DF80F0013E00298823046F600717F
:10D11000C0F60101052205F0CFFB20B9FFE7002092
:10D120008DF80F0004E0FFE702208DF80F00FFE705
:10D130009DF80F0004B080BD83B002900191FFE71D
:10D14000029801780020009041B1FFE70298007832
:10D150000199401A18BF01200090FFE70098C0070E
:10D1600020B1FFE7029801300290E9E702980078C9
:10D1700003B070470000000080B58AB008900791A6
:10D1800007980068019008982030059005982021A4
:10D190000B2205F0BDFB00200290039008200490B4
:10D1A000FFE7019803994A1C0392405C8DF81B002D
:10D1B0009DF81B00202801DCFFE7A4E09DF81B0080
:10D1C0002F2805D0FFE79DF81B005C281BD1FFE747
:10D1D000FFE701980399415C01202F29009009D0B5
:10D1E000FFE701980399405C5C38B0FA80F0400991
:10D1F0000090FFE70098C00720B1FFE703980130D7
:10D200000390E6E77FE09DF81B002E2805D0FFE79E
:10D2100002980499884212D3FFE704980B2805D09E
:10D22000FFE79DF81B002E2804D0FFE706208DF8AD
:10D2300027008AE0082002900B200490B1E79DF8B7
:10D240001B0080280CDBFFE79DF81B0000F07F012E
:10D2500045F65C10C0F60100405C8DF81B00FFE74E
:10D260009DF81B00FEF0E8FE30B3FFE7019803993C
:10D270004A1C0392405C8DF81A009DF81A0000F0D9
:10D2800097F930B1FFE7029804990139884204D335
:10D29000FFE706208DF8270057E09DF81B00059951
:10D2A000029A531C029388549DF81A000599029A19
:10D2B000531C0293885425E09DF81B1046F60A7013
:10D2C000C0F60100FFF738FF20B1FFE706208DF818
:10D2D00027003AE09DF81B0061280BDBFFE79DF873
:10D2E0001B007A2806DCFFE79DF81B0020388DF82C
:10D2F0001B00FFE79DF81B000599029A531C02933F
:10D300008854FFE74DE7019803990844079908609E
:10D31000029820B9FFE706208DF8270015E0059850
:10D320000078E52804D1FFE7059905200870FFE79C
:10D330009DF81B10002021290146B8BF012189005A
:10D34000059AD1728DF82700FFE79DF827000AB0F3
:10D3500080BD00000000000080B586B042F20000F1
:10D36000C5F602000390082104910022029206F003
:10D3700067FAFEF0C9FD41F60040C5F602000090D4
:10D38000402101910122059206F05AFAFEF0BCFDFF
:10D3900000980199029A06F053FAFEF0B5FD039841
:10D3A0000499059A06F04CFAFEF0AEFD06B080BD79
:10D3B00080B582B08DF80700FEF0EEFD9DF8070005
:10D3C000FEF0AAFD00F0ACF88DF80600FEF010FEAD
:10D3D0009DF8060002B080BD80B584B0FFE744F23E
:10D3E000E041C5F60201086840F080000860FFE7F0
:10D3F000FFE744F2E041C5F60201086840F480709E
:10D400000860FFE76846012303934360036041F629
:10D410000040C5F6020040211A4603F13DFB039B84
:10D4200068464360036042F20000C5F6020008212E
:10D430001A4603F131FBFEF0DBFD04B080BD0000B5
:10D4400080B584B042F20000C5F602000821012236
:10D45000019206F0F5F9FEF057FD019A41F6004001
:10D46000C5F6020002904021039106F0E9F9FEF0B2
:10D470004BFD02980399002206F0E2F9FEF044FD0C
:10D4800004B080BD0000000080B582B08DF80700B8
:10D4900000208DF805008DF80600FFE79DF80600D6
:10D4A00007282FDCFFE79DF8050040008DF80500F8
:10D4B00041F60040C5F602004021012206F0C0F905
:10D4C000FEF022FD42F20000C5F60200082103F141
:10D4D000CBFA30B1FFE79DF8050001308DF805006B
:10D4E000FFE741F60040C5F602004021002206F0A9
:10D4F000A7F9FEF009FDFFE79DF8060001308DF861
:10D500000600CBE79DF8070018B9FFE7FFF798FF83
:10D5100002E0FFF721FFFFE79DF8050002B080BDA4
:10D5200080B582B000208DF807008DF8060042F229
:10D530000000C5F6020008210122009206F080F9E1
:10D54000FEF0E2FC009A41F60040C5F602004021E0
:10D5500006F076F9FEF0D8FCFFE742F20000C5F6CF
:10D560000200082103F180FA98B1FFE79DF8070057
:10D5700001308DF807009DF80700FB2806DBFFE768
:10D58000FEF036FD01208DF8060002E0FEF0BCFC46
:10D59000E3E741F60040C5F602004021002206F014
:10D5A0004FF9FEF0B1FC9DF8060002B080BD00000E
:10D5B00082B08DF803009DF8030018B1FFE700204A
:10D5C000019002E000200190FFE7019802B070474F
:10D5D00081B0ADF802004EF21001CEF200010868F1
:10D5E00040F004000860BDF8020043F6A422C2F235
:10D5F00003421060086840F0010008604EF2140118
:10D60000CEF200016FF07040086001B0704700007A
:10D6100080B582B0ADF80600BDF806004FF47A710F
:10D620004843FEF019FD02B080BD0000000000007C
:10D6300080B586B004900391049800680090049827
:10D640000069203002900498806928B1FFE70298B1
:10D65000B0F5001F04D3FFE704208DF817008BE01E
:10D66000BDF80800C005002877D1FFE70499886954
:10D67000013088610498406978B9FFE70299009801
:10D680000089B0EB511F07D8FFE70499002088619B
:10D6900004208DF817006FE05EE002990098408941
:10D6A000013810EA512F56D1FFE704984169FFF085
:10D6B000EBFA01900198012804D8FFE702208DF8C9
:10D6C000170059E00198013020B9FFE701208DF8DB
:10D6D000170051E0019800994969884231D3FFE76A
:10D6E000039838B9FFE704990020886104208DF879
:10D6F000170041E004984169FEF012FB0190019887
:10D7000020B9FFE707208DF8170035E001980128C0
:10D7100004D1FFE702208DF817002DE001980130B9
:10D7200020B9FFE701208DF8170025E00098019946
:10D73000FEF02EFD20B1FFE701208DF817001BE061
:10D74000FFE701980499486100980199FEF0CCFA2E
:10D7500004998861FFE7FFE7FFE7029804990861F1
:10D76000009802996FF35F21084430300499C86132
:10D7700000208DF81700FFE79DF8170006B080BD68
:10D7800080B586B00590049104208DF80F000598AF
:10D7900000680290FFE70598806900284AD0FFE7FB
:10D7A00002980599896905F0CBF88DF80F009DF86E
:10D7B0000F0008B1FFE73DE00598C06900788DF8DB
:10D7C00006009DF8060020B9FFE704208DF80F0041
:10D7D00030E00598C069C07A00F03F008DF807007E
:10D7E000059988719DF80600E52817D0FFE79DF898
:10D7F00006002E2812D0FFE79DF807000F280DD055
:10D80000FFE79DF8070000F0DF000838B0FA80F06D
:10D8100040090499884201D1FFE70BE005980021F7
:10D82000FFF706FF8DF80F009DF80F0008B1FFE726
:10D8300000E0B0E79DF80F0020B1FFE70599002058
:10D840008861FFE79DF80F0006B080BD0000000072
:10D8500080B584B00390039800680190039801217B
:10D86000FEF042FC8DF80B009DF80B00E0B9FFE7DD
:10D8700001980399896905F063F88DF80B009DF80C
:10D880000B0080B9FFE70398C0690021202205F052
:10D890003FF80399C86920310B2201F111FE01996B
:10D8A0000120C870FFE7FFE79DF80B0004B080BDC2
:10D8B00080B584B0039003980068019001980399A3
:10D8C000896905F03DF88DF80B009DF80B0040B913
:10D8D000FFE70398C169E520087001990120C8702D
:10D8E000FFE79DF80B0004B080BD000000000000C1
:10D8F00080B582B08DF806009DF8060020B1FFE7E4
:10D9000001208DF8070019E0F4F742F838B9FFE775
:10D9100040F22D01C2F200410020087006E040F202
:10D920002D01C2F2004101200870FFE740F22D00F6
:10D93000C2F2004000788DF80700FFE79DF807006D
:10D9400002B080BD0000000081B08DF802009DF89B
:10D95000020020B1FFE701208DF8030007E040F24C
:10D960002D00C2F2004000788DF80300FFE79DF81B
:10D97000030001B07047000080B584B08DF80E0040
:10D980000291019200939DF80E0030B9FFE70298D2
:10D9900018B1FFE7009820B9FFE704208DF80F00C9
:10D9A00016E040F22D00C2F200400078C00720B11E
:10D9B000FFE703208DF80F000AE002980199009A12
:10D9C000F4F09EFF002818BF01208DF80F00FFE73C
:10D9D0009DF80F0004B080BD80B586B0049003911F
:10D9E000049820B9FFE709208DF8170059E003A833
:10D9F00001A9002200F09CFD8DF80B009DF80B00A2
:10DA0000002841D1FFE70198049908600498039920
:10DA100001F00AF88DF80B009DF80B0050BBFFE7F2
:10DA2000049890F82B000006002813D4FFE7049810
:10DA30008079C006002808D5FFE701980499C969D4
:10DA400004F0EAFA0499886003E005208DF80B00E1
:10DA5000FFE7FFE79DF80B0058B9FFE70198C08882
:10DA60000499888004980021FEF042FC8DF80B0098
:10DA7000FFE7FFE79DF80B00042804D1FFE705202E
:10DA80008DF80B00FFE7FFE79DF80B0020B1FFE7E3
:10DA9000049900200860FFE79DF80B008DF817003F
:10DAA000FFE79DF8170006B080BD000000000000F1
:10DAB00080B58EB00C900B910A9209930B98009050
:10DAC0000999002008600C9807A906F00DFD8DF853
:10DAD00023009DF8230030B9FFE70C98407C8DF8B7
:10DAE000230028B1FFE79DF823008DF8370011E1EE
:10DAF0000C98007CC00720B9FFE707208DF837009D
:10DB000008E10C99C8684969401A04900A98049978
:10DB1000884203D9FFE704980A90FFE7FFE70A98D5
:10DB2000002800F0F380FFE70C98808AC0050028E9
:10DB300040F0BF80FFE70C984169079840890138A1
:10DB400000EA51200190019830BBFFE70C98406932
:10DB500020B9FFE70C988068069005E00C98816971
:10DB6000FFF092F80690FFE70698012806D8FFE735
:10DB70000C99022048748DF83700CBE006980130EC
:10DB800030B9FFE70C99012048748DF83700C1E0E7
:10DB900006980C998861FFE707980C998969FEF04F
:10DBA000A3F80590059830B9FFE70C990220487456
:10DBB0008DF83700AEE001990598084405900A9861
:10DBC000400A02900298E0B3FFE7019802990844E6
:10DBD00007994989884206D9FFE707984089019942
:10DBE000401A0290FFE7079840780099059A029B37
:10DBF000FEF07AFC30B1FFE70C99012048748DF8F3
:10DC0000370087E00C98007C0006002815D5FFE758
:10DC10000C98C0690599401A029988420DD2FFE715
:10DC200000980C99CA69059BD21A00EB4220283152
:10DC30004FF4007201F144FCFFE7029840020390A8
:10DC400051E00C98C069059988422ED0FFE70C98E6
:10DC5000007C0006002817D5FFE7079840780C9A4B
:10DC600002F12801D2690123FFF786FE30B1FFE7F8
:10DC70000C99012048748DF837004BE00C99087C12
:10DC800000F07F000874FFE7079840780C9928316E
:10DC9000059A0123FEF028FC30B1FFE70C99012022
:10DCA00048748DF8370035E0FFE705980C99C86196
:10DCB000FFE70C9840696FF35F20C0F50070039098
:10DCC00003980A99884203D9FFE70A980390FFE76F
:10DCD00000980C994A696FF35F2211442831039A26
:10DCE00001F1EEFBFFE703990A98401A0A90039AA4
:10DCF0000999086810440860039900980844009046
:10DD0000039A0C9948691044486108E700208DF88F
:10DD10003700FFE79DF837000EB080BD000000001F
:10DD200080B584B0039002910398694606F0DCFB4D
:10DD30008DF807009DF8070098BBFFE7029838B9F7
:10DD4000FFE703980021FEF0D3FA8DF8070027E0E3
:10DD500003980021FFF714FD8DF807009DF80700D8
:10DD6000042804D1FFE700208DF80700FFE79DF8A5
:10DD70000700A0B9FFE70398029901F019F9039889
:10DD80000021FFF755FC8DF807009DF807000428D7
:10DD900004D1FFE700208DF80700FFE7FFE7FFE76A
:10DDA000FFE79DF8070004B080BD00000000000000
:10DDB00080B5A8B02790269126A8FFF001F827A8E3
:10DDC0000EA9022200F0B4FB8DF897009DF8970091
:10DDD000002840F0C680FFE70E981A9027991AA8ED
:10DDE00000F022FE8DF897009DF8970050B9FFE7EC
:10DDF0009DF8930010F0A00F04D0FFE706208DF8E7
:10DE00009700FFE79DF89700002840F0A980FFE702
:10DE1000219906A8202201F153FB0FA803901AA90B
:10DE20002C2201F14DFB0398269900F0FDFD8DF8A1
:10DE300097009DF89700C0B9FFE711991C9A002040
:10DE40009142029008D1FFE713981E99401AB0FA48
:10DE500080F040090290FFE70298C10708200029DE
:10DE600018BF04208DF89700FFE79DF8970004285D
:10DE700061D1FFE70FA8FFF7EBFC8DF897009DF845
:10DE80009700002856D1FFE71698059005980D30A9
:10DE900006A90D31132201F113FB9DF8230005990A
:10DEA000C8720598C07AC006002806D4FFE7059915
:10DEB000C87A40F02000C872FFE70E990120C870B0
:10DEC0000598C07AC006002833D5FFE71C98119941
:10DED00088422ED0FFE70E980190059904F09CF837
:10DEE00001460198FDF000FF0490049820B9FFE777
:10DEF00002208DF897001BE00E98049904F020FD95
:10DF00008DF897000E98503005909DF8970070B9E5
:10DF1000FFE7059840782E2809D1FFE70E9805996C
:10DF2000119A05F031FA0E990120C870FFE7FFE75A
:10DF3000FFE7FFE7FFE79DF8970080B9FFE71AA822
:10DF4000FFF7B6FC8DF897009DF8970030B9FFE712
:10DF50000E9802F1E9FC8DF89700FFE7FFE7FFE775
:10DF6000FFE79DF8970028B080BD0000000000008A
:10DF700080B58EB00D900C910DA86946002200F07E
:10DF8000D7FA8DF82F009DF82F00F8B9FFE70D990B
:10DF9000684600F049FD8DF82F009DF82F00A0B9CC
:10DFA000FFE79DF82B000006002804D5FFE70620B8
:10DFB0008DF82F0008E00C9828B1FFE70C9968460F
:10DFC00000F0F6FFFFE7FFE7FFE7FFE79DF82F0010
:10DFD0000EB080BD0000000080B586B004900498AB
:10DFE00002A906F081FA8DF80F009DF80F000028B5
:10DFF0005ED1FFE70498007C4006002857D5FFE774
:10E000000498007C0006002815D5FFE702984078A8
:10E01000049A02F12801D2690123FFF7ADFC20B177
:10E02000FFE701208DF8170047E00499087C00F015
:10E030007F000874FFE70020C4F621400190029899
:10E040000499096A04F07CFC8DF80F009DF80F001C
:10E0500060BBFFE70498406A00900099C87A40F0DE
:10E060002000C872049A00991068926805F08CF933
:10E0700000981C300499C96802F11AFC0098163007
:10E08000019902F115FC00981230002102F134FCD4
:10E0900002990120C870029802F146FC8DF80F0029
:10E0A0000499087C00F0BF000874FFE7FFE7FFE772
:10E0B0009DF80F008DF81700FFE79DF8170006B0D8
:10E0C00080BD00000000000080B59AB019900020CB
:10E0D000019019A86946022200F02AFA8DF863001F
:10E0E0009DF8630000287DD1FFE700980D901999F5
:10E0F0000DA800F099FC8DF863009DF863000028DE
:10E100006FD1FFE79DF85F000006002804D5FFE708
:10E1100006208DF8630009E09DF83A00C00720B1A1
:10E12000FFE707208DF86300FFE7FFE79DF8630036
:10E1300098BBFFE70098149903F06EFF01909DF8DB
:10E140003A00C006002827D5FFE700980290019802
:10E15000049002A80021FEF0CBF88DF863009DF832
:10E160006300C0B9FFE702A80021FFF709FB8DF8A3
:10E1700063009DF8630020B9FFE707208DF8630076
:10E18000FFE79DF86300042804D1FFE700208DF825
:10E190006300FFE7FFE7FFE7FFE79DF86300F8B9DB
:10E1A000FFE70DA8FFF784FB8DF863009DF863007F
:10E1B00058B9FFE7019840B1FFE701990DA8002287
:10E1C00004F0CEFE8DF86300FFE79DF8630030B9E0
:10E1D000FFE7009802F1A8FB8DF86300FFE7FFE777
:10E1E000FFE7FFE79DF863001AB080BD0000000064
:10E1F00080B58EB00C900B910A9209930B98019008
:10E200000999002008600C9807A906F06DF98DF8AF
:10E2100023009DF8230030B9FFE70C98407C8DF86F
:10E22000230028B1FFE79DF823008DF8370046E171
:10E230000C98007C8007002804D4FFE707208DF8A5
:10E2400037003CE10C9841690A980844884205D29D
:10E25000FFE70C984069C0430A90FFE7FFE70A9880
:10E26000002800F02381FFE70C98808AC005002871
:10E2700040F0D980FFE70C98416907984089013840
:10E2800000EA512002900298D8BBFFE70C98406941
:10E2900068B9FFE70C9880680690069830B9FFE7E8
:10E2A0000C980021FDF03CFD0690FFE705E00C987E
:10E2B0008169FDF035FD0690FFE7069808B9FFE794
:10E2C000F4E00698012806D1FFE70C990220487473
:10E2D0008DF83700F3E00698013030B9FFE70C996C
:10E2E000012048748DF83700E9E006980C998861A0
:10E2F0000C98806820B9FFE706980C998860FFE7C2
:10E30000FFE70C98007C0006002817D5FFE7079868
:10E3100040780C9A02F12801D2690123FFF72CFB07
:10E3200030B1FFE70C99012048748DF83700C6E042
:10E330000C99087C00F07F000874FFE707980C999F
:10E340008969FDF0D1FC0590059830B9FFE70C997B
:10E35000022048748DF83700B1E00299059808440E
:10E3600005900A98400A03900398E0B3FFE70298EB
:10E370000399084407994989884206D9FFE7079815
:10E3800040890299401A0390FFE707984078019965
:10E39000059A039BFFF7F0FA30B1FFE70C990120D3
:10E3A00048748DF837008AE00C98C0690599401AC6
:10E3B0000399884213D2FFE70C9A02F128000199D1
:10E3C000D269059BD21A01EB42214FF4007201F190
:10E3D00077F80C99087C00F07F000874FFE7039839
:10E3E000400204903EE00C98C0690599884216D01E
:10E3F000FFE70C98C1684069884210D2FFE7079890
:10E4000040780C992831059A0123FEF06DF830B15F
:10E41000FFE70C99012048748DF837004FE005980C
:10E420000C99C861FFE70C9840696FF35F20C0F555
:10E430000070049004980A99884203D9FFE70A986B
:10E440000490FFE70C9841696FF35F21084428307E
:10E450000199049A01F134F80C99087C40F080008D
:10E460000874FFE704990A98401A0A90049A0999D7
:10E470000868104408600499019808440190049ABF
:10E480000C994869104448610C98C16840698842F9
:10E4900004D9FFE70C984069009003E00C98C0682D
:10E4A0000090FFE700980C99C860D8E60C99087CAA
:10E4B00040F04000087400208DF83700FFE79DF819
:10E4C00037000EB080BD000080B584B08DF80F001D
:10E4D000FFE700208DF80E00FFE79DF80E009DF885
:10E4E0000F1088421DDAFFE740F20040C5F6020037
:10E4F000009002210191002205F0A2F9B4200290BF
:10E50000FFF786F800980199012205F099F9029821
:10E51000FFF77EF8FFE79DF80E0001308DF80E0042
:10E52000DBE74FF46170FFF773F8D2E700000000FB
:10E5300080B598B0169015918DF85320159900204C
:10E5400008601698FEF03CFC12901298B0F1FF3F64
:10E5500004DCFFE70B208DF85F0061E2129940F2C6
:10E56000A460C2F2004050F821000590059820B93F
:10E57000FFE70C208DF85F0052E2059815990860BE
:10E580009DF8530000F0FE008DF8530005980078C8
:10E59000F0B1FFE705984078FFF7D6F98DF847000E
:10E5A0009DF84700C00790B9FFE79DF8530050B1B0
:10E5B000FFE79DF847004007002804D5FFE70A2041
:10E5C0008DF85F002CE200208DF85F0028E2FFE765
:10E5D00005990020087012980599487005984078B0
:10E5E000FFF786F98DF847009DF84700C00720B176
:10E5F000FFE703208DF85F0012E29DF8530050B151
:10E60000FFE79DF847004007002804D5FFE70A20F0
:10E610008DF85F0004E20020109005981099FEF735
:10E620002FFD8DF852009DF85200022809D0FFE717
:10E630009DF8520001285EDCFFE7012000285AD136
:10E64000FFE700200490FFE7049803281ED8FFE7A7
:10E650000598049900EB011000F5F77013901398DA
:10E66000007930B1FFE71398083000F181FB039087
:10E6700002E000200390FFE70398049A07A941F8FD
:10E680002200FFE7049801300490DDE700200490A9
:10E69000049820B1FFE7049801380490FFE7FFE7F2
:10E6A000049907A850F821001090109830B1FFE7A6
:10E6B00005981099FEF7E4FC029002E00320029016
:10E6C000FFE702988DF85200FFE79DF852100020F6
:10E6D0000229019009DBFFE70498411C0491002006
:10E6E000042938BF01200190FFE70198C0070028E6
:10E6F000D6D1FFE7FFE79DF85200042804D1FFE7D9
:10E7000001208DF85F008BE19DF85200022804DBA8
:10E71000FFE70D208DF85F0082E105983B3003F0A4
:10E7200097FCB0F5007F04D0FFE70D208DF85F0067
:10E7300076E10598463003F08BFC0F900F9830B9C6
:10E74000FFE70598543000F113FB0F90FFE70F9897
:10E7500005998861059991F840008870059880783E
:10E76000012809D0FFE705988078022804D0FFE748
:10E770000D208DF85F0053E1059881780F9848438C
:10E780000F90059991F83D0048810598408930B176
:10E79000FFE705984089411E084204D0FFE70D209D
:10E7A0008DF85F003CE10598413003F051FC05997C
:10E7B00008810598007A000720B1FFE70D208DF849
:10E7C0005F002DE10598433003F042FC0E900E9857
:10E7D00030B9FFE70598503000F1CAFA0E90FFE714
:10E7E00005983E3003F034FCADF81A00BDF81A006D
:10E7F00020B9FFE70D208DF85F0011E1BDF81A0088
:10E800000F9908440599098900EB11100D900E9895
:10E810000D99884204D2FFE70D208DF85F00FFE0DC
:10E820000E980D99401A05994989B0FBF1F00C90AA
:10E830000C9820B9FFE70D208DF85F00F0E0002074
:10E840008DF852000C984FF6F571C0F6FF718842B2
:10E8500004D8FFE703208DF85200FFE70C984FF62D
:10E86000F571884204D8FFE702208DF85200FFE7D7
:10E870000C9840F6F571884204D8FFE701208DF826
:10E880005200FFE79DF8520020B9FFE70D208DF8F8
:10E890005F00C5E00C980230059948611098059911
:10E8A000C8611098BDF81A100844059908621098BC
:10E8B0000D990844059988629DF8520003281DD1DE
:10E8C000FFE705985A3003F0C3FB20B1FFE70D20A6
:10E8D0008DF85F00A4E00598008920B1FFE70D20C6
:10E8E0008DF85F009CE005985C3000F141FA0599D5
:10E8F00048620598406980000B9023E005980089E4
:10E9000020B9FFE70D208DF85F0089E00599086ABE
:10E910000F9A104448629DF85200022805D1FFE783
:10E92000059840694000009009E00598406900EBB7
:10E93000400100F0010000EB51000090FFE700985B
:10E940000B90FFE7059880690B9901F2FF11B0EB7E
:10E95000512F04D2FFE70D208DF85F0060E005998C
:10E960004FF0FF3008610599C86005998020087153
:10E970009DF85200032842D1FFE70598603003F06C
:10E9800067FB01283BD1FFE705981099013103F09F
:10E99000D7FFA0BBFFE7059900200871059800F29A
:10E9A0002E2003F055FB4AF65521884226D1FFE779
:10E9B0000598303000F1DCF945F25221C4F26111C2
:10E9C00088421BD1FFE7059800F5057000F1D0F9EA
:10E9D00047F27221C6F2411188420FD1FFE7059834
:10E9E00000F5067000F1C4F905990861059800F575
:10E9F000077000F1BDF90599C860FFE7FFE79DF8D2
:10EA000052000599087040F2A861C2F200410888DE
:10EA1000013008800599C88000208DF85F00FFE76D
:10EA20009DF85F0018B080BD80B586B00590049158
:10EA3000059800680290FFE70498017801202F29CB
:10EA4000019008D0FFE7049800785C38B0FA80F0B5
:10EA500040090190FFE70198C00720B1FFE7049843
:10EA600001300490E8E70599002088600498007858
:10EA70001F280BD8FFE70599802081F82B00059807
:10EA80000021FDF035FC8DF80F0048E0FFE7059808
:10EA900004A9FEF771FB8DF80F009DF80F0008B177
:10EAA000FFE73BE00598FDF0C7FB8DF80F000598E8
:10EAB00090F82B008DF80E009DF80F0088B1FFE74D
:10EAC0009DF80F0004280BD1FFE79DF80E004007CA
:10EAD000002804D4FFE705208DF80F00FFE7FFE7CB
:10EAE0001CE09DF80E004007002801D5FFE715E067
:10EAF00005988079C006002804D4FFE705208DF82A
:10EB00000F000BE00298059909696FF35F2101443A
:10EB1000303103F081FA05998860B8E7FFE79DF886
:10EB20000F0006B080BD000082B001900091FFE7A9
:10EB300041F21C00C4F2010000684006002801D424
:10EB4000FFE7F5E79DF8040041F22801C4F2010156
:10EB50000860019802B0704780B58AB0FFE744F2C0
:10EB6000E041C5F60201086840F480700860FFE7E4
:10EB7000FFE744F2E041C5F60201086840F080007A
:10EB80000860FFE76846012208924260026042F294
:10EB90000000C5F6020006904FF480710791002333
:10EBA000059301F179FF059B089869464860086064
:10EBB00041F60040C5F6020080211A4601F16CFFC3
:10EBC000FEF70AFC059A0698079904F039FE14200E
:10EBD000FEF71EFD06980799089A04F031FE3220D0
:10EBE000FEF716FD7020FEF7E3FB50B1FFE746F697
:10EBF0000A50C0F60100F1F71FFC01208DF8270034
:10EC000050E000208DF825000DF12501049101222E
:10EC1000039200F08DF9039A0499A42000F088F97A
:10EC2000039A049916208DF82500802000F080F9C1
:10EC3000039A04990C208DF82500882000F078F9BB
:10EC40000499A1200222FDF0DFFF9DF82500302865
:10EC500005D1FFE79DF82600032812D0FFE79DF8B5
:10EC6000260001280DD0FFE79DF82600022808D0D5
:10EC7000FFE79DF8250088B9FFE79DF8260068B9F1
:10EC8000FFE7BDF8250041BA46F62A50C0F601005C
:10EC9000F1F7D2FB00208DF8270003E001208DF86A
:10ECA0002700FFE79DF827000AB080BD00000000A4
:10ECB00080B584B08DF80F0000208DF80E008DF81F
:10ECC00009008DF8080040F6FE60C2F200400178AD
:10ECD00001310170007849F69812C1F699124CF68C
:10ECE000CD41CCF6CC4100FB01204FEA700049F643
:10ECF0009911C1F69911884209D3FFE740F6FE60E9
:10ED0000C2F200400078092800F3D980FFE7022012
:10ED10000DF10E010122FDF077FF9DF80E000007B6
:10ED2000002800F0CB80FFE79DF80E0000F00F00F8
:10ED3000052800F3C380FFE79DF80E0000F00F01E7
:10ED40004FF6FF708840ADF80600BDF806104FF48E
:10ED5000404060EA010040F23001C2F20041888682
:10ED60000420FEF755FC00208DF80900FFE79DF810
:10ED70000900042800F38680FFE740F23000C2F269
:10ED80000040808E9DF80910C840C007002872D04E
:10ED9000FFE79DF8091045F6DC10C0F6010030F8D9
:10EDA00011000DF10A010422FDF02EFF40F23000A7
:10EDB000C2F2004090F84400C007F8B1FFE79DF8A8
:10EDC0000A109DF80B0001F00F0140EA01209DF8A8
:10EDD000092040F23001C2F2004101EB42021084EE
:10EDE0009DF80C209DF80D0002F00F0240EA022071
:10EDF0009DF8092001EB4201888124E04AF292202B
:10EE0000C2F2034000889DF80A209DF80B1002F022
:10EE10000F0241EA0221401A9DF8092040F2300118
:10EE2000C2F2004101EB420290819DF80C209DF856
:10EE30000D0002F00F0240EA02209DF8092001EBCC
:10EE400042010884FFE79DF80A0000F0F0008028E6
:10EE500010D0FFE79DF8090040F23001C2F20041F6
:10EE600001EB4002002010849DF8092001EB4201D3
:10EE70008881FFE7FFE7FFE79DF8090001308DF883
:10EE8000090074E701208DF8080040F23000C2F25A
:10EE90000040808958B9FFE740F23000C2F20040DC
:10EEA000008C20B9FFE700208DF80E00FFE740F648
:10EEB000FE61C2F2004100200870FFE7FFE79DF805
:10EEC0000E00C00600BBFFE740F23000C2F2004077
:10EED000808E0004002809D5FFE740F23001C2F21D
:10EEE0000041888E6FF3DF3088860CE040F23001FD
:10EEF000C2F200414FF6FF7088810884888E00F4CA
:10EF000060408886FFE7FFE740F6FE60C2F20040FF
:10EF10000078F12807DBFFE740F6FE61C2F200410E
:10EF20000A200870FFE79DF8080004B080BD0000CB
:10EF300080B584B0ADF80E0002918DF80720002056
:10EF400000908DF80500FDF027F87020FCF0E4FF3C
:10EF5000FEF7E6FA9DF80E00FCF0DEFFFEF7E0FAA1
:10EF600000988DF80600FFE79DF806009DF8071051
:10EF7000884216DAFFE702989DF80610405CFCF024
:10EF8000CBFFFEF7CDFA8DF805009DF8050008B11E
:10EF9000FFE706E0FFE79DF8060001308DF8060068
:10EFA000E2E7FDF025F89DF8050004B080BD000003
:10EFB00080B586B0059004910499002048720598A8
:10EFC000806908B9FFE753E0002002900390FFE753
:10EFD00003980A282CD8FFE70598C06903994A1CB2
:10EFE0000392405C8DF807009DF80700202801D1AE
:10EFF000FFE7EDE79DF80700052804D1FFE7E520CE
:10F000008DF80700FFE70398092808D1FFE7049966
:10F0100002980144013002902E204872FFE79DF8CB
:10F0200007000499029A1144013202924872CFE714
:10F03000049802990144002048720598C069C07A7A
:10F04000049908720598C0691C30FFF091FE04997C
:10F0500008600598C069163002F0FAFF0499C8806C
:10F060000598C069183002F0F3FF04998880FFE723
:10F0700006B080BD0000000040F22B00C2F200404C
:10F08000007840087047000080B58CB0FFE744F27C
:10F09000E041C5F60201086840F480700860FFE7AF
:10F0A000FFE744F2E041C5F60201086840F0800045
:10F0B0000860FFE76846012209924260026042F25E
:10F0C0000000C5F602004FF48071002301F1E4FC5A
:10F0D000FEF782F90998282100F03AF998B9FFE77C
:10F0E00040F22B01C2F200412820087040F22A01B0
:10F0F000C2F200412920087046F65D50C0F60100BA
:10F10000F1F79AF928E046F69B50C0F60100F1F7B6
:10F1100093F90020BA2100F01BF950B1FFE746F641
:10F12000BB50C0F60100F1F787F901208DF82F00E0
:10F1300077E040F22B01C2F20041BA20087040F2A1
:10F140002A01C2F20041BB20087046F67C50C0F68E
:10F150000100F1F771F9FFE748F240100DF12A01C3
:10F160000891042200F0A4F8DDF820E000208DF8DA
:10F170002E009DF82A109DF82B209DF82C309DF82C
:10F180002D00EC46CCF804E0CCF8000046F6DB504D
:10F19000C0F60100F1F750F9089800F049F850B9AD
:10F1A000FFE746F63650C0F60100F1F745F90120B9
:10F1B0008DF82F0035E046F60B60C0F601000DF12A
:10F1C0002A010791F1F738F9079846F61761C0F65A
:10F1D0000101F1F051F838B9FFE740F22C01C2F219
:10F1E00000410A200870FFE702208DF82A0048F24B
:10F1F000400003900DF12A01049101220592FEF0D6
:10F200003FF80A20FEF704FA03980499059A0023B0
:10F2100006938DF82A30FEF033F806988DF82F000B
:10F22000FFE79DF82F000CB080BD0000000000003B
:10F2300083B0019000208DF802008DF80300FFE7F5
:10F240009DF80300032825D8FFE701989DF80310D7
:10F25000405C08B9FFE71DE001989DF80310405C91
:10F26000202807D3FFE701989DF80310405C7F2812
:10F2700004D3FFE700208DF80B0014E09DF8020096
:10F2800001308DF80200FFE79DF8030001308DF892
:10F290000300D5E79DF802100020022988BF012055
:10F2A0008DF80B00FFE79DF80B0003B070470000DE
:10F2B00080B584B0ADF80E0002918DF80720FCF007
:10F2C0006BFE40F22B00C2F200400078FCF024FEFE
:10F2D000FEF726F99DF80F00FCF01EFEFEF720F960
:10F2E0009DF80E00FCF018FEFEF71AF9FCF054FE33
:10F2F00040F22A00C2F200400078FCF00DFEFEF75A
:10F300000FF900208DF80600FFE79DF806009DF834
:10F310000710884215DAFFE79DF806009DF80710F0
:10F320000139401A18BF0120FEF7AEF802999DF886
:10F3300006208854FFE79DF8060001308DF806008E
:10F34000E3E7FCF055FE04B080BD000000000000C3
:10F3500080B58AB08DF827008DF826106846002306
:10F360000893436001220592026041F60040C5F611
:10F37000020006908021079101F18EFB089A42F26B
:10F380000000C5F6020003904FF48071049104F070
:10F3900057FA0A20FEF73CF9069807999DF82720AE
:10F3A00004F04EFA0598FEF733F903980499059A8C
:10F3B00004F046FA0620FEF72BF9059A06980799FD
:10F3C000089BEC46CCF80430CCF800201A4601F13A
:10F3D00063FB3220FEF71CF99DF82600FDF7E8FFDD
:10F3E0000AB080BD0000000080B584B0FFE744F2A1
:10F3F000E041C5F60201086840F080000860FFE7C0
:10F40000FFE744F2E041C5F60201086840F08000E1
:10F410000860FFE76846012203924260026041F6FD
:10F420000040C5F6020002901021002301F134FBD8
:10F430000298039B69464B600B6020211A4601F13C
:10F440002BFBFEF04DF804B080BD00000000000072
:10F4500080B584B041F60040C5F60200029020213C
:10F460000122019204F0ECF9FDF07EFF019A02986E
:10F470001021039104F0E4F9FDF076FF029803995E
:10F48000002204F0DDF9FDF06FFF04B080BD000044
:10F4900080B584B0ADF80E00002002904AF29220B0
:10F4A000C2F20340008801904AF2A020C2F2034059
:10F4B000006828B1FFE7BDF80E00FFF0B1FC22E0C4
:10F4C0004AF29220C2F203404188019848430190D9
:10F4D00000210091084602F0BBFCFFF029FC0098D7
:10F4E0000290FFE70298019988420BD2FFE7BDF82E
:10F4F0000E000021C6F208010880FFE702980130E3
:10F500000290EFE7FFE704B080BD000000000000BC
:10F5100080B58CB084460E98ADF82EC0ADF82C1096
:10F52000ADF82A20ADF82830ADF82600002008906C
:10F530000790BDF82A00BDF82E10401A0690BDF8BD
:10F540002800BDF82C10401A0590BDF82E0001903F
:10F55000BDF82C0000900698012803DBFFE701208E
:10F5600003900DE0069818B9FFE70020039006E02D
:10F570004FF0FF300390069840420690FFE7FFE708
:10F580000598012803DBFFE7012002900DE00598B4
:10F5900018B9FFE70020029006E04FF0FF3002901C
:10F5A000059840420590FFE7FFE7069805998842D5
:10F5B00003DDFFE70698049002E005980490FFE75A
:10F5C0000020ADF82400FFE7BDF8240004990131C4
:10F5D000884233DCFFE7BDF80400BDF80010BDF839
:10F5E000262000F02DF806990898084408900599FF
:10F5F00007980844079008980499884209DDFFE7B6
:10F6000004990898401A08900399019808440190B9
:10F61000FFE707980499884209DDFFE704990798F6
:10F62000401A07900299009808440090FFE7FFE70E
:10F63000BDF824000130ADF82400C5E70CB080BD52
:10F6400080B582B0ADF80600ADF8041000924AF221
:10F65000A020C2F20340006840B1FFE7BDF80600F9
:10F66000BDF80410009A02F0DBFD0DE0BDF80600C5
:10F67000BDF8041002F0ECFBFFF05AFB00980021EB
:10F68000C6F208010880FFE702B080BD000000005C
:10F6900080B596B0FF20019002F0AEFC019802F018
:10F6A0009BFC982002F098FC06200D9002F094FC40
:10F6B000BC2002F0A1FC0120129002F08DFC0F2072
:10F6C000109002F089FC612002F086FC019802F0A3
:10F6D00083FC129802F080FC129802F07DFC0B2053
:10F6E0000A9002F079FC1020099002F075FC372096
:10F6F00002F072FC632002F06FFC019802F06CFCD7
:10F70000019802F069FC129802F066FC129802F06F
:10F7100063FC0020159002F05FFC159802F05CFC81
:10F72000019802F059FC522002F056FC129802F0A7
:10F7300053FC159802F050FC4020069002F04CFC5F
:10F74000BD2002F059FC129802F046FC23200290E2
:10F7500002F042FC4520039002F03EFC672004903A
:10F7600002F03AFC129802F037FC029802F034FCE6
:10F77000039802F031FC049802F02EFCBE2002F047
:10F780003BFC159802F028FC129802F025FCAB20F7
:10F7900002F022FC602002F01FFC2220059002F003
:10F7A0001BFC059802F018FC059802F015FC059862
:10F7B00002F012FC059802F00FFCC72002F01CFCBE
:10F7C0003620149002F008FCED2002F015FC7F209A
:10F7D00002F002FC109802F0FFFBC02002F00CFCCB
:10F7E000109802F0F9FB0A9802F0F6FB0A200E903E
:10F7F00002F0F2FBFC2002F0FFFB082002F0ECFB21
:10F80000DF20139002F0F8FB159802F0E5FB159845
:10F8100002F0E2FB159802F0DFFB159802F0DCFB2A
:10F82000159802F0D9FB2020089002F0D5FBF320B8
:10F8300002F0E2FB742002F0CFFBB42002F0DCFB0C
:10F84000159802F0C9FB159802F0C6FB159802F056
:10F85000C3FBF72002F0D0FB822002F0BDFBB120F9
:10F8600002F0CAFB159802F0B7FB13200B9002F0D0
:10F87000B3FB0B9802F0B0FBF22002F0BDFB80203E
:10F8800002F0AAFB042002F0A7FB069802F0A4FBFA
:10F89000282002F0A1FBC12002F0AEFB172002F0ED
:10F8A0009BFB8820079002F097FB079802F094FBDF
:10F8B000089802F091FBE02002F09EFB159802F000
:10F8C0008BFB0E9802F088FB122002F085FB099852
:10F8D00002F082FB0E200F9002F07EFB089802F0EF
:10F8E0007BFBCC2002F078FB072002F075FB0D9823
:10F8F00002F072FB0A9802F06FFB0F9802F06CFBAB
:10F90000109802F069FB0D200C9002F065FB1520A9
:10F91000119002F061FB099802F05EFB159802F06D
:10F920005BFBE12002F068FB159802F055FB0A989A
:10F9300002F052FB0B9802F04FFB0C9802F04CFBCC
:10F940000F9802F049FB1B2002F046FB712002F0E9
:10F9500043FB0D9802F040FB0D9802F03DFB0E9822
:10F9600002F03AFB109802F037FB0F9802F034FBDC
:10F97000109802F031FB119802F02EFB0C2002F0DF
:10F980002BFB159802F028FB2A2002F035FB159876
:10F9900002F022FB159802F01FFB129802F01CFBEC
:10F9A000139802F019FB2B2002F026FB159802F0A9
:10F9B00013FB159802F010FB032002F00DFB1F2033
:10F9C00002F00AFB3A2002F017FB552002F004FB7C
:10F9D000149802F011FB159802F0FEFA112002F0C3
:10F9E0000BFB7820FDF714FE292002F005FB142004
:10F9F000FDF70EFE2C2002F0FFFA16B080BD0000CD
:10FA000080B5CEB0ED2002F0F7FA0120219002F08F
:10FA1000E3FAFE2002F0E0FAEE2002F0EDFADE203A
:10FA200002F0DAFA21200B9002F0D6FAF12002F06F
:10FA3000E3FA219802F0D0FADF2002F0DDFA10207C
:10FA4000459002F0C9FAC4202D9002F0D5FA8F201B
:10FA500002F0C2FAC620089002F0CEFA00204A90C6
:10FA600002F0BAFAE220169002F0B6FA169802F006
:10FA7000B3FA169802F0B0FABF2002F0BDFAAA203D
:10FA8000419002F0A9FAB02002F0B6FA0D200090E1
:10FA900002F0A2FA4A9802F09FFA009802F09CFA4B
:10FAA0004A9802F099FA1120479002F095FA4A9884
:10FAB00002F092FA192002F08FFA4A9802F08CFABA
:10FAC0000B9802F089FA4A9802F086FA2D2002F08B
:10FAD00083FA4A9802F080FA3D2002F07DFA4A98B3
:10FAE00002F07AFA5D20269002F076FA4A9802F047
:10FAF00073FA269802F070FA4A9802F06DFAB12073
:10FB000002F07AFA802002F067FA4A9802F064FA6A
:10FB10008B20109002F060FA4A9802F05DFA96206D
:10FB2000019002F059FA4A9802F056FAB22002F017
:10FB300063FA4A9802F050FA4A9802F04DFA02200D
:10FB4000239002F049FA4A9802F046FA0320029004
:10FB500002F042FA4A9802F03FFAB3202B9002F0EA
:10FB60004BFA4A9802F038FA4A9802F035FA4A9865
:10FB700002F032FA4A9802F02FFA4A9802F02CFA70
:10FB80004A9802F029FA4A9802F026FA4A9802F0B6
:10FB900023FA4A9802F020FA4A9802F01DFA4A988D
:10FBA00002F01AFA4A9802F017FA4A9802F014FA88
:10FBB0004A9802F011FA4A9802F00EFA4A9802F0B6
:10FBC0000BFA4A9802F008FA4A9802F005FA4A98A5
:10FBD00002F002FA4A9802F0FFF94A9802F0FCF9A2
:10FBE0004A9802F0F9F94A9802F0F6F94A9802F0B8
:10FBF000F3F9B42002F000FA109802F0EDF94A98F7
:10FC000002F0EAF9019802F0E7F94A9802F0E4F903
:10FC1000A12002F0E1F94A9802F0DEF9B52002F0E5
:10FC2000EBF9239802F0D8F94A9802F0D5F9029836
:10FC300002F0D2F94A9802F0CFF90420039002F0C2
:10FC4000CBF94A9802F0C8F9B62002F0D5F94A98E3
:10FC500002F0C2F94A9802F0BFF9B7201D9002F0F5
:10FC6000CBF94A9802F0B8F94A9802F0B5F93F206A
:10FC700002F0B2F94A9802F0AFF95E2002F0ACF956
:10FC80004A9802F0A9F96420489002F0A5F94A9830
:10FC900002F0A2F98C2002F09FF94A9802F09CF938
:10FCA000AC2002F099F94A9802F096F9DC203090E5
:10FCB00002F092F94A9802F08FF9702002F08CF964
:10FCC0004A9802F089F9902002F086F94A9802F0E9
:10FCD00083F9EB2002F080F94A9802F07DF9309820
:10FCE00002F07AF94A9802F077F9B82002F084F924
:10FCF0004A9802F071F94A9802F06EF94A9802F0B7
:10FD00006BF94A9802F068F94A9802F065F94A9846
:10FD100002F062F94A9802F05FF94A9802F05CF941
:10FD2000BA2002F069F92420069002F055F94A98A9
:10FD300002F052F94A9802F04FF94A9802F04CF951
:10FD4000C12002F059F92020099002F045F94A98A3
:10FD500002F042F9542002F03FF94A9802F03CF9CF
:10FD6000FF204B9002F038F94A9802F035F9C22092
:10FD70001E9002F041F90A20189002F02DF94A98DD
:10FD800002F02AF9039802F027F94A9802F024F9C0
:10FD9000C32002F031F93C20249002F01DF94A986A
:10FDA00002F01AF93A20469002F016F94A9802F049
:10FDB00013F9392002F010F94A9802F00DF93720B2
:10FDC00002F00AF94A9802F007F9249802F004F9BF
:10FDD0004A9802F001F936200D9002F0FDF84A9899
:10FDE00002F0FAF83220339002F0F6F84A9802F066
:10FDF000F3F82F20049002F0EFF84A9802F0ECF8A4
:10FE00002C204D9002F0E8F84A9802F0E5F82920FD
:10FE1000499002F0E1F84A9802F0DEF826200590B9
:10FE200002F0DAF84A9802F0D7F8069802F0D4F80F
:10FE30004A9802F0D1F8069802F0CEF84A9802F0FB
:10FE4000CBF82320379002F0C7F84A9802F0C4F8A4
:10FE5000249802F0C1F84A9802F0BEF80D9802F01A
:10FE6000BBF84A9802F0B8F8339802F0B5F84A980F
:10FE700002F0B2F8049802F0AFF84A9802F0ACF839
:10FE80004D9802F0A9F84A9802F0A6F8499802F0B5
:10FE9000A3F84A9802F0A0F8059802F09DF84A9855
:10FEA00002F09AF8069802F097F84A9802F094F84F
:10FEB000069802F091F84A9802F08EF8379802F00E
:10FEC0008BF84A9802F088F82D9802F095F8622095
:10FED0001A9002F081F84A9802F07EF805201790F7
:10FEE00002F07AF84A9802F077F88420289002F01D
:10FEF00073F84A9802F070F8F020429002F06CF823
:10FF00004A9802F069F81820079002F065F84A98BC
:10FF100002F062F8A42002F05FF84A9802F05CF860
:10FF2000079802F059F84A9802F056F8502043908A
:10FF300002F052F84A9802F04FF80C2002F04CF808
:10FF40004A9802F049F817200A9002F045F84A98BA
:10FF500002F042F8952002F03FF84A9802F03CF88F
:10FF6000F320449002F038F84A9802F035F8E62081
:10FF7000319002F031F84A9802F02EF8C52002F0D4
:10FF80003BF8339802F028F84A9802F025F844200C
:10FF9000409002F021F84A9802F01EF8652002F025
:10FFA0001BF84A9802F018F87620349002F014F802
:10FFB0004A9802F011F888203C9002F00DF84A9817
:10FFC00002F00AF8089802F017F8099802F004F80D
:10FFD0004A9802F001F80A9801F0FEFF4A9801F0F1
:10FFE000FBFF219801F0F8FF4A9801F0F5FFC720C8
:10FFF0001F9002F001F84A9801F0EEFF4A9801F0D4
:020000040801F1
:10000000EBFF4A9801F0E8FF4A9801F0E5FFC820AD
:1000100001F0F2FF4A9801F0DFFF4A9801F0DCFF9F
:100020004A9801F0D9FF4A9801F0D6FFC92001F0A3
:10003000E3FF4A9801F0D0FF4A9801F0CDFF4A98BB
:1000400001F0CAFF4A9801F0C7FF4A9801F0C4FFC7
:100050004A9801F0C1FF4A9801F0BEFF4A9801F0AA
:10006000BBFF4A9801F0B8FF4A9801F0B5FF4A98E3
:1000700001F0B2FF4A9801F0AFFF4A9801F0ACFFDF
:100080004A9801F0A9FF4A9801F0A6FF4A9801F0AA
:10009000A3FFE020159001F0AFFF16200C9001F0B7
:1000A0009BFF4A9801F098FF1C20199001F094FFE3
:1000B0004A9801F091FF0B9801F08EFF4A9801F0E9
:1000C0008BFF0D9801F088FF4A9801F085FF4620CC
:1000D00001F082FF4A9801F07FFF52200E9001F05C
:1000E0007BFF4A9801F078FF489801F075FF4A9825
:1000F00001F072FF7A200F9001F06EFF4A9801F034
:100100006BFF109801F068FF4A9801F065FF992095
:100110003E9001F061FF4A9801F05EFFA820119027
:1001200001F05AFF4A9801F057FFB920129001F0F0
:1001300053FF4A9801F050FF2D9801F04DFF4A9867
:1001400001F04AFFCA20139001F046FF4A9801F0DF
:1001500043FFD220149001F03FFF4A9801F03CFF8A
:10016000D92001F039FF4A9801F036FF159801F0C7
:1001700033FF4A9801F030FF449801F02DFF4A9870
:1001800001F02AFFE12001F037FF0C9801F024FF75
:100190004A9801F021FF199801F01EFF4A9801F0DA
:1001A0001BFF222001F018FF4A9801F015FF0D985F
:1001B00001F012FF4A9801F00FFF4520399001F03D
:1001C0000BFF4A9801F008FF0E9801F005FF4A98CE
:1001D00001F002FF489801F0FFFE4A9801F0FCFE92
:1001E0000F9801F0F9FE4A9801F0F6FE109801F020
:1001F000F3FE4A9801F0F0FE3E9801F0EDFE4A98B9
:1002000001F0EAFE119801F0E7FE4A9801F0E4FEE1
:10021000129801F0E1FE4A9801F0DEFE2D9801F0FF
:10022000DBFE4A9801F0D8FE139801F0D5FE4A98FB
:1002300001F0D2FE149801F0CFFE4A9801F0CCFEF6
:10024000D82001F0C9FE4A9801F0C6FE159801F0C9
:10025000C3FE4A9801F0C0FE449801F0BDFE4A98E2
:1002600001F0BAFE169801F0C7FE179801F0B4FE2F
:100270004A9801F0B1FE0B2001F0AEFE4A9801F061
:10028000ABFE1B2001F0A8FE4A9801F0A5FE342029
:10029000329001F0A1FE4A9801F09EFE409801F0D4
:1002A0009BFE4A9801F098FE4F2001F095FE4A9877
:1002B00001F092FE612001F08FFE4A9801F08CFE61
:1002C000792001F089FE4A9801F086FE3C9801F001
:1002D00083FE4A9801F080FE97201B9001F07CFE7F
:1002E0004A9801F079FEA6201C9001F075FE4A980C
:1002F00001F072FE1D9801F06FFE4A9801F06CFE4D
:100300001E9801F069FE4A9801F066FE1F9801F000
:1003100063FE4A9801F060FED120209001F05CFE5F
:100320004A9801F059FED62001F056FE4A9801F095
:1003300053FEDD20229001F04FFE4A9801F04CFE62
:10034000449801F049FE4A9801F046FEE32001F08E
:1003500053FE179801F040FE4A9801F03DFE1898B0
:1003600001F03AFE4A9801F037FE199801F034FE88
:100370004A9801F031FE3320389001F02DFE4A9862
:1003800001F02AFE409801F027FE4A9801F024FE71
:10039000439801F021FE4A9801F01EFE1A9801F0E0
:1003A0001BFE4A9801F018FE782001F015FE4A98CD
:1003B00001F012FE3C9801F00FFE4A9801F00CFE8D
:1003C0001B9801F009FE4A9801F006FE1C9801F006
:1003D00003FE4A9801F000FE1D9801F0FDFD4A98C9
:1003E00001F0FAFD1E9801F0F7FD4A9801F0F4FDC6
:1003F0001F9801F0F1FD4A9801F0EEFD209801F000
:10040000EBFD4A9801F0E8FDD52001F0E5FD4A98A2
:1004100001F0E2FD229801F0DFFD4A9801F0DCFDD9
:10042000449801F0D9FD4A9801F0D6FDE42001F08E
:10043000E3FD219801F0D0FD4A9801F0CDFD21980F
:1004400001F0CAFD4A9801F0C7FD239801F0C4FDF0
:100450004A9801F0C1FD2A2001F0BEFD4A9801F042
:10046000BBFD249801F0B8FD4A9801F0B5FD4B2082
:10047000259001F0B1FD4A9801F0AEFD269801F0FB
:10048000ABFD4A9801F0A8FD7420279001F0A4FD6F
:100490004A9801F0A1FD289801F09EFD4A9801F0CC
:1004A0009BFD9320299001F097FD4A9801F094FD5F
:1004B000A2202A9001F090FD4A9801F08DFD2B9822
:1004C00001F08AFD4A9801F087FDBE202C9001F0D2
:1004D00083FD4A9801F080FD2D9801F07DFD4A983A
:1004E00001F07AFDCD202E9001F076FD4A9801F0C2
:1004F00073FDD3202F9001F06FFD4A9801F06CFD41
:10050000229801F069FD4A9801F066FD449801F0D7
:1005100063FD4A9801F060FDE52001F06DFD4A9809
:1005200001F05AFD4A9801F057FD4A9801F054FD38
:100530004A9801F051FD239801F04EFD4A9801F0D0
:100540004BFD499801F048FD4A9801F045FD24987B
:1005500001F042FD4A9801F03FFD259801F03CFD75
:100560004A9801F039FD269801F036FD4A9801F0CD
:1005700033FD279801F030FD4A9801F02DFD2898B1
:1005800001F02AFD4A9801F027FD299801F024FD89
:100590004A9801F021FD2A9801F01EFD4A9801F0C9
:1005A0001BFD2B9801F018FD4A9801F015FD2C98C1
:1005B00001F012FD4A9801F00FFD2D9801F00CFD9D
:1005C0004A9801F009FD2E9801F006FD4A9801F0C5
:1005D00003FD2F9801F000FD4A9801F0FDFC3098D2
:1005E00001F0FAFC4A9801F0F7FC449801F0F4FCA1
:1005F0004A9801F0F1FC319801F0FEFC479801F0B7
:10060000EBFC4A9801F0E8FC329801F0E5FC4A98CE
:1006100001F0E2FC5620369001F0DEFC4A9801F031
:10062000DBFC349801F0D8FC4A9801F0D5FC772027
:100630003B9001F0D1FC4A9801F0CEFC66203F903F
:1006400001F0CAFC4A9801F0C7FC3C9801F0C4FCD8
:100650004A9801F0C1FC3E9801F0BEFC4A9801F0B6
:10066000BBFCBB203D9001F0B7FC4A9801F0B4FC04
:100670003E9801F0B1FC4A9801F0AEFC3F9801F0C1
:10068000ABFC4A9801F0A8FC55204C9001F0A4FC6A
:100690004A9801F0A1FC4C9801F09EFC4A9801F0A8
:1006A0009BFC399801F098FC4A9801F095FC432096
:1006B00001F092FC4A9801F08FFC409801F08CFC0C
:1006C0004A9801F089FCE72001F096FC339801F08C
:1006D00083FC4A9801F080FC4C9801F07DFC4A981C
:1006E00001F07AFC349801F077FC4A9801F074FC30
:1006F0003F9801F071FC4A9801F06EFC672035903C
:1007000001F06AFC4A9801F067FC359801F064FC3E
:100710004A9801F061FC87203A9001F05DFC4A980C
:1007200001F05AFC3E9801F057FC4A9801F054FC45
:100730003D9801F051FC4A9801F04EFC3E9801F0C2
:100740004BFC4A9801F048FC3B9801F045FC4A9864
:1007500001F042FC409801F03FFC4A9801F03CFC5B
:10076000369801F039FC4A9801F036FC379801F0D0
:1007700033FC4A9801F030FC389801F02DFC4A987F
:1007800001F02AFC399801F027FC4A9801F024FC7A
:10079000E82001F031FC4A9801F01EFC4A9801F073
:1007A0001BFC3E9801F018FC4A9801F015FC3A98A1
:1007B00001F012FC4A9801F00FFC3C9801F00CFC8F
:1007C0004A9801F009FC3B9801F006FC4A9801F0B8
:1007D00003FC3F9801F000FC4A9801F0FDFB3C98B7
:1007E00001F0FAFB4A9801F0F7FB419801F0F4FBA5
:1007F0004A9801F0F1FB3D9801F0EEFB4A9801F0B8
:10080000EBFB3E9801F0E8FB4A9801F0E5FB3F98CE
:1008100001F0E2FB4A9801F0DFFB4C9801F0DCFBB1
:100820004A9801F0D9FB4C9801F0D6FB4A9801F0A8
:10083000D3FB409801F0D0FB4A9801F0CDFB4098E3
:1008400001F0CAFB4A9801F0C7FB4C9801F0C4FBC9
:100850004A9801F0C1FBE92001F0CEFB419801F07C
:10086000BBFB4A9801F0B8FB4A9801F0B5FB4A98E7
:1008700001F0B2FB4A9801F0BFFB419801F0ACFBDC
:10088000CF2001F0B9FB4A9801F0A6FB4A9801F08D
:10089000A3FB4A9801F0A0FB4A9801F09DFB4A98FF
:1008A00001F09AFB4A9801F097FB4A9801F094FBFB
:1008B0004A9801F091FB4A9801F08EFB4A9801F0AA
:1008C0008BFB4A9801F088FB4A9801F085FB4A9817
:1008D00001F082FB4A9801F07FFB4A9801F07CFB13
:1008E0004A9801F079FB4A9801F076FB429801F0B2
:1008F00083FB4A9801F070FB439801F06DFB4A9826
:1009000001F06AFB4A9801F067FB4A9801F064FB2A
:10091000449801F071FB4A9801F05EFBF92001F068
:100920006BFB062001F058FB459801F055FB4998F8
:1009300001F052FB4A9801F04FFB469801F05CFB36
:100940004C9801F049FB479801F056FB4898FCF79A
:100950005FFE499801F050FB352001F04DFB4A98AD
:1009600001F03AFB512001F047FB4B9801F034FBBA
:10097000532001F041FB4D9801F02EFB4C9801F003
:100980003BFB822001F028FB4D9801F035FB4EB077
:1009900080BD00000000000080B5B4B04FF470408E
:1009A000199055213291FEF0CFF94FF201001A90C3
:1009B000AA211B91FEF0C8F94FF202001C905221AF
:1009C0001D91FEF0C1F94FF203001E9008211F9106
:1009D000FEF0BAF94FF20400209001212891FEF0B8
:1009E000B3F94FF430400D210091FEF0ADF90099BC
:1009F0004BF20100FEF0A8F900994BF20200FEF064
:100A0000A3F94FF43640239034210D91FEF09CF968
:100A10000D994BF20160FEF097F90D994BF20260CF
:100A2000FEF092F900994FF431402190FEF08CF9DC
:100A300000994BF201102290FEF086F900994BF2DA
:100A40000210FEF081F90D994FF437402490FEF02A
:100A50007BF90D994BF201702590FEF075F90D9917
:100A60004BF20270FEF070F94FF4324000213191E8
:100A7000FEF06AF931994BF20120FEF065F93199E7
:100A80004BF20220FEF060F94FF438402790242109
:100A90000291FEF059F902994BF601002990FEF0FF
:100AA00053F902994BF602002A90FEF04DF928996D
:100AB0004FF43F40FEF048F94FF433400F210191CD
:100AC000FEF042F901994BF20130FEF03DF9019937
:100AD0004BF20230FEF038F90D994FF43940FEF038
:100AE00033F90D994BF60110FEF02EF90D994BF6E6
:100AF0000210FEF029F91F994FF43540FEF024F959
:100B00001F994BF20150FEF01FF91F994BF2025052
:100B1000FEF01AF94FF4424003212B91FEF014F934
:100B200002994FF43A40FEF00FF902994BF601207A
:100B3000FEF00AF902994BF60220FEF005F9319910
:100B40004FF43C402C90FEF0FFF84BF601402D9006
:100B500078213391FEF0F8F831994BF602402E904F
:100B6000FEF0F2F831994FF43D40FEF0EDF8339984
:100B70004BF60150FEF0E8F831994BF60250FEF0CA
:100B8000E3F831994FF43E40FEF0DEF84BF6016099
:100B90006421FEF0D9F831994FF45140FEF0D4F8B9
:100BA0004DF2011033211791FEF0CEF831994DF23C
:100BB0000210FEF0C9F80D994DF20310FEF0C4F8D2
:100BC00031994DF20410FEF0BFF84DF205103A21B4
:100BD0000391FEF0B9F831994DF20610FEF0B4F829
:100BE0004DF207104A210491FEF0AEF831994DF212
:100BF0000810FEF0A9F84DF209105C210591FEF0F5
:100C0000A3F831994DF20A10FEF09EF84DF20B1048
:100C100081210691FEF098F831994DF20C10FEF00A
:100C200093F84DF20D10A6210791FEF08DF8319941
:100C30004DF20E10FEF088F84DF20F10E5210891EC
:100C4000FEF082F828994DF21010FEF07DF84DF27A
:100C5000111013210991FEF077F828994DF2121026
:100C6000FEF072F84DF2131054210A91FEF06CF868
:100C700028994DF21410FEF067F84DF215108221FC
:100C80000B91FEF061F828994DF21610FEF05CF819
:100C90004DF21710CA210C91FEF056F84DF21810C3
:100CA00002212F91FEF050F831994DF21910FEF00B
:100CB0004BF82F994DF21A10FEF046F828994DF294
:100CC0001B10FEF041F82F994DF21C10FEF03CF87D
:100CD0000D994DF21D10FEF037F82F994DF21E10B0
:100CE000FEF032F84DF21F1067210E91FEF02CF845
:100CF0002F994DF22010FEF027F84DF2211084219B
:100D00000F91FEF021F82F994DF22210FEF01CF801
:100D10004DF22310A4211091FEF016F82F994DF2F8
:100D20002410FEF011F84DF22510B7211191FEF0BC
:100D30000BF82F994DF22610FEF006F84DF2271011
:100D4000CF211291FEF000F82F994DF22810FDF0FE
:100D5000FBFF4DF22910DE211391FDF0F5FF2F99D5
:100D60004DF22A10FDF0F0FF4DF22B10F2211491FC
:100D7000FDF0EAFF2F994DF22C10FDF0E5FF4DF24A
:100D80002D10FE211591FDF0DFFF2B994DF22E1055
:100D9000FDF0DAFF4DF22F1010211691FDF0D4FF77
:100DA0002B994DF23010FDF0CFFF17994DF2311015
:100DB000FDF0CAFF2B994DF23210FDF0C5FF4DF248
:100DC00033106D211891FDF0BFFF31994FF452405F
:100DD000FDF0BAFF17994DF20120FDF0B5FF3199F2
:100DE0004DF20220FDF0B0FF0D994DF20320FDF011
:100DF000ABFF31994DF20420FDF0A6FF03994DF2AF
:100E00000520FDF0A1FF31994DF20620FDF09CFF79
:100E100004994DF20720FDF097FF31994DF208201B
:100E2000FDF092FF05994DF20920FDF08DFF3199FB
:100E30004DF20A20FDF088FF06994DF20B20FDF0DF
:100E400083FF31994DF20C20FDF07EFF07994DF2A2
:100E50000D20FDF079FF31994DF20E20FDF074FF69
:100E600008994DF20F20FDF06FFF28994DF21020E8
:100E7000FDF06AFF09994DF21120FDF065FF2899F8
:100E80004DF21220FDF060FF0A994DF21320FDF0A3
:100E90005BFF28994DF21420FDF056FF0B994DF29F
:100EA0001520FDF051FF28994DF21620FDF04CFF62
:100EB0000C994DF21720FDF047FF2F994DF21820A5
:100EC000FDF042FF31994DF21920FDF03DFF2F99C1
:100ED0004DF21A20FDF038FF28994DF21B20FDF04D
:100EE00033FF2F994DF21C20FDF02EFF0D994DF28E
:100EF0001D20FDF029FF2F994DF21E20FDF024FF4B
:100F00000E994DF21F20FDF01FFF2F994DF220206A
:100F1000FDF01AFF0F994DF22120FDF015FF2F99DA
:100F20004DF22220FDF010FF10994DF22320FDF02C
:100F30000BFF2F994DF22420FDF006FF11994DF281
:100F40002520FDF001FF2F994DF22620FDF0FCFE3B
:100F500012994DF22720FDF0F7FE2F994DF228202F
:100F6000FDF0F2FE13994DF22920FDF0EDFE2F99D0
:100F70004DF22A20FDF0E8FE14994DF22B20FDF0F1
:100F8000E3FE2F994DF22C20FDF0DEFE15994DF277
:100F90002D20FDF0D9FE2B994DF22E20FDF0D4FE30
:100FA00016994DF22F20FDF0CFFE2B994DF23020F7
:100FB000FDF0CAFE17994DF23120FDF0C5FE2B99C8
:100FC0004DF23220FDF0C0FE18994DF23320FDF0B5
:100FD000BBFE31994FF45340FDF0B6FE17994DF228
:100FE0000130FDF0B1FE31994DF20230FDF0ACFE62
:100FF0000D994DF20330FDF0A7FE31994DF204300A
:10100000FDF0A2FE03994DF20530FDF09DFE3199F1
:101010004DF20630FDF098FE04994DF20730FDF0D8
:1010200093FE31994DF20830FDF08EFE05994DF298
:101030000930FDF089FE31994DF20A30FDF084FE51
:1010400006994DF20B30FDF07FFE31994DF20C30D8
:10105000FDF07AFE07994DF20D30FDF075FE3199E5
:101060004DF20E30FDF070FE08994DF20F30FDF09C
:101070006BFE28994DF21030FDF066FE09994DF295
:101080001130FDF061FE28994DF21230FDF05CFE4A
:101090000A994DF21330FDF057FE28994DF21430A5
:1010A000FDF052FE0B994DF21530FDF04DFE2899E2
:1010B0004DF21630FDF048FE0C994DF21730FDF060
:1010C00043FE2F994DF21830FDF03EFE31994DF25E
:1010D0001930FDF039FE2F994DF21A30FDF034FE33
:1010E00028994DF21B30FDF02FFE2F994DF21C3048
:1010F000FDF02AFE0D994DF21D30FDF025FE2F99D1
:101100004DF21E30FDF020FE0E994DF21F30FDF025
:101110001BFE2F994DF22030FDF016FE0F994DF277
:101120002130FDF011FE2F994DF22230FDF00CFE22
:1011300010994DF22330FDF007FE2F994DF2243027
:10114000FDF002FE11994DF22530FDF0FDFD2F99C5
:101150004DF22630FDF0F8FD12994DF22730FDF0EA
:10116000F3FD2F994DF22830FDF0EEFD13994DF26D
:101170002930FDF0E9FD2F994DF22A30FDF0E4FD14
:1011800014994DF22B30FDF0DFFD2F994DF22C30EC
:10119000FDF0DAFD15994DF22D30FDF0D5FD2B99BE
:1011A0004DF22E30FDF0D0FD16994DF22F30FDF0AE
:1011B000CBFD2B994DF23030FDF0C6FD17994DF265
:1011C0003130FDF0C1FD2B994DF23230FDF0BCFD08
:1011D00018994DF23330FDF0B7FD31994FF454407A
:1011E000FDF0B2FD17994DF20140FDF0ADFD3199D2
:1011F0004DF20240FDF0A8FD0D994DF20340FDF0C7
:10120000A3FD31994DF20440FDF09EFD03994DF28E
:101210000540FDF099FD31994DF20640FDF094FD39
:1012200004994DF20740FDF08FFD31994DF20840D1
:10123000FDF08AFD05994DF20940FDF085FD3199DB
:101240004DF20A40FDF080FD06994DF20B40FDF095
:101250007BFD31994DF20C40FDF076FD07994DF282
:101260000D40FDF071FD31994DF20E40FDF06CFD29
:1012700008994DF20F40FDF067FD28994DF210409E
:10128000FDF062FD09994DF21140FDF05DFD2899D8
:101290004DF21240FDF058FD0A994DF21340FDF059
:1012A00053FD28994DF21440FDF04EFD0B994DF27F
:1012B0001540FDF049FD28994DF21640FDF044FD22
:1012C0000C994DF21740FDF03FFD2F994DF218405B
:1012D000FDF03AFD31994DF21940FDF035FD2F99A1
:1012E0004DF21A40FDF030FD28994DF21B40FDF003
:1012F0002BFD2F994DF21C40FDF026FD0D994DF26E
:101300001D40FDF021FD2F994DF21E40FDF01CFD0A
:101310000E994DF21F40FDF017FD2F994DF2204020
:10132000FDF012FD0F994DF22140FDF00DFD2F99BA
:101330004DF22240FDF008FD10994DF22340FDF0E2
:1013400003FD2F994DF22440FDF0FEFC11994DF262
:101350002540FDF0F9FC2F994DF22640FDF0F4FCFC
:1013600012994DF22740FDF0EFFC2F994DF22840E5
:10137000FDF0EAFC13994DF22940FDF0E5FC2F99B0
:101380004DF22A40FDF0E0FC14994DF22B40FDF0A7
:10139000DBFC2F994DF22C40FDF0D6FC15994DF257
:1013A0002D40FDF0D1FC2B994DF22E40FDF0CCFCF0
:1013B00016994DF22F40FDF0C7FC2B994DF23040AD
:1013C000FDF0C2FC17994DF23140FDF0BDFC2B99A8
:1013D0004DF23240FDF0B8FC18994DF23340FDF06B
:1013E000B3FC31994FF45540FDF0AEFC17994DF226
:1013F0000150FDF0A9FC31994DF20250FDF0A4FC22
:101400000D994DF20350FDF09FFC31994DF20450BF
:10141000FDF09AFC03994DF20550FDF095FC3199D1
:101420004DF20650FDF090FC04994DF20750FDF08E
:101430008BFC31994DF20850FDF086FC05994DF278
:101440000950FDF081FC31994DF20A50FDF07CFC11
:1014500006994DF20B50FDF077FC31994DF20C508E
:10146000FDF072FC07994DF20D50FDF06DFC3199C5
:101470004DF20E50FDF068FC08994DF20F50FDF052
:1014800063FC28994DF21050FDF05EFC09994DF275
:101490001150FDF059FC28994DF21250FDF054FC0A
:1014A0000A994DF21350FDF04FFC28994DF214505B
:1014B000FDF04AFC0B994DF21550FDF045FC2899C2
:1014C0004DF21650FDF040FC0C994DF21750FDF016
:1014D0003BFC2F994DF21850FDF036FC31994DF23E
:1014E0001950FDF031FC2F994DF21A50FDF02CFCF3
:1014F00028994DF21B50FDF027FC2F994DF21C50FE
:10150000FDF022FC0D994DF21D50FDF01DFC2F99B0
:101510004DF21E50FDF018FC0E994DF21F50FDF0DB
:1015200013FC2F994DF22050FDF00EFC0F994DF257
:101530002150FDF009FC2F994DF22250FDF004FCE2
:1015400010994DF22350FDF0FFFB2F994DF22450DE
:10155000FDF0FAFB11994DF22550FDF0F5FB2F99A6
:101560004DF22650FDF0F0FB12994DF22750FDF0A0
:10157000EBFB2F994DF22850FDF0E6FB13994DF24D
:101580002950FDF0E1FB2F994DF22A50FDF0DCFBD4
:1015900014994DF22B50FDF0D7FB2F994DF22C50A2
:1015A000FDF0D2FB15994DF22D50FDF0CDFB2B999E
:1015B0004DF22E50FDF0C8FB16994DF22F50FDF064
:1015C000C3FB2B994DF23050FDF0BEFB17994DF245
:1015D0003150FDF0B9FB2B994DF23250FDF0B4FBC8
:1015E00018994DF23350FDF0AFFB31994FF456404E
:1015F000FDF0AAFB17994DF20160FDF0A5FB3199B2
:101600004DF20260FDF0A0FB0D994DF20360FDF07C
:101610009BFB31994DF20460FDF096FB03994DF26E
:101620000560FDF091FB31994DF20660FDF08CFBF9
:1016300004994DF20760FDF087FB31994DF2086087
:10164000FDF082FB05994DF20960FDF07DFB3199BB
:101650004DF20A60FDF078FB06994DF20B60FDF04B
:1016600073FB31994DF20C60FDF06EFB07994DF262
:101670000D60FDF069FB31994DF20E60FDF064FBE9
:1016800008994DF20F60FDF05FFB28994DF2106054
:10169000FDF05AFB09994DF21160FDF055FB2899B8
:1016A0004DF21260FDF050FB0A994DF21360FDF00F
:1016B0004BFB28994DF21460FDF046FB0B994DF25F
:1016C0001560FDF041FB28994DF21660FDF03CFBE2
:1016D0000C994DF21760FDF037FB2F994DF2186011
:1016E000FDF032FB31994DF21960FDF02DFB2F9981
:1016F0004DF21A60FDF028FB28994DF21B60FDF0B9
:1017000023FB2F994DF21C60FDF01EFB0D994DF24D
:101710001D60FDF019FB2F994DF21E60FDF014FBCA
:101720000E994DF21F60FDF00FFB2F994DF22060D6
:10173000FDF00AFB0F994DF22160FDF005FB2F999A
:101740004DF22260FDF000FB10994DF22360FDF098
:10175000FBFA2F994DF22460FDF0F6FA11994DF243
:101760002560FDF0F1FA2F994DF22660FDF0ECFABC
:1017700012994DF22760FDF0E7FA2F994DF228609B
:10178000FDF0E2FA13994DF22960FDF0DDFA2F9990
:101790004DF22A60FDF0D8FA14994DF22B60FDF05D
:1017A000D3FA2F994DF22C60FDF0CEFA15994DF237
:1017B0002D60FDF0C9FA2B994DF22E60FDF0C4FAB0
:1017C00016994DF22F60FDF0BFFA2B994DF2306063
:1017D000FDF0BAFA17994DF23160FDF0B5FA2B9988
:1017E0004DF23260FDF0B0FA18994DF23360FDF021
:1017F000ABFA19983299FDF0A7FA1A981B99FDF0E7
:10180000A3FA1C981D99FDF09FFA1E981F99FDF0F0
:101810009BFA20983199FDF097FA2198CC21FDF0A0
:1018200093FA22983199FDF08FFA23980521FDF063
:101830008BFA249870212691FDF086FA2598269936
:10184000FDF082FA27982899FDF07EFA29982B99C5
:10185000FDF07AFA2A982B99FDF076FA2B994BF63F
:101860000300FDF071FA2C982F99FDF06DFA2D9878
:101870003199FDF069FA2E983199FDF065FA4FF42F
:101880004940D021FDF060FA2F994CF60110FDF08F
:101890005BFA4CF6021050213091FDF055FA309968
:1018A0004CF60310FDF050FA30994CF60410FDF0A0
:1018B0004BFA31994FF45450FDF046FA32994FF4F7
:1018C0006850FDF041FA4FF4885000F095FB3398D2
:1018D000FAF0C2FB4FF4245000F08EFB34B080BD10
:1018E00080B588B0E22000F087FB1D2000F074FB7B
:1018F0000220049000F070FB0420039000F06CFBC9
:101900006420FAF0A9FBE020009000F075FB0120B4
:10191000079000F061FB0A200190FBF779FE009828
:1019200000F06AFB0320069000F056FB0C20FBF74A
:101930006FFE079800F060FB0198FBF769FEE62058
:1019400000F05AFB2F2000F047FBFF20029000F030
:1019500043FB029800F040FBB02000F04DFB20203C
:1019600000F03AFB0020059000F036FB069800F0EE
:1019700033FB40F21F3000F02FFB079800F02CFBE8
:1019800040F2DF1000F028FB059800F025FBB420A2
:1019900000F032FB039800F01FFB40F21F4000F004
:1019A0001BFB059800F018FB2E2000F015FB059896
:1019B00000F012FB059800F00FFB059800F00CFBFF
:1019C000059800F009FBB62000F016FB049800F023
:1019D00003FB4FF4037000F0FFFA059800F0FCFAE7
:1019E000172000F0F9FA152000F0F6FA059800F03B
:1019F000F3FA059800F0F0FAF02000F0FDFA0698EE
:101A000000F0EAFA292000F0F7FAD02000F0F4FA0A
:101A1000059800F0E1FABE2000F0EEFA052000F093
:101A2000DBFAFE2000F0D8FA079800F0D5FA059806
:101A300000F0D2FA059800F0CFFA059800F0CCFA41
:101A4000B82000F0D9FA069800F0C6FA079800F01E
:101A5000C3FABA2000F0D0FA079800F0BDFA08B037
:101A600080BD00000000000080B58CB0112000F0A7
:101A7000C3FA7820FBF7CCFD362000F0BDFA002039
:101A80000A9000F0A9FA3A2000F0B6FA052000F01A
:101A9000A3FAB22000F0B0FA0C20019000F09CFAFA
:101AA000019800F099FA0A9800F096FA3320009015
:101AB00000F092FA009800F08FFAB72000F09CFA3C
:101AC000352000F089FABB2000F096FA322002900F
:101AD00000F082FAC02000F08FFA019800F07CFA42
:101AE000C22000F089FA01200B9000F075FAC320A3
:101AF00000F082FA102000F06FFAC42000F07CFAA7
:101B0000202000F069FAC62000F076FA0F2000F0DD
:101B100063FAD020039000F06FFAA42000F05CFA82
:101B2000A12000F059FAE02000F066FA039800F0D6
:101B300053FA0A9800F050FA0220049000F04CFA90
:101B40000720059000F048FA0A20069000F044FAB9
:101B50002820079000F040FA029800F03DFA442057
:101B600000F03AFA422000F037FA062000F034FA8A
:101B70000E20089000F030FA122000F02DFA142008
:101B800000F02AFA1720099000F026FAE12000F070
:101B900033FA039800F020FA0A9800F01DFA04982E
:101BA00000F01AFA059800F017FA069800F014FAF7
:101BB000079800F011FA312000F00EFA542000F0DE
:101BC0000BFA472000F008FA089800F005FA1C20EC
:101BD00000F002FA099800F0FFF91B2000F0FCF970
:101BE0001E2000F0F9F92A2000F006FA0A9800F009
:101BF000F3F90A9800F0F0F90A9800F0EDF9EF20F7
:101C000000F0EAF92B2000F0F7F90A9800F0E4F967
:101C10000A9800F0E1F90B9800F0DEF93F2000F09F
:101C2000DBF9292000F0E8F90CB080BD00000000CD
:101C300080B586B0DDF820C0ADF81600ADF8141000
:101C4000ADF81220ADF810300020ADF80A004AF2CD
:101C5000A020C2F20340006880B1FFE7BDF8160083
:101C6000BDF81410BDF81220BDF81030DDF820C00A
:101C7000EE46CEF800C000F01BFB3AE0BDF81200C3
:101C8000BDF81610401A0130ADF80A00BDF8140076
:101C9000ADF80E00FFE7BDF80E00BDF81010884249
:101CA00026DCFFE7BDF81600BDF80E1000F0D0F8F6
:101CB000FDF03EF80020ADF80C00FFE7BDF80C0089
:101CC000BDF80A1088420CDAFFE708980021C6F236
:101CD00008010880FFE7BDF80C000130ADF80C00EA
:101CE000ECE7FFE7BDF80E000130ADF80E00D2E7DB
:101CF000FFE706B080BD000080B588B0ADF81E00DB
:101D0000ADF81C10ADF81A20ADF81830BDF81A0067
:101D100040F2C321484349F27531C0F21841A0FB9B
:101D200001010120019000EB11100490BDF81A1080
:101D300001FB01F000EB51000390BDF81A00029086
:101D4000BDF81E00BDF81A20801ABDF81C10520004
:101D5000BDF8183080B292B2FBF0F6FD0198059004
:101D6000FFE705980499884262D8FFE70598029931
:101D7000494300FB00100399884234D9FFE70298D9
:101D8000049988422BD9FFE7BDF81E00059BC01AB5
:101D90000130BDF81C10029A11446FF0010200924C
:101DA00002EB4302BDF8183089B292B280B2FBF068
:101DB000CBFD009ABDF81E00059BC01A0130BDF88E
:101DC0001C10DDF808C0A1EB0C0102EB4302BDF8CA
:101DD000183089B292B280B2FBF0B6FDFFE70298EC
:101DE00001380290FFE7BDF81E00029A801ABDF884
:101DF0001C10059B19445200BDF8183080B289B2FE
:101E000092B2FBF0A1FDBDF81E00029A801ABDF847
:101E10001C10059BC91A5200BDF8183080B289B257
:101E200092B2FBF091FDFFE705980130059098E72D
:101E300008B080BD0000000081B00020C6F208009C
:101E40000088ADF80200BDF8020001B07047000044
:101E500080B586B0ADF81600ADF814104AF29220A5
:101E6000C2F20340808841F66311884261D1FFE7E6
:101E70004AF29220C2F203408079F0B9FFE74AF2B9
:101E80009220C2F203400288BDF81610C9431144E3
:101E9000ADF81610408900F0AFF80020049000F073
:101EA0009BF8049800F098F89DF8170000F094F85B
:101EB0009DF8160000F090F81DE04AF29220C2F260
:101EC00003400390408900F097F89DF8170000F058
:101ED00083F89DF8160000F07FF803980088013819
:101EE000C0F30F2000F078F8039800880138C0B2E2
:101EF00000F072F8FFE74AF29220C2F2034002902B
:101F0000808900F079F89DF8150000F065F89DF8DB
:101F1000140000F061F8029840880138C0F30F20E7
:101F200000F05AF8029840880138C0B200F054F826
:101F300050E04AF29220C2F20340808845F21051EC
:101F4000884229D1FFE74AF29220C2F20340019071
:101F5000408900F051F89DF8170000F03DF8019815
:101F60004089013080B200F047F89DF8160000F07B
:101F700033F80198808900F03FF89DF8150000F0D3
:101F80002BF801988089013080B200F035F89DF877
:101F9000140000F021F81CE04AF29220C2F2034043
:101FA0000090408900F028F89DF8170000F014F820
:101FB0009DF8160000F010F80098808900F01CF8D9
:101FC0009DF8150000F008F89DF8140000F004F8E2
:101FD000FFE7FFE706B080BD81B0ADF80200BDF8B5
:101FE0000200ADF80200BDF802000021C6F20801AF
:101FF000088001B07047000081B0ADF80200BDF864
:102000000200ADF80200BDF802004FF6FE71C6F204
:102010000701088001B0704780B584B00390029139
:1020200002981A3000F014F8019003980078032801
:102030000AD1FFE70298143000F00AF8014601982F
:1020400040EA01400190FFE7019804B080BD000024
:1020500082B0019001984078ADF80200BDF80210FE
:102060000198007840EA0120ADF80200BDF80200B6
:1020700002B070470000000088B0079006910592FA
:102080000020ADF812008DF8110044F20041C5F6B1
:102090000201086820F080500860FFE744F2004029
:1020A000C5F60200016800208900002903900AD5C6
:1020B000FFE7BDF8121041F6FF7200209142B8BF51
:1020C00001200390FFE70398C00730B1FFE7BDF898
:1020D00012000130ADF81200E0E7BDF8120041F641
:1020E000FF71884204D1FFE701208DF811006AE0FA
:1020F00044F22841C5F60201086820F07C700860AF
:10210000069A086840EA0250086044F24041C5F669
:1021100002010191086840F2FF129043086007989D
:10212000421E086810430860086820F0FE400860FE
:102130000598421E086840EA0260086044F22C419B
:10214000C5F602010291086820F470600860086812
:10215000086008680860086840F08070086044F211
:102160000041C5F60201086840F080500860FFE7B2
:1021700044F20040C5F602000168002089000029F1
:1021800000900AD4FFE7BDF8121041F6FF7200205C
:102190009142B8BF01200090FFE70098C00730B11E
:1021A000FFE7BDF812000130ADF81200E0E7BDF81E
:1021B000120041F6FF71884204D1FFE702208DF83A
:1021C0001100FFE7FFE79DF8110008B0704700001D
:1021D00081B08DF803009DF803004AF2A021C2F2FD
:1021E000034148759DF8030048B9FFE74AF2A02172
:1021F000C2F203414868C882086808830EE09DF86F
:102200000300012809D1FFE74AF2A021C2F20341ED
:102210000868C88248680883FFE7FFE701B0704795
:1022200080B582B0ADF80600ADF8041000924AF215
:10223000A020C2F20340407DB8B1FFE700984AF207
:10224000A023C2F203431A7D49F6C041C2F2034102
:1022500051F82210DA691B68BDF804C0BDF806E029
:1022600003FB0CE35A4388521EE000984AF2A02C6C
:10227000C2F2034C9CF8142049F6C041C2F203415B
:1022800051F82210DCF81C20DCF80030DCF804E007
:10229000BDF806C06FEA0C0CF444BDF804E003FB83
:1022A0000CE35A438852FFE702B080BD00000000F3
:1022B00089B0DDF824C0ADF82200ADF82010ADF8EB
:1022C0001E20ADF81C30002002904AF2A020C2F27D
:1022D0000340407D68B1FFE7BDF822000690BDF8DD
:1022E00020000590BDF81E000490BDF81C0003906E
:1022F0003CE0BDF81E004AF2A021C2F20341496849
:10230000884209D3FFE74AF2A020C2F203404068A6
:102310000138ADF81E00FFE7BDF822004AF2A02107
:10232000C2F203414968884209D3FFE74AF2A0207C
:10233000C2F2034040680138ADF82200FFE7BDF863
:10234000200006904AF2A020C2F203404268BDF885
:102350001E10C94311440591BDF81C100491416839
:10236000BDF82200C04308440390FFE74AF2A021D1
:10237000C2F203410A680498069BC01AC043104485
:10238000ADF806000A7D49F6C040C2F2034050F89D
:102390002220C8690968059BDDF818C001FB03C14C
:1023A00000FB0120009044F2D441C5F60201086808
:1023B00040F01000086041F20001C5F200210868F9
:1023C00020F0010008604FF44030086041F2340210
:1023D000C5F2002202201060BDF8060041F2400262
:1023E000C5F200221060009841F23C02C5F20022C2
:1023F00010600398059A801A0130049A069BD21A3D
:10240000013240EA024041F24402C5F2002210606B
:10241000099841F23802C5F200221060086840F0C5
:1024200001000860FFE741F20400C5F200200068E7
:10243000800700280AD4FFE7029801300290029832
:10244000B0F5001F01D3FFE700E0ECE741F208011F
:10245000C5F20021086840F00200086009B070472A
:1024600080B586B0844608988DF817C0ADF8141072
:10247000ADF81220ADF81030ADF80E0000208DF848
:1024800007009DF81700002877D1FFE7BDF814007A
:10249000BDF81010084441F20C01C5F200010A68B1
:1024A0000023C0F6FF731A4000EB124000040290B4
:1024B000BDF814000A681A4000EB12400130029A7D
:1024C000104341F28802C5F200021060BDF812000C
:1024D000BDF80E2010440A686FF3DF221044000498
:1024E0000290BDF8120009686FF3DF210844013043
:1024F0000299084341F28C01C5F20001086041F2E3
:102500009400C5F20000006800F007008DF8070095
:102510009DF8070018B9FFE70420029019E09DF824
:102520000700012803D1FFE70320029010E09DF887
:102530000700052805D0FFE79DF80700062803D10E
:10254000FFE70120029002E002200290FFE7FFE790
:10255000FFE7BDF8100002994143C81C40EA014062
:1025600041F2B001C5F200010860BDF80E0041F271
:10257000B401C5F20001086076E0BDF81400BDF8B2
:102580001010084441F20C01C5F200010A68002352
:10259000C0F6FF731A4000EB124000040290BDF831
:1025A00014000A681A4000EB12400130029A1043EE
:1025B00041F20812C5F200021060BDF81200BDF829
:1025C0000E2010440A686FF3DF22104400040290CA
:1025D000BDF8120009686FF3DF2108440130029949
:1025E000084341F20C11C5F20001086041F21410D9
:1025F000C5F20000006800F007008DF807009DF8A4
:10260000070018B9FFE70420029019E09DF80700C1
:10261000012803D1FFE70320029010E09DF8070096
:10262000052805D0FFE79DF80700062803D1FFE73E
:102630000120029002E002200290FFE7FFE7FFE79F
:10264000BDF8100002994143C81C40EA014041F224
:102650003011C5F200010860BDF80E0041F23411DE
:10266000C5F200010860FFE79DF817000121FCF0AA
:10267000DFFE06B080BD000082B0ADF80200ADF80C
:1026800000104AF2A020C2F20340407DB8B1FFE73B
:102690004AF2A022C2F20342117D49F6C040C2F2C2
:1026A000034050F82100D1691268BDF80030BDF830
:1026B00002C002FB03C25143405A01901AE04AF2A1
:1026C000A023C2F20343197D49F6C040C2F2034081
:1026D00050F82100D9691A68D3F804C0BDF8023057
:1026E000DB436344BDF800C002FB03C25143405AC0
:1026F0000190FFE7019802B0704700000000000061
:1027000081B08DF803009DF803004AF2A021C2F2C7
:102710000341087501B0704781B08DF803009DF842
:10272000030048B1FFE741F21801C5F20001086853
:1027300040F00100086008E041F21801C5F2000114
:10274000086820F001000860FFE701B07047000052
:1027500080B584B000200390A0200521022204232C
:10276000FEF072FA4FF4C870FAF732FF64204FF4AB
:10277000E13101F0D9FCFCF017FB00F029F9F1F090
:1027800043FBF2F749F94EF61451CEF20001086806
:1027900040F0100008604EF62451CEF200010868A7
:1027A00040F4C020086045F68E10C0F61100EDF729
:1027B00043FE45F6FF10C0F61100EDF73DFE00F0B8
:1027C0004BFC00F05DFD68B9FFE745F67110C0F6FF
:1027D00011000021CCF22001EDF72EFE0220FBF7C4
:1027E00073FEFFE745F60110C0F61100EDF724FE79
:1027F000FBF03EFB0120FAF0D7FE4AF29220C2F233
:1028000003400088B0F5487F09D1FFE74AF29220E3
:10281000C2F203404088B0F5F07F10D0FFE74AF2E3
:102820009220C2F203400188428845F62C00C0F68F
:102830001100EDF701FE0320FBF746FEFFE745F62A
:102840009D00C0F61100EDF7F7FD01F039F8F9F041
:1028500067F938B1FFE745F66C00C0F61100EDF7F7
:10286000EBFD06E045F68300C0F61100EDF7E4FD50
:10287000FFE700200290FCF70BFE40F20040C5F697
:102880000200009002210122019200F0D9FF00987D
:102890000199029A00F0D4FFF5F7CAFE45F64B0005
:1028A000C0F61100EDF7C8FD01F0D2FD0520FBF7E1
:1028B0000BFE039804B080BD87B00690059104928A
:1028C000069803900598029000200190FFE7039876
:1028D000411C0391007802994A1C02920978401A1F
:1028E0000190FFE70498411E04910020009031B14F
:1028F000FFE70198B0FA80F040090090FFE70098E8
:10290000C0070028E3D1FFE7019807B07047000037
:1029100084B003900291019203980090FFE702981F
:1029200000994A1C00920870FFE701980138019055
:102930000028F4D1FFE704B0704700000000000059
:1029400080B584B00390029100208DF807000298B2
:102950000399C96A88421ED0FFE70398FEF048F841
:102960008DF807009DF80700A0B9FFE703994878A4
:102970003031029A0123F9F0B7FD38B1FFE74FF08B
:10298000FF30029001208DF80700FFE702980399BD
:10299000C862FFE7FFE79DF8070004B080BD0000B4
:1029A00082B0019000208DF80300FFE70198012814
:1029B00009D0FFE70198400801909DF8030001301D
:1029C0008DF80300F2E79DF8030002B070470000A5
:1029D00080B588B0694601220692CA608A600023E9
:1029E00005934B600320079008604FF000504FF4B0
:1029F0000031FCF0A9FD059B069A07986946CA605C
:102A00008A604B6008604FF010504FF40021049131
:102A10000222FCF099FD0499059B079ADDF818C085
:102A20006846C0F80CC0C0F808C0436002604FF0B0
:102A30004050FCF089FD059B069A07986946CA60DC
:102A40008A604B6008604FF060504FF48031042280
:102A5000FCF07AFD059B07986946CB608B604B6064
:102A600008604FF0C0404FF080610522FCF06CFD23
:102A7000059B069A07986946CB608B604A600860A0
:102A80004FF040404FF000710622FCF05DFD059ACA
:102A9000069B07986946CA608A604A6008604FF0E2
:102AA00000404FF080510722FCF04EFD08B080BD81
:102AB00080B582B001F01CFC4AF2B840C2F2054079
:102AC0000068B0BBFFE74AF29C30C2F205400090BC
:102AD000FEF05AFE4AF2B030C2F205400190FEF01C
:102AE00053FE009901984AF2C822C2F203421160D3
:102AF0004AF2D821C2F2034108600A200C210022C8
:102B0000FFF00AFA01464AF2B840C2F205400160FD
:102B1000006860B1FFE74AF2B840C2F205400068C1
:102B200046F61971C0F60101FEF05AFF00E0FFE71A
:102B300000E0FFE701F00CFC02B080BD00000000E7
:102B400080B58AB00120099000200790069005907A
:102B5000049003900290FFE702980E2813D8FFE735
:102B6000029A46F67B50C0F61100815C04A881549D
:102B70000299405C08B9FFE705E0FFE7FFE702982C
:102B800001300290E8E7029A04A9002088540890D6
:102B9000FFE70898002822DCFFE74FF68130C0F6F7
:102BA000100003900398089A4AF2F031C2F20541EE
:102BB00001EB820269464A6000230B6004A94FF4CE
:102BC000807201F041FF09900998012801D0FFE7C8
:102BD00005E0FFE7FFE7089801300890D9E709987A
:102BE0000AB080BD0000000082B001904AF2C82007
:102BF000C2F2034000680068B0FA80F04009019911
:102C000008600198006848B9FFE74AF2C820C2F29C
:102C100003400068C0680068009002E00020009057
:102C2000FFE7009802B0704780B584B003904AF285
:102C30008440C2F205400290FFE7029800680399C1
:102C4000884205D2FFE7FFE7029800680290F4E7A8
:102C500002984AF28441C2F2054188422BD0FFE734
:102C6000FFE7029900204AF28032C2F20342914209
:102C7000009010D3FFE702994AF28030C2F203407D
:102C80004FF6FF72C0F2010202440020914298BF49
:102C900001200090FFE70098C00750B9FFE746F613
:102CA000AF50C0F6110040F20621F1F065F8FFE7E1
:102CB000FEE7FFE7FFE70298019001980299496853
:102CC00008440399884209D1FFE7039842680299B2
:102CD0004868104448600298039000E0FFE70398BA
:102CE000019001980399496808440299096888424B
:102CF00020D1FFE7029800684AF2D021C2F20341D6
:102D0000096888420DD0FFE702980068426803997D
:102D10004868104448600298006800680399086099
:102D200007E04AF2D020C2F203400068039908602D
:102D3000FFE704E00298006803990860FFE7029843
:102D40000399884204D0FFE703980299086000E0E5
:102D5000FFE704B080BD000080B586B00590049107
:102D60000392029300200190049805994860059809
:102D7000006104980399884216D8FFE703980299E6
:102D8000401A05998969884203D3FFE70120019021
:102D900009E04AF2D820C2F20340006805990431E4
:102DA000FEF012FDFFE717E003980299884208D26F
:102DB000FFE704980299884203D3FFE701200190BE
:102DC00009E04AF2C820C2F20340006805990431C4
:102DD000FEF0FAFCFFE7FFE7019806B080BD0000B7
:102DE00080B582B0019001F083FA0198806B01995F
:102DF000C96B884203D1FFE70120009002E0002068
:102E00000090FFE701F0A4FA009802B080BD000036
:102E100008480068006880F308884FF0000080F3DD
:102E2000148862B661B6BFF34F8FBFF36F8F00DFB8
:102E300000BF000008ED00E080B582B000200090E7
:102E4000FFE740F27800C2F200400068013048B16C
:102E5000FFE746F65670C0F60100EE21F0F08CFF59
:102E6000FFE7FEE7FFE74FF0500072B680F31188EE
:102E7000BFF36F8FBFF34F8F62B60190FFE70098EB
:102E800008B9FFE7FBE702B080BD000000000000CA
:102E900080B582B0019001F02BFA019890F84500BE
:102EA0008DF80300FFE79DF90300012825DBFFE70C
:102EB0000198806C50B1FFE70198FCF0ADFF18B1AC
:102EC000FFE701F099FA00E0FFE710E00198406A9F
:102ED00058B1FFE701982430FFF0BEFC18B1FFE7BE
:102EE00001F08AFA00E0FFE700E006E0FFE79DF866
:102EF000030001388DF80300D5E70199FF2081F820
:102F0000450001F025FA01F0F3F9019890F844002A
:102F10008DF80200FFE79DF90200012816DBFFE7AC
:102F20000198006980B1FFE701981030FFF094FC30
:102F300018B1FFE701F060FA00E0FFE79DF802003A
:102F400001388DF8020000E000E0E4E70199FF207D
:102F500081F8440001F0FCF902B080BD00000000DF
:102F600080B588B006900591049200208DF80F007E
:102F70000698006801900598022806D3FFE7059897
:102F800001994969884204D3FFE702208DF81F00A8
:102F90005CE0049890B1FFE7019804994FF0FF328C
:102FA000FDF096F98DF80F009DF80F0028B1FFE7AE
:102FB0009DF80F008DF81F0048E0FFE7FFE7069837
:102FC0000599F9F061FE0290029808B9FFE739E02F
:102FD0000298012804D1FFE702208DF81F0035E098
:102FE0000298013020B9FFE701208DF81F002DE085
:102FF000019805990022FDF06BF98DF80F009DF8FE
:103000000F0028B1FFE79DF80F008DF81F001DE0AD
:10301000019908694969023988420AD2FFE7019992
:103020000869013008610199087940F001000871D0
:10303000FFE702980590FFE70598019949698842E2
:10304000BDD3FFE700208DF81F00FFE79DF81F00AC
:1030500008B080BD0000000080B594B0002310933C
:1030600013931293ADF8463044F2E041C5F60201E5
:10307000086840F07C00086044F2D441C5F60201C3
:10308000086840F480500860694601200D9048604F
:1030900003200F90086040F60000C5F60200029081
:1030A0000D21039102220E92FDF0F6FCDDF834C0F2
:1030B0000E9A0F98109B6946C1F804C0086040F64C
:1030C0000040C5F6020004904CF203710591FDF03A
:1030D000E3FCDDF834C00E9A0F98109B6946C1F8E6
:1030E00004C0086041F20000C5F6020006904FF6E9
:1030F00083710791FDF0D0FCDDF834C00E9A0F9873
:10310000109B6946C1F804C0086041F20040C5F652
:10311000020008904FF63F010991FDF0BDFCDDF87B
:1031200034C00E9A0F98109B6946C1F804C008601D
:1031300041F60000C5F602000A9048F237110B91E3
:10314000FDF0AAFC029803990C220C9200F030FBCF
:10315000049805990C9A00F02BFB069807990C9A95
:1031600000F026FB089809990C9A00F021FB0A98B8
:103170000B990C9A00F01CFB0D99109B139840F0D2
:1031800001001390139840F008001390139840F03A
:1031900010001390139840F040001390139840F4DF
:1031A00080701390139840F400601390139840F4CB
:1031B00080501390139844F24012C5F20022106020
:1031C000129840F001001290129840F07000129096
:1031D000129840F4C0601290129840F4C0401290CF
:1031E000129840F480301290129840F4801012909F
:1031F000129840F080701290129844F24812C5F272
:103200000022106044F20002C5F20022106840F073
:103210000040106018461A46FDF0FEFA4FF4FA70AE
:10322000F8F01AFF0E99109B18461A46FDF0F4FAB2
:103230000F99109B08221846FDF0EEFA109ABDF87F
:10324000460040F00100ADF84600BDF8460040F0F1
:103250002000ADF84600BDF8460040F40070ADF81F
:103260004600BDF8463004211046FDF0D5FA44F280
:103270005411C5F2002140F28E60086014B080BD88
:1032800084B00020CCF22000029000200190FFE7E3
:1032900001990020B0EB113F0DD1FFE7019A00200A
:1032A000C5F6A5205040029941F82200FFE7019899
:1032B00001300190ECE700200190FFE70199002028
:1032C000B0EB113F17D1FFE701980021C5F6A5210A
:1032D000484000900298019950F8210000998842D6
:1032E00004D0FFE700208DF80F0046E0FFE70198CB
:1032F00001300190E2E700200190FFE701990020F2
:10330000B0EB113F11D1FFE7019A41F22100504388
:103310004FF6FF71CAF25A514840029941F8220013
:10332000FFE7019801300190E8E700200190FFE7F6
:1033300001990020B0EB113F1BD1FFE7019841F24A
:10334000210148434FF6FF71CAF25A51484000909C
:103350000298019950F821000099884204D0FFE7B3
:1033600000208DF80F0008E0FFE701980130019080
:10337000DEE701208DF80F00FFE79DF80F0004B095
:10338000704700000000000080B584B003900291F7
:10339000019202981A30BDF80410FDF0ADFA0398BE
:1033A0000078032807D1FFE702981430BDF8061013
:1033B000FDF0A2FAFFE704B080BD000000000000AD
:1033C00083B04EF61450CEF200000068800300284F
:1033D00001D5FFE71AE0BFF34F8FBFF36F8F4EF6B3
:1033E0005071CEF2000100200860BFF34F8FBFF391
:1033F0006F8F4EF61451CEF20001086840F4003091
:103400000860BFF34F8FBFF36F8FFFE74EF6145086
:10341000CEF200000068C003002801D5FFE73CE0C1
:103420004EF68451CEF2000100200860BFF34F8FAA
:103430004EF68050CEF20000006802900298C0F371
:103440004E300190FFE70298C0F3C9000090FFE7FB
:1034500001990098800761F34D104EF66071CEF22D
:10346000000108600098411E00910028F0D1FFE79C
:103470000198411E01910028E5D1FFE7BFF34F8F6E
:103480004EF61451CEF20001086840F48030086016
:10349000BFF34F8FBFF36F8FFFE74EF69C71CEF2F5
:1034A0000001086840F00400086003B070470000A5
:1034B00089B00890079106920593002004908DF83A
:1034C0000F008DF80E0044F60C01C5F602010868E5
:1034D00020F00400086044F61801C5F602010868EF
:1034E00040F440400860FFE744F61800C5F60200CB
:1034F00000688004002801D4FFE7F5E744F20041AA
:10350000C5F60201086840F480300860FFE744F225
:103510000040C5F6020001680020890300290290DE
:1035200009D4FFE7049947F6FF720020914238BFA3
:1035300001200290FFE70298C00720B1FFE704983E
:1035400001300490E3E7049847F6FF71884204D104
:10355000FFE701208DF80F0024E144F22841C5F671
:103560000201086840F002000860079A086840EA13
:10357000021008600898421E44F23041C5F602016C
:103580000191086810430860069A4FF60060CFF674
:10359000FF7000EB4222086810430860059A002083
:1035A000CFF6FF7000EB024208681043086008681D
:1035B00040F08070086044F22C41C5F602010868B2
:1035C00040F00800086008680860086840F440306F
:1035D000086044F20041C5F60201086840F08070BE
:1035E000086000200490FFE744F20040C5F60200A6
:1035F0000068800100280DD4FFE704980130049092
:103600000498B0F5001F04D3FFE702208DF80F00E7
:1036100000E0E9E744F22841C5F60201086840F4F9
:10362000C830086044F23841C5F60201086840F22B
:10363000B71210430860086840F40070086008681A
:1036400040F08070086044F22C41C5F60201009100
:103650000868086008680860086840F4002008608E
:10366000086840F40010086044F24C41C5F60201BD
:10367000086820F003000860086840F00200086055
:1036800044F20041C5F60201086840F0806008601D
:1036900000200490FFE744F20040C5F602000068F5
:1036A000000100280DD4FFE704980130049004982D
:1036B000B0F5001F04D3FFE703208DF80F0000E0F2
:1036C000E9E744F21841C5F60201086840F0080035
:1036D00008600868086044F21041C5F602010868F5
:1036E00040F00300086000200490FFE79DF80E0002
:1036F000032816D0FFE744F21040C5F60200006828
:10370000C0F3C2008DF80E000498013004900498B4
:10371000B0F5001F04D3FFE704208DF80F0000E090
:10372000E4E742F20001C5F20021086840F002001F
:103730000860086840F02000086044F21841C5F6AF
:103740000201086840F04000086044F21C41C5F6E0
:103750000201086840F040000860086840F480609A
:10376000086044F22041C5F60201086840F04000BC
:10377000086044F20041C5F60201086840F080008C
:10378000086044F2F441C5F60201086840F0020006
:10379000086040F22041C5F60001086840F00100D1
:1037A0000860FFE79DF80F0009B0704700000000B7
:1037B00085B00490ADF80E108DF80D200020029019
:1037C000019000900290FFE702980F2833D8FFE79E
:1037D0000299012088400190BDF80E00019908402F
:1037E000009000980199884220D1FFE7029A02F0E8
:1037F000070081000F2000FA01F304986FF0030125
:1038000001EA52020244106A984310629DF80D00CA
:10381000029B03F00702920000FA02F2049801EA08
:1038200053010144086A10430862FFE7FFE702986A
:1038300001300290C8E705B07047000000000000AA
:1038400082B00190ADF802108DF801209DF80100C2
:10385000C00738B1FFE7BDF802200199886910431D
:10386000886107E0BDF802200199886940EA0240BA
:103870008861FFE702B0704783B08DF80B009DF8B8
:103880000B100720884300900098000200904EF62D
:103890000C51CEF200010868019001984FF6FF022A
:1038A0001040019001980022C0F2FA52104301909A
:1038B000009A0198104301900198086003B0704786
:1038C00080B582B04AF27811C2F20341002008703C
:1038D000FBF742F910BBFFE740F23001C2F20041B2
:1038E0004EF6B140C0F600004860812081F84400E7
:1038F00040F22401C2F2004145F61C20C0F611003E
:1039000008604AF27811C2F203410120087045F6BE
:10391000DD10C0F61100ECF78FFD3AE0FBF7B4FBC9
:1039200068BBFFE749F62061C2F20341019148F20A
:1039300040100422FBF7BCFC019840F23002C2F2B6
:1039400000424CF67961C0F610015160812182F885
:10395000441040F22401C2F2004108604AF278119A
:10396000C2F2034101200870FBF786FB0199024671
:1039700045F61410C0F61100ECF75EFD08E045F6C0
:10398000CA00C0F61100ECF757FD00F005F8FFE79C
:10399000FFE702B080BD000080B588B04AF27E31FA
:1039A000C2F20341002008704AF27F31C2F20341A3
:1039B0000870F9F711FD41F60040C5F602000290CB
:1039C0004021039101220192FFF73AFF019A42F24E
:1039D0000000C5F60200059008210491FFF730FFB2
:1039E0000220F9F715FE02980399FDF03DF80499BD
:1039F000024605984AF27C33C2F2034306931A70DA
:103A0000FDF032F8014606984AF27D32C2F20342D6
:103A100011700078002850D0FFE74AF27D30C2F2E2
:103A200003400078002848D0FFE708208DF81F00E9
:103A3000FFE79DF81F0077283ED8FFE79DF81F009D
:103A40004000C0B2F9F7B4FC78BBFFE79DF81F0057
:103A50004000C0B2F9F7ACFC38BBFFE79DF81F008F
:103A60004000C0B2F9F7A4FCF8B9FFE74AF27E3093
:103A7000C2F20340007840B9FFE79DF81F004AF208
:103A80007F31C2F203410870FFE74AF27E31C2F291
:103A900003410878013008709DF81F1045F6431067
:103AA000C0F61100ECF7C8FCFFE7FFE79DF81F0028
:103AB00001308DF81F00BCE7FFE74AF27C30C2F20C
:103AC000034001784AF27D30C2F2034002784AF2A4
:103AD0007E30C2F20340037845F6B210C0F6110002
:103AE000ECF7AAFC08B080BDB0B59AB014A90D914E
:103AF00001460D98199180ED020B80ED001B00200E
:103B00008DF84F00FFE79DF84F00042859DCFFE7D0
:103B10009DF84F104A1C199830F8213046F6AD61D7
:103B2000C0F601010DF13B000B90ECF791FC0B98F6
:103B30009DF84F1001EB8102A021099101EB820158
:103B40004AF29223C2F203430A931A885B88EC4636
:103B50004FF47844CCF80840CCF8040010200C90C6
:103B6000CCF800002820FBF03BF80B989DF84F3074
:103B70005A1C199901EB83014B8846F6B461C0F6D3
:103B80000101ECF765FC09990A9BDDF82CE00C9823
:103B90009DF84F2002EB820201EB82011A885B88BC
:103BA000EC46CCF80840CCF804E0CCF800007820D3
:103BB000FBF016F8FFE79DF84F0001308DF84F003D
:103BC000A1E79DF84F0000EB8001A020059000EBDD
:103BD00081014AF29220C2F2034006900088013827
:103BE0006B464FF6FF721A6082B2282003901023B2
:103BF0000893FEF71DF80D9890ED020B53EC102B77
:103C000046F6BB61C0F601010DF13B05079528465C
:103C1000ECF71EFC0599069BDDF820C003980022F6
:103C200004928DF842209DF84F2002EB820201EBB6
:103C300082011A885B88EE464FF47844CEF808403B
:103C4000CEF80450CEF800C0FAF0CAFF0D990798DC
:103C500091ED000B53EC102B46F6C461C0F6010148
:103C6000ECF7F6FB049A0599069BDDF81CE0089832
:103C70008DF842209DF84F2002EB820201EB820179
:103C80001A885B88EC46CCF80840CCF804E0CCF805
:103C900000007820FAF0A4FF1AB0B0BD00000000C8
:103CA00080B584B040F23000C2F20040383002905B
:103CB00000208DF80700029928200C22F7F04CFF15
:103CC0003420F7F069FF8DF807009DF807000A28F7
:103CD00004D1FFE701208DF80F0003E000208DF8EC
:103CE0000F00FFE79DF80F0004B080BD000000004A
:103CF00080B58AB08DF82700002208928DF8262022
:103D0000ADF8242041F60040C5F60200069040219F
:103D10000791FFF795FD089A42F20000C5F60200F0
:103D200004900821FFF78CFD0498089A4FF48071E5
:103D3000FFF786FD9DF8270000F0AEF90620F8F0A9
:103D40008BF906980799089AFFF77AFD01200590EC
:103D5000F8F082F9059A06980799FFF771FD059822
:103D6000F8F07AF906980799089AFFF769FD08981C
:103D70008DF82600FFE79DF826000F282EDCFFE7D0
:103D8000BDF824004000ADF8240041F60040C5F61F
:103D900002000190402102910022FFF751FD012015
:103DA0000390F8F059F901980299039AFFF748FD3A
:103DB00041F60000C5F602000821FCF055FE30B1C6
:103DC000FFE7BDF824000130ADF82400FFE7FFE76E
:103DD0009DF8260001308DF82600CCE7BDF82400C0
:103DE0000009ADF8240042F20000C5F602004FF4CD
:103DF00080710122FFF724FDBDF824000AB080BDC8
:103E000080B584B00390029140F23000C2F20040CD
:103E100090F84400C00758B1FFE79020FDF064FB24
:103E2000ADF80600D020FDF05FFBADF804000AE01D
:103E3000D020FDF059FBADF806009020FDF054FBBA
:103E4000ADF80400FFE7BDF8060003990880BDF84F
:103E500004000299088004B080BD0000000000004A
:103E600080B586B0049003910DF10A0002A9FFF716
:103E7000C7FF0DF1060001A9FFF7C2FFBDF806005C
:103E8000BDF80A10884208DCFFE7BDF80A00BDF85B
:103E90000610323188420FDBFFE7BDF80A00BDF89B
:103EA000061088423ADCFFE7BDF80600BDF80A10AC
:103EB0003231884232DAFFE7BDF80400BDF808105D
:103EC000884208DCFFE7BDF80800BDF80410323175
:103ED00088420FDBFFE7BDF80800BDF804108842F8
:103EE0001CDCFFE7BDF80400BDF808103231884241
:103EF00014DAFFE7BDF80A00BDF8061008444008D0
:103F000004990880BDF80800BDF804100844400872
:103F10000399088001208DF8170003E000208DF838
:103F20001700FFE79DF8170006B080BD00000000F5
:103F300080B582B040F23000C2F2004038300190CB
:103F4000019928200C22F7F053FE34200A21F8F7BB
:103F500047FE02B080BD000080B582B08DF807003A
:103F600041F60040C5F602008021FCF07DFD0028EE
:103F70006FD1FFE79DF8070050B1FFE740F2300135
:103F8000C2F2004101F10C002031FFF769FF4AE065
:103F900040F23001C2F2004101F10C002031FFF784
:103FA0005FFF00283ED0FFE740F23001C2F200413F
:103FB00000918889B1F84020801A00B200EE100A02
:103FC000B8EEC00A91ED0E1A80EE010A4AF2922074
:103FD000C2F203400288520801EE102AB8EEC11A5C
:103FE00030EE010ABCEEC00A10EE102A8A810A8C5B
:103FF000B1F84230D21A12B200EE102AB8EEC00A5E
:1040000091ED0F1A80EE010A4088400801EE100A77
:10401000B8EEC11A30EE010ABCEEC00A10EE100A6A
:104020000884FFE7FFE740F23000C2F20040808ED4
:10403000000400280CD4FFE740F23001C2F2004136
:104040004FF4404088868889C883088C4886FFE7FB
:104050001EE040F23000C2F20040808E00040028D2
:1040600009D5FFE740F23001C2F20041888E6FF3BC
:10407000DF3088860BE040F23001C2F200410020C0
:10408000C88348864FF6FF7088810884FFE7FFE702
:10409000002002B080BD000080B584B08DF80F0014
:1040A00000208DF80E008DF80E00FFE79DF80E0041
:1040B000072837DCFFE79DF80F000006002809D528
:1040C000FFE742F20000C5F6020008210122FFF7D7
:1040D000B7FB08E042F20000C5F60200082100220A
:1040E000FFF7AEFBFFE79DF80F0040008DF80F00D3
:1040F00041F60040C5F602000090402101910022E7
:10410000FFF79EFB01200290F7F0A6FF00980199AF
:10411000029AFFF795FBFFE79DF80E0001308DF83E
:104120000E00C3E704B080BD80B58EB00D900C9139
:10413000FFE744F2E041C5F60201086840F00100E3
:104140000860FFE7FFE744F2E041C5F602010868B6
:1041500040F001000860FFE7FFE744F2F041C5F6D8
:104160000201086840F010000860FFE7694601207E
:104170000390486008600020C5F6020006904FF4E6
:10418000007105910222049200230993FCF084FC43
:104190000399049A0698099BEC46CCF80410CCF8D5
:1041A00000104FF480610791FCF076FC05990698A9
:1041B00007220892FFF7FCFA06980799089AFFF77A
:1041C000F7FA09990D9844F24022C0F20F025043C9
:1041D0000C9A00EB5200B0FBF2F00B900B9841F2FE
:1041E0000C02C4F20102106041F20002C4F20102AA
:1041F0000A921160106810601068106010681060FA
:10420000106840F008001060106840F00400106072
:10421000106840F020001060062025220423FCF0E6
:10422000BFFC0A99086840F0010008600EB080BD2C
:1042300082B00190ADF80210019808B9FFE730E0B4
:104240000020ADF80000FFE7BDF80000BDF8021047
:1042500088421BDAFFE7FFE741F21C00C4F20100CD
:1042600000680006002801D4FFE7F5E70198BDF8D3
:104270000010405C41F22801C4F201010860FFE730
:10428000BDF800000130ADF80000DDE7FFE741F2C6
:104290001C00C4F2010000684006002801D4FFE7BA
:1042A000F5E702B07047000080B545F67071C0F6C2
:1042B00001010320EFF00CFE80BD000000000000B3
:1042C00080B582B00190009100990220EFF000FECD
:1042D00002B080BD00000000DFF80C00016841F46E
:1042E000700101607047000088ED00E000000000F0
:1042F00080B582B04FF0500072B680F31188BFF3E2
:104300006F8FBFF34F8F62B6019040F27800C2F218
:1043100000400168013101600068012815D1FFE704
:10432000FFE74EF60450CEF200000068000650B1E0
:10433000FFE746F65670C0F6010040F2DB11EFF0E1
:104340001BFDFFE7FEE7FFE7FFE702B080BD0000CF
:1043500080B582B0FFE740F27800C2F2004000680A
:1043600050B9FFE746F65670C0F601004FF4F17100
:10437000EFF002FDFFE7FEE7FFE740F27800C2F250
:104380000040016801390160006830B9FFE7002092
:104390000190019880F31188FFE702B080BD000012
:1043A0004EF21001CEF20001002008604EF2180219
:1043B000CEF2000210604EF21402CEF2000241F67C
:1043C0007F20C0F2060010600720086070470000E0
:1043D00081B000904AF2FC30C2F2054000680099BA
:1043E00008604AF2B440C2F2054000680099486093
:1043F00001B07047000000004AF2C041C2F205411E
:10440000012008607047000080B582B001900091E3
:10441000FFE7019850B9FFE746F68050C0F611005B
:1044200041F21F51EFF0A8FCFFE7FEE7FFE701981C
:104430004AF2C421C2F2034109681831FDF0C4F9FF
:1044400000980121FBF0F4F802B080BD00000000EC
:1044500080B582B0FEF774FB00900098012804D16B
:10446000FFE7FEF0CDFA009000E0FFE7009801289A
:1044700021D1FFE74FF0500072B680F31188BFF3EF
:104480006F8FBFF34F8F62B601904AF2F831C2F2DC
:1044900005414FF0FF3008604AF28041C2F2054109
:1044A000012008604AF2B441C2F2054100200860D0
:1044B000FDF05AFC10E0FFE70098013050B9FFE72B
:1044C00046F68050C0F6110040F6F861EFF054FC5B
:1044D000FFE7FEE7FFE7FFE746F6F050C0F6110002
:1044E000006802B080BD000080B584B003900291E6
:1044F00009208DF807000398E8B1FFE703980068EA
:10450000C8B1FFE7039800680078A0B1FFE70399FE
:1045100088880968C98888420DD1FFE70398006838
:104520004078F9F711FAC00720B9FFE700208DF8AD
:104530000700FFE7FFE79DF8070020B9FFE70398B2
:104540000068009002E000200090FFE700980299C8
:1045500008609DF8070004B080BD00000000000066
:104560004AF2EC30C2F205400068704700000000DB
:1045700080B584B0039002910120019003980090CF
:10458000FFE7009850B9FFE746F63D50C0F611002E
:1045900040F23711EFF0F0FBFFE7FEE7FFE700988E
:1045A000002856D0FFE70098C06B002851D0FFE7E5
:1045B0000098C26B016C4FF0FF30B0FBF2F0884204
:1045C00047D3FFE7FFF794FE00990B68C86B0A6CAE
:1045D00000FB023088600099002088630099086819
:1045E000486000990B68C86B0A6C013800FB023008
:1045F000C8600099FF2081F84400009981F84500C7
:104600000298D0B9FFE700980069A0B1FFE70098D1
:104610001030FEF021F960B1FFE74EF60451CEF202
:1046200000014FF080500860BFF34F8FBFF36F8FD2
:1046300000E0FFE700E0FFE708E000981030FDF041
:10464000A3F800982430FDF09FF8FFE7FFF780FE05
:1046500002E000200190FFE7FFE7019850B9FFE773
:1046600046F63D50C0F611004FF4B671EFF084FBF2
:10467000FFE7FEE7FFE7019804B080BD00000000FF
:1046800080B58EB00C900B910A92002009900C9886
:104690000590FFE705990020039089B1FFE70B998A
:1046A0000020029039B9FFE70598006C002818BF78
:1046B00001200290FFE7029880F001000390FFE7DD
:1046C0000398C00750B9FFE746F63D50C0F6110009
:1046D00040F26971EFF050FBFFE7FEE7FFE7FFE70D
:1046E00000F01EFB01460020019031B9FFE70A9857
:1046F000002818BF01200190FFE70198C00750B1C2
:10470000FFE746F63D50C0F6110040F26E71EFF043
:1047100033FBFFE7FEE7FFE7FFE7FFF7E9FD05985B
:10472000806B0490049840B3FFE70598C06806903A
:1047300005980B99FBF0F0F806980599C860059864
:10474000406AA0B1FFE705982430FEF085F860B11B
:10475000FFE74EF60451CEF200014FF080500860A2
:10476000BFF34F8FBFF36F8F00E0FFE700E0FFE77D
:10477000FFF7EEFD01200D906DE00A9828B9FFE7E4
:10478000FFF7E6FD00200D9065E0099830B9FFE7DE
:1047900007A8FFF71DFE0120099000E0FFE7FFE7F3
:1047A000FFE7FFF7D5FDFDF02FFAFFF7A1FD059814
:1047B00090F94400013028B9FFE70599002081F8FD
:1047C0004400FFE7059890F94500013028B9FFE75C
:1047D0000599002081F84500FFE7FFF7B9FD07A81C
:1047E0000AA9FDF029FD30BBFFE70598FBF000FBAF
:1047F000D0B1FFE7059824300A99FFF705FE059828
:10480000FEF746FB00F058FB60B9FFE74EF6045197
:10481000CEF200014FF080500860BFF34F8FBFF31E
:104820006F8F00E0FFE705E00598FEF731FB00F031
:1048300043FBFFE70EE00598FEF72AFB00F03CFB88
:104840000598FBF0D5FA18B1FFE700200D9002E0C3
:10485000FFE7FFE761E70D980EB080BD00000000A4
:1048600080B58CB00A9009910892002007900A98B0
:104870000490FFE7049850B9FFE746F63D50C0F6B4
:1048800011004FF4BE61EFF077FAFFE7FEE7FFE7B4
:10489000FFE709990020029039B9FFE70498006CFE
:1048A000002818BF01200290FFE70298C00750B10E
:1048B000FFE746F63D50C0F6110040F2F451EFF02C
:1048C0005BFAFFE7FEE7FFE7FFE700F029FA0146A2
:1048D0000020019031B9FFE70898002818BF012097
:1048E0000190FFE70198C00750B1FFE746F63D5041
:1048F000C0F6110040F2F951EFF03EFAFFE7FEE793
:10490000FFE7FFE7FFF7F4FC0498806B0390039840
:1049100030B3FFE704980999FAF0FEFF03980138D5
:104920000499886304980069A0B1FFE704981030E7
:10493000FDF092FF60B1FFE74EF60451CEF20001A8
:104940004FF080500860BFF34F8FBFF36F8F00E0D0
:10495000FFE700E0FFE7FFF7FBFC01200B906DE0B5
:10496000089828B9FFE7FFF7F3FC00200B9065E0FB
:10497000079830B9FFE705A8FFF72AFD0120079047
:1049800000E0FFE7FFE7FFE7FFF7E2FCFDF03CF99F
:10499000FFF7AEFC049890F94400013028B9FFE716
:1049A0000499002081F84400FFE7049890F945003D
:1049B000013028B9FFE70499002081F84500FFE79E
:1049C000FFF7C6FC05A808A9FDF036FC30BBFFE7E1
:1049D0000498FBF00DFAD0B1FFE704982430089951
:1049E000FFF712FD0498FEF753FA00F065FA60B97C
:1049F000FFE74EF60451CEF200014FF08050086000
:104A0000BFF34F8FBFF36F8F00E0FFE705E004981F
:104A1000FEF73EFA00F050FAFFE70EE00498FEF7CA
:104A200037FA00F049FA0498FBF0E2F918B1FFE711
:104A300000200B9002E0FFE7FFE763E70B980CB064
:104A400080BD00000000000010B588B0DDF82CC06B
:104A5000DDF828C0079006910592049307980699FF
:104A6000059A049BDDF828C00B9CEE46CEF8044066
:104A7000CEF800C0FAF0DCFF0390039830B1FFE7F6
:104A80000398FAF069FE0120029003E04FF0FF3036
:104A90000290FFE7029808B010BD0000000000007F
:104AA00080B586B00590049100200190FFE705983D
:104AB00050B9FFE746F68050C0F6110040F6761177
:104AC000EFF05AF9FFE7FEE7FFE7FFE7049850B978
:104AD000FFE746F68050C0F6110040F67711EFF080
:104AE0004BF9FFE7FEE7FFE7FDF08EF84AF2B4402E
:104AF000C2F2054000680090FFE74AF29030C2F22F
:104B00000540006801280AD0FFE746F68050C0F64D
:104B1000110040F67F11EFF02FF9FFE7FEE7FFE706
:104B2000059800680499084403900098059909685D
:104B3000884210D2FFE7039805990968884208D295
:104B4000FFE703980099884203D9FFE7012001900D
:104B500000E0FFE70FE0039805990968884205D354
:104B6000FFE703980099884203D9FFE701200190ED
:104B700000E0FFE7FFE7039805990860019838B166
:104B8000FFE703980099401A0021FAF051FD00E078
:104B9000FFE700F091F90290029860B9FFE74EF646
:104BA0000451CEF200014FF080500860BFF34F8FE8
:104BB000BFF36F8F00E0FFE7019806B080BD0000F3
:104BC00080B588B0DDF828C007900691059204935F
:104BD00000200190FFE7079850B1FFE746F68050AC
:104BE000C0F6110041F6E561EFF0C6F8FFE7FEE719
:104BF000FFE74AF2C420C2F2034000680799084464
:104C000090F8580002284DD0FFE70A98002849D0B4
:104C1000FFE7FCF0F9FFFFF76BFB4AF2C420C2F29A
:104C2000034000680799084490F85800022814D0FF
:104C3000FFE7069B4AF2C420C2F203400168079ACC
:104C400001EB8202516D9943516500680799014457
:104C5000012081F85800019000E0FFE7FFF778FBA2
:104C60000198012805D1FFE70A980121FAF0E0FC3C
:104C700000E0FFE700F020F90290019801280FD131
:104C8000FFE7029860B9FFE74EF60451CEF200014B
:104C90004FF080500860BFF34F8FBFF36F8F00E07D
:104CA000FFE7FFE7FFF724FB049860B1FFE74AF254
:104CB000C420C2F203400068079900EB8100406DF8
:104CC00004990860FFE74AF2C420C2F2034000687A
:104CD0000799084490F85800022803D0FFE7002005
:104CE00003900EE0059A4AF2C420C2F20340006825
:104CF000079900EB8101486D9043486501200390BE
:104D0000FFE74AF2C420C2F2034000680799014459
:104D1000002081F85800FFF71BFB039808B080BD06
:104D200081B04AF28040C2F20540006818B9FFE73E
:104D3000012000900DE04AF29030C2F20540006878
:104D400018B9FFE70220009002E000200090FFE782
:104D5000FFE7009801B0704781B04AF2B440C2F258
:104D6000054000680090009801B070470000000006
:104D700080B584B0039003980290002001900398BE
:104D8000002800F09480FFE7FFE702984AF2C42170
:104D9000C2F20341096888420AD0FFE746F6805014
:104DA000C0F6110041F6CD21EEF0E6FFFFE7FEE789
:104DB000FFE7FFE70298006D50B9FFE746F6805025
:104DC000C0F6110041F6CE21EEF0D6FFFFE7FEE778
:104DD000FFE70299086D013808650299C86AC96C35
:104DE000884262D0FFE70298006D00285BD1FFE7A0
:104DF00002980430FCF054FC68B9FFE70298C16ADD
:104E0000012000FA01F24AF29831C2F20541086825
:104E10009043086000E0FFE70299C86CC8620299FD
:104E2000C86AC0F108008861FFE70298C16A0120E2
:104E300000FA01F24AF29831C2F2054108681043C3
:104E40000860FFE70298C06A00EB80004AF2DC21AC
:104E5000C2F2034101EB8000406800900098029A82
:104E6000906000988068029AD06002980430009A9E
:104E70009268506002980430009A9060029AD06A5A
:104E800000EB800001EB800050610298C06A00EBEB
:104E9000800251F82200013041F82200FFE7FFE7CD
:104EA0000120019000E0FFE700E0FFE700E0FFE7FE
:104EB000019804B080BD000080B588B0002000904B
:104EC00007900690FFF714FA00980590FFE74AF262
:104ED0009030C2F20540006850B9FFE746F68050B6
:104EE000C0F6110040F6F671EEF046FFFFE7FEE770
:104EF000FFE74AF29030C2F20540016801390160D3
:104F00000068002840F0F680FFE74AF28830C2F2DD
:104F100005400068002800F0EC80FFE7FFE74AF258
:104F20000C40C2F205400068002800F09880FFE7BE
:104F30004AF20C40C2F20540C068C0680790FFE723
:104F40000798806A04900798C169006A8860079989
:104F5000C869096A4860049840680799183188420E
:104F600005D1FFE70798006A04994860FFE70799B1
:104F7000002088620499086801380860FFE7FFE7AD
:104F800007984069039007988168C068886007990E
:104F90008868C96848600398406807990431884266
:104FA00005D1FFE70798C06803994860FFE70799B4
:104FB000002048610399086801380860FFE7FFE7AF
:104FC0000798C16A012000FA01F24AF29831C2F250
:104FD0000541086810430860FFE70798C06A00EBC6
:104FE00080004AF2DC21C2F2034101EB80004068FC
:104FF00002900298079A906002988068079AD060A1
:1050000007980430029A9268506007980430029A18
:105010009060079AD06A00EB800001EB800050613D
:105020000798C06A00EB800251F82200013041F875
:105030002200FFE7FFE70798C06A4AF2C421C2F2E4
:1050400003410968C96A884207D9FFE74AF2C041AB
:10505000C2F205410120086000E0FFE75FE7079822
:1050600018B1FFE7FBF09CF8FFE74AF20840C2F2F4
:105070000540006801900198E0B1FFE7FFE7FDF00F
:10508000AFFA38B1FFE74AF2C041C2F20541012050
:10509000086000E0FFE7019801380190FFE7019800
:1050A0000028ECD1FFE74AF20841C2F20541002096
:1050B000086000E0FFE74AF2C040C2F20540006825
:1050C000A8B1FFE701200690FFE74AF2C420C2F230
:1050D000034000684EF60451CEF200014FF08050BC
:1050E0000860BFF34F8FBFF36F8FFFE700E0FFE76C
:1050F000FFE700E0FFE7FFF72BF9069808B080BD57
:1051000080B5FFE74AF2BC40C2F20540006850B9E2
:10511000FFE746F61E70C0F6010040F22121EEF0D6
:105120002BFEFFE7FEE7FFE74AF2BC40C2F2054074
:10513000006880BD130C06BF12044FF0100C4FF036
:10514000000C130E04BF12020CF1080C130F04BF65
:1051500012010CF1040C930F04BF92000CF1020C2D
:10516000D30F04BF52000CF1010C11464FF00002A6
:10517000A0F11F00A0EB0C007047000023F07F4758
:1051800020F07F4C80EA030000F00040ACEB070306
:1051900003F57C5303F1FF032DE9804909B44FEA7D
:1051A000144324EA03484FEA154B25EA0B4E0FF24D
:1051B000042606EB13273E7803FB0667C7F50007B6
:1051C00007FB06F64FEAD64606F102064FEA5437C9
:1051D00007FB066CCCF1005C4FEA1C472CEA074C3D
:1051E0000CFB06F507FB06F404EB15464FEA961692
:1051F00049085FEA320234BF00204FF000404FEA16
:10520000D13706FB07FC4FEA1C4C0CFB0BF7D21BFB
:1052100003FB0CF761EB07010CFB0EF7B0EB07404B
:1052200072EB17420CFB08F734BFA2EB0742B2EB5C
:10523000074261EB17414FEA0C444FEA910706FB26
:1052400007FC4FEA1C4C0CFB0BF7B0EBC74072EBB2
:10525000573203FB0CF734BFA2EBC742B2EBC74295
:1052600061EB57310CFB0EF7B0EBC70072EB5772D6
:105270000CFB08F734BFA2EBC702B2EBC70261EB2D
:1052800057714FEA816141EA92114FEA826242EA24
:1052900090124FEA806004EBCC04039F4FEAD137B1
:1052A00006FB07FC4FEA1C4C0CFB0BF7D21B03FB65
:1052B0000CF761EB07010CFB0EF7B0EB074072EB4C
:1052C00017420CFB08F734BFA2EB0742B2EB0742D0
:1052D00061EB17414FEA8C5504EB9C244FEA910790
:1052E00006FB07FC4FEA1C4C0CFB0BF7B0EBC7406E
:1052F00072EB573203FB0CF734BFA2EBC742B2EBA1
:10530000C74261EB57310CFB0EF7B0EBC70072EBF5
:1053100057720CFB08F734BFA2EBC702B2EBC7020F
:1053200061EB57714FEA816141EA92114FEA826263
:1053300042EA90124FEA806015EB4C2544F10004DC
:105340004FEAD13706FB07FC4FEA1C4C0CFB0BF76E
:10535000D21B03FB0CF761EB07010CFB0EF7B0EB64
:10536000074072EB17420CFB08F734BFA2EB074271
:10537000B2EB074261EB17414FEA813141EA9241BA
:105380004FEA823242EA90424FEA80304FEA0C768E
:1053900015EB1C1544F1000448EA03434EEA0B48A0
:1053A0004FF0000EB2EB080C71EB030724BF62460E
:1053B00039464EEB0E0E4FF0000B0018524149419A
:1053C0004BEB0B0BB2EB080C71EB03077BF1000B03
:1053D00024BF624639464EEB0E0E4FF0000B00180C
:1053E000524149414BEB0B0BB2EB080C71EB03073D
:1053F0007BF1000B24BF624639464EEB0E0E51EA9C
:10540000020718BF46F0010616EB0E7655F10002B2
:1054100054F1000103D5BDE88901BDE80088BDE86D
:105420008901BDE80048B619524141EB0101A3F1E1
:105430000103704780807F7E7D7C7B7A79787776E8
:1054400076757473727171706F6E6E6D6C6C6B6A61
:105450006A696868676666656464636362616160FF
:10546000605F5F5E5E5D5D5C5C5B5B5A5A5959587C
:1054700058575756565555555454535352525251E6
:10548000515050504F4F4F4E4E4D4D4D4C4C4C4B3C
:105490004B4B4A4A4A494949484848474747474683
:1054A00046464545454444444443434343424242BF
:1054B000424141419C46002B30D477002BD04FEA2B
:1054C00037071CB503B44FF010004FF01001BAF1CC
:1054D000000F06D0BCF1000FDCBF40F0080040F028
:1054E00008014FF000000FBCBDE810400BF1010BAC
:1054F000BBF1010F08BF5FEA170722BF12F10102DB
:1055000011F101014FF0004143F1000300F00040B0
:1055100043EA00007047F9D35708D0E746EA064649
:105520004FEA164613F1400F1FDD13F1200FDFBFC6
:1055300016430A46002120335B42BED0C3F1200748
:1055400046EA06464FEA164602FA07F746EA070613
:1055500022FA03F2C3F1200701FA07F742EA070231
:1055600021FA03F14FF00003A7E746EA020646EAF4
:1055700006464FEA164646EA0106BCBF46EA06461C
:10558000360C4FF000034FF000024FF0000194E79B
:105590002DE9804C70B49A46934691E8380007C8CC
:1055A00010F0804F08BF13F0804F03D100F005F8D2
:1055B000FFF780FFF0BCBDE8008C20F07F4723F0B0
:1055C0007F4C80EA030000F0004007EB0C03A3F5DA
:1055D0007C53A3F1FE0392F0000F00F0B38095F02E
:1055E000000F00F077802DE901494FEA114021EAD0
:1055F00000484FEA144624EA064700FB06FC08FB75
:1056000006F607FB08F818EB06484CEB164C00FBB7
:1056100007F718EB07484CEB17404FEA124B22EA0A
:105620000B4E4FEA154625EA06470BFB06FC0EFB20
:1056300006F607FB0EFE1EEB064E4CEB164C0BFB64
:1056400007F71EEB074E4CEB174B18EB0B0840F11E
:10565000000018EB0E0B58EB000840F100008F1A09
:105660004FF000014FF000063CBFC943661B14BF5A
:10567000B5EB040C00213CBFC943F61B4FEA1744AD
:1056800027EA04454FEA1C472CEA074C04FB076253
:1056900005FB07F70CFB05F616EB074642EB174236
:1056A00004FB0CFC16EB0C4642EB1C421BEB060603
:1056B00058EB020241414EEA8E0E46EA9E0601D5A3
:1056C000BDE80189B619524141EB0101A3F1010383
:1056D000BDE801894FEA144524EA05464FEA11471F
:1056E00021EA074C05FB07F406FB07F70CFB06F164
:1056F00011EB074144EB174405FB0CFC11EB0C418B
:1057000044EB1C444FEA124722EA074C05FB07F220
:1057100006FB07F70CFB06F616EB074642EB1742B3
:1057200005FB0CFC16EB0C4642EB1C456A1854F1C9
:10573000000148BF7047B619524141EB0101A3F186
:105740000103704795F0000F37D04FEA114221EA6C
:1057500002464FEA144724EA074C02FB07F106FB16
:1057600007F70CFB06F414EB074441EB174102FB6F
:105770000CFC14EB0C4441EB1C414FEA154725EAA5
:10578000074C02FB07F506FB07F70CFB06F616EBCA
:10579000074645EB174502FB0CFC16EB0C4645EBA8
:1057A0001C42121951F1000148BF7047B61952410D
:1057B00041EB0101A3F1010370474FEA144524EACC
:1057C00005464FEA114721EA074C05FB07F106FBA6
:1057D00007F70CFB06F212EB074241EB174105FB02
:1057E0000CFC12EB0C4251EB1C414FF0000648BF81
:1057F0007047921841EB0101A3F1010370470000CB
:10580000EAF0F2BDEAF005BFFDF0C3B9FDF0C3B99F
:10581000EAF0AEBDEAF0E9BEEAF07EBEEAF0F3BE21
:10582000EBF0ECB9EBF0F2B9EAF0CABCEAF0FCBC80
:1058300003B401984100009850EAC12018BF042029
:105840004A0D18BF40F0010040F2FF72B2EB515F09
:1058500008BF40F00200012808BF052002B07047D1
:1058600010B500290AD00878002807D005487844E8
:10587000EAF002FD002801D0002010BD0248784463
:1058800010BD0000861510007E1510003031323337
:105890003435363738394142434445464030580064
:1058A0003031323334353637383961626364656696
:1058B00040307800040000080000000000000002F2
:1058C000000100001000000002400000000000A0E5
:1058D0000000000005400000000000C800000000BB
:1058E0000C4000000000409C000000001940000037
:1058F0000020BCBE0000000034400000BFC91B8E69
:1059000000000004B5400000504BCFD06607E2CF46
:10591000010000006C4100003E8251AADFEEA73476
:1059200001000000D9420000DCB5A0E23A301F9728
:10593000FFFFFFFFB4450000FD25A0C8E9A3C14F4C
:10594000FFFFFFFFFF3F000000000080000000009D
:10595000FF3F00000000008000000000809A4541E9
:105960008E418F804545454949498E8F9092924F8F
:10597000994F555559999A9B9C9D9E9F41494F55CA
:10598000A5A5A6A7A8A9AAABACADAEAFB0B1B2B35E
:10599000B4B5B6B7B8B9BABBBCBDBEBFC0C1C2C34F
:1059A000C4C5C6C7C8C9CACBCCCDCECFD0D1D2D33F
:1059B000D4D5D6D7D8D9DADBDCDDDEDFE0E1E2E32F
:1059C000E4E5E6E7E8E9EAEBECEDEEEFF0F1F2F31F
:1059D000F4F5F6F7F8F9FAFBFCFDFEFF0300090009
:1059E0000F0015001B001F1C1F1E1F1E1F1F1E1F48
:1059F0001E1F1F1C1F1E1F1E1F1F1E1F1E1F0000FD
:105A000000000000000000000000000000003F4017
:105A100000000000000000003000400030004000A6
:105A2000000009000BC03D000BC03D00090018C07C
:105A300024407FE0224031800000180024C01B0079
:105A40000D803240018003801C4027401C800740AD
:105A50000040100060000000000000000000000096
:105A6000000000001F802040402000004020204017
:105A70001F8000000000090006001F8006000900CA
:105A80000000040004003F80040004000000001037
:105A9000006000000000000000000400040004009A
:105AA00004000400000000000040000000000000AE
:105AB0000000002001C006003800400000001F80E8
:105AC0002040204020401F800000000010403FC0C8
:105AD00000400000000018C021402240244018402F
:105AE000000010802040244024401B800000020061
:105AF0000D0011003FC0014000003C8024402440C4
:105B00002440238000001F80244024403440038030
:105B100000003000200027C03800200000001B805B
:105B20002440244024401B8000001C0022C022404E
:105B300022401F800000000000000840000000001C
:105B400000000000000004600000000000000000F1
:105B500004000A00110020804040090009000900EB
:105B600009000900000000004040208011000A00E8
:105B700004001800200023402400180000001F80AB
:105B80002040274029401F400000004007C0390046
:105B90000F0001C0004020403FC0244024401B8033
:105BA00000001F8020402040204030800000204026
:105BB0003FC0204020401F80000020403FC02440C4
:105BC0002E4030C0000020403FC024402E00300056
:105BD00000000F001080204022403380020020404F
:105BE0003FC0040004003FC02040204020403FC090
:105BF0002040204000000060202020203FC02000E6
:105C0000200020403FC024400B0030C020402040F6
:105C10003FC020400040004000C03FC03C0003C0E7
:105C20003C003FC0000020403FC00C4023003FC06C
:105C300020001F802040204020401F800000204086
:105C40003FC024402400180000001F802140214054
:105C500020E01FA0000020403FC02440260019C0C3
:105C6000004018C024402440224031800000300011
:105C700020403FC020403000000020003F80004016
:105C800000403F80200020003E0001C00700380097
:105C90002000380007C03C0007C03800000020404A
:105CA00039C0060039C0204000002000384007C03D
:105CB000384020000000304021C02640384020C03D
:105CC0000000000000007FE04020402000000000B5
:105CD00070000C00038000400000000040204020C5
:105CE0007FE00000000000002000400020000000D5
:105CF0000000001000100010001000100010000044
:105D0000000040000000000000000000028005408C
:105D1000054003C0004020003FC004400440038011
:105D20000000000003800440044006400000000022
:105D30000380044024403FC0004000000380054031
:105D4000054003400000000004401FC024402440E0
:105D50002000000002E005500550065004202040BD
:105D60003FC00440040003C000400000044027C0BE
:105D700000400000000000100010041027E00000A8
:105D8000000020403FC00140070004C00440204004
:105D900020403FC000400040000007C0040007C092
:105DA000040003C00000044007C00440040003C016
:105DB0000040000003800440044003800000041001
:105DC00007F00450044003800000000003800440FA
:105DD000045007F00010044007C002400400040013
:105DE0000000000006400540054004C0000000001F
:105DF00004001F80044000400000040007800040B1
:105E0000044007C000400400070004C001800600F1
:105E10000400060001C0070001C0060000000440A5
:105E200006C0010006C0044000000410071004E092
:105E30000180060004000000044005C00640044044
:105E400000000000000004007BE040200000000093
:105E500000000000FFF000000000000040207BE098
:105E600004000000000040008000400020002000EE
:105E7000400071776572747975696F700061736441
:105E80006667686A6B6C3B007A786376626E6D2C2D
:105E90002E2F0031323334353637383930002D5F0C
:105EA0003D2B40232425262A002E2C3A3B213F2837
:105EB000295B5D0053544D3332483734332043520D
:105EC000415348205245434F52440D0A5345513DDA
:105ED000256C7520545950453D256C75205441530F
:105EE0004B3D2573205449434B3D256C752052454D
:105EF0005345543D30782530386C580D0A4346538D
:105F0000523D30782530386C5820484653523D3049
:105F1000782530386C5820444653523D307825302F
:105F2000386C5820414653523D30782530386C58F3
:105F30000D0A424641523D30782530386C58204D8C
:105F40004D4641523D30782530386C582050433D05
:105F500030782530386C58204C523D307825303818
:105F60006C582053503D30782530386C580D0A005D
:105F70004D414C4C4F430043524153482E4C4F47E8
:105F80002053415645204641494C45440043524127
:105F900053482E4C4F4720534156454420544F20E0
:105FA000534420434152440043524153482E4C4FE6
:105FB0004700455843455054494F4E004641554CC3
:105FC0005400415353455254003130302500353090
:105FD0002500323525003735250048454150204EF3
:105FE0004F57202F204D494E2028425954455329C0
:105FF000004C4154454E435920415647202F204DD7
:10600000415820284D532900564F4C202B00564F05
:106010004C202D00382E33204E414D453A20424130
:10602000534520312D382C20455854454E53494F67
:106030004E20302D33003132330053544D3332482B
:106040003734330034003500415050533A20360085
:1060500037005245534552564544203800390053C5
:10606000454C45435445443A0046494C45204E4131
:106070004D453A004E4557204E414D453A00534953
:106080005A453A004641494C3A004354524C3A0072
:10609000434F4E54454E543A004142430044524F00
:1060A0005020544F54414C202F205345430031324F
:1060B00030205345430033302053454300363020D1
:1060C000534543002B3520534543002D3520534580
:1060D00043004D5553494300432F4400524157203C
:1060E0002F2053454E54202F204D45524745440004
:1060F0004D4F444946494544004C4F47494E204C7A
:106100004F434B4544004E4F54204F50454E45445D
:106110000053544F50504544005448524F54544C2F
:106120004544202F2045585049524544004E4F20A9
:106130005741562053454C454354454400554E5312
:1061400041564544005345434F4E44004449534350
:106150004152440052455343414E20534400535052
:10616000414345004D4553534147450053454C4538
:10617000435420412053414D504C45004D4F445510
:106180004C4500544F5543482053414D504C453ADF
:1061900020534156452F4F50454E20202052454E0A
:1061A000414D453A2053454C454354205448454EB3
:1061B0002052454E414D45004441544520414E44F6
:1061C0002054494D45004D4943524F204445534BBF
:1061D000544F502052554E54494D45005550544946
:1061E0004D450053595354454D20564F4C554D4540
:1061F00000524553554D4500445333323331204FFF
:1062000046464C494E4500544F55434820494E5050
:1062100055543A204F46464C494E45004D4F555334
:1062200045204F46464C494E4500544F5543482063
:106230004F46464C494E4500494E505554204F4616
:10624000464C494E4500544F55434820494E505501
:10625000543A204F4E4C494E45004D4F5553452022
:106260004F4E4C494E4500544F554348204F4E4CDD
:10627000494E4500494E505554204F4E4C494E45CD
:106280000054595045005052455353555245005003
:1062900041555345004D4F555345005354415445C6
:1062A0000044454C455445004D494E555445004326
:1062B0005552534F523A2041435449564500435595
:1062C00052534F522053495A45004F4646005744B7
:1062D00047005343414E4E494E4700464C4F4F44B2
:1062E0002052554E4E494E47004341505455524559
:1062F0002052554E4E494E47004D4F55534520575D
:10630000414954494E4700504C4159494E47004875
:106310004947480052454652455348004845414C7C
:106320005448004D4F4E544800494E50555420514A
:1063300055455545204E4F57202F205045414B0085
:1063400043555252454E5420545241434B005459E8
:106350005045204E414D45205448454E204F4B005E
:106360004E4F524D414C005343484544554C4552C5
:10637000204D4F4445202F20494E54455256414C04
:106380000043414E43454C004C4556454C00534D4F
:10639000414C4C005146554C4C0053595354454DBB
:1063A000004D454449554D004C4F47494E00454E20
:1063B0005445522050494E00342D64696769742059
:1063C00050494E00555345522041555448454E546E
:1063D00049434154494F4E004C4F434154494F4E5D
:1063E000005741524E0053544552454F00494E46C6
:1063F0004F004D4F4E4F00534420512F5000534CEF
:10640000454550004D4943524F204445534B544F4E
:10641000500053544F5000424B535000434C4541A1
:106420005200594541520046494C45204D414E418C
:1064300047455200494E5055542053434845445512
:106440004C455200454E5445520046494C45205655
:106450004945574552004D5553494320504C4159E9
:10646000455200434C5200425255534820434F4C32
:106470004F520046494C4520454449544F52005321
:10648000595354454D204D4F4E49544F520052459B
:10649000535045525200465345525200484F5552B0
:1064A00000464C4F4F442031305300434150545527
:1064B00052452036305300554E53415645442043F3
:1064C00048414E47455300554E534156454420469A
:1064D000494C45204348414E474553004259544595
:1064E000530053595354454D2053455454494E4736
:1064F000530053595354454D204C4F4753004E4F72
:1065000020545241434B5300414354494F4E530092
:1065100053435245454E204252494748544E4553F5
:10652000530050524F475245535300524553455420
:106530002053544154530044454641554C54530054
:10654000494E505554204556454E545300544F4FD4
:10655000204D414E59204641494C45442041545418
:10656000454D5054530050524556494F55530053D2
:10657000455249414C2052544F5320535441545595
:1065800053005445535420535441545553005354CD
:1065900041434B20574F52445320492F472F532FED
:1065A000412F4D202B20482F540050434D20464F63
:1065B000524D41540050524F5445435400534849A2
:1065C000465400504C4541534520574149540042E0
:1065D0004954004544495400435249540053454EE0
:1065E0005400434F554E54005245504F52540045AD
:1065F00058504F5254004E45585400455252204670
:106600002F532F5500505245560044524157004CCD
:106610004F570044415900504C41590044533332C4
:106620003331205245414459004150504C49434177
:1066300054494F4E205348454C4C205245414459F3
:106640000053595354454D20524541445900544537
:106650005354205245414459004255535900534325
:106660005245454E204F464620414654455220490A
:106670004E414354495649545900435552534F5281
:106680002053454E53495449564954590054455393
:106690005420343430485A005741563A2050434D24
:1066A0002031362D4249542C2031362F33322F34AD
:1066B000342E312F3438204B485A00456E746572A1
:1066C00020746865004672656552544F5320737993
:1066D0007374656D206973207374617274696E6779
:1066E0000053656C65637420616E206170706C6925
:1066F000636174696F6E2069636F6E004241434B42
:106700002072657475726E7320746F2074686520D2
:106710006465736B746F700054686973206665619B
:10672000747572652077696C6C20626520696D7084
:106730006C656D656E746564206C61746572006C67
:106740006F776572006D7300534420544553542E87
:1067500054585420636F6E74656E743A20464149F4
:106760004C20282575290D0A0053442F4661744694
:1067700073206D6F756E743A204641494C20282570
:1067800075290D0A0053442077726974652F72656C
:106790006164207665726966793A204641494C20E9
:1067A000282575290D0A00534420544553542E546E
:1067B00058543A204F50454E204641494C202825F8
:1067C00075290D0A00534420544553542E545854EF
:1067D00020636F6E74656E743A20504153530D0AF6
:1067E00000534420636172643A20256C75204D4249
:1067F0002C204641543332206D6F756E743A205010
:106800004153530D0A0053442077726974652F7207
:10681000656164207665726966793A205041535308
:106820000D0A0053442073746F72616765207365AD
:1068300072766963653A207374617274696E670D6C
:106840000A00666D742000303A2F00303A0044414F
:106850005441005344204D4F554E54204641494C1D
:106860004544005344204641543332204D4F554E49
:106870005445440053544F524147450057415645F3
:10688000005249464600303A2F7E4346472E424149
:106890004B00303A2F7E4C4F472E42414B00303A4E
:1068A0002F7E464C542E42414B00303A2F7E545896
:1068B000542E42414B00303A2F7E445241572E42D3
:1068C000414B00303A2F7E5458542E4A524E0041CC
:1068D0005544494F00303A2F7E4346472E544D5081
:1068E00000303A2F7E4C4F472E544D5000303A2FF7
:1068F0007E464C542E544D5000303A2F7E545854FE
:106900002E544D5000303A2F7E445241572E544D54
:1069100050005445585400303A2F53544D33325F91
:106920004F4B2E54585400303A2F544553542E5444
:106930005854002E57415600646174610053746FBF
:1069400072616765526573706F6E7365730053741F
:106950006F726167654C6F67526573706F6E7365B8
:10696000730053746F72616765417564696F526536
:1069700073706F6E7365730053746F7261676553E4
:10698000657474696E6773526573706F6E73657347
:106990000053746F726167654661756C74526573FC
:1069A000706F6E7365730053746F726167654269CF
:1069B0006E617279526573706F6E73657300537494
:1069C0006F726167655265717565737473002E74BB
:1069D0007874002E7761760053442052454144205C
:1069E0004641494C454400574156205345454B20AC
:1069F0004641494C454400534420434152442053AE
:106A000043414E204641494C45440057415620538E
:106A100043414E204641494C454400574156204F82
:106A200050454E204641494C45440049325320547C
:106A300045535420544F4E4520434F4E46494755E9
:106A4000524154494F4E204641494C454400493239
:106A5000532053414D504C45205241544520434F03
:106A60004E46494755524154494F4E204641494CA4
:106A70004544005445535420544F4E4520524553ED
:106A8000554D454400504C41594241434B205245DD
:106A900053554D4544004D4F56454420464F52579F
:106AA0004152442035205345434F4E4453202D201E
:106AB000504155534544004D4F56454420424143B3
:106AC0004B2035205345434F4E4453202D205041F9
:106AD00055534544004E4F20574156205452414390
:106AE0004B2053454C454354454400544553542092
:106AF000544F4E452053544152544544005741563B
:106B000020504C41594241434B205354415254452B
:106B10004400415544494F205441534B2053544164
:106B20005254454400504C4159494E472057415614
:106B30002046524F4D205344204341524400554E6D
:106B4000535550504F52544544204F5220554E52A9
:106B500045414441424C45205741562046494C4509
:106B600000504C4159494E472034343020485A2077
:106B70004841524457415245205445535420544FA4
:106B80004E45005245414459202D20544F5543480D
:106B900020504C4159204F52205445535420544FBB
:106BA0004E4500504C41594241434B20434F4D50BC
:106BB0004C45544500415544494F205441534B20C6
:106BC0005354415254494E47005344205245414486
:106BD000204641494C454420445552494E47205097
:106BE0004C41594241434B00454E44204F462054AE
:106BF0005241434B005344205245414420464149B1
:106C00004C4544204146544552205345454B00498C
:106C1000325320444D41204552524F52004D4F5661
:106C2000454420464F525741524420352053454356
:106C30004F4E4453004D4F564544204241434B2054
:106C400035205345434F4E4453005343414E4E4924
:106C50004E4720534420524F4F5420464F52205706
:106C600041562046494C4553004E4F20574156202F
:106C7000545241434B5320544F2053454C454354A9
:106C8000004E4F20535550504F52544544205741C9
:106C9000562046494C455320494E20534420524FDC
:106CA0004F5400343430485A20544553540053450F
:106CB000454B20495320415641494C41424C4520C7
:106CC000464F522057415620504C41594241434B68
:106CD000204F4E4C5900494E56414C494420574193
:106CE00056205345454B20424F554E444152590082
:106CF000417564696F436F6D6D616E6473004C43E1
:106D0000442049443A25780D0A0046542F435354F1
:106D10002049324320616464726573732030783394
:106D2000383A204E41434B0D0A0043545020494409
:106D30003A25780D0A004754397878782070726FB8
:106D400064756374204944206973206E6F742076E3
:106D5000616C69642041534349490D0A0047543925
:106D600078787820493243206164647265737320B7
:106D7000307831343A2041434B0D0A00475439787A
:106D800078782049324320616464726573732030DF
:106D90007835443A2041434B0D0A004754397878FE
:106DA00078204932432061646472657373203078BF
:106DB00031343A204E41434B0D0A0047543978781C
:106DC000782049324320616464726573732030789F
:106DD00035443A204E41434B0D0A004754397878E8
:106DE0007820504944207261773A2025303258206B
:106DF00025303258202530325820253032582C206A
:106E0000746578743A2025730D0A00435450204964
:106E1000443A25730D0A003932373100546F7563D7
:106E2000682053637265656E2041646A75737420CF
:106E30004F4B2100506C656173652075736520743C
:106E40006865207374796C757320636C69636B205B
:106E50007468652063726F7373206F6E2074686549
:106E60002073637265656E2E5468652063726F735C
:106E7000732077696C6C20616C77617973206D6F1A
:106E8000766520756E74696C207468652073637212
:106E900065656E2061646A7573746D656E742069D2
:106EA0007320636F6D706C657465642E0078256463
:106EB0003A2564007925643A25640070783A2530D3
:106EC0002E32660070793A25302E32660053444DDA
:106ED0004D435F53656E645F436D643D25640D0AE9
:106EE0000053445F434D445F524541445F4D554C10
:106EF000545F424C4F434B204572726F720D0A0033
:106F000046415433320046415400222A2B2C3A3B4E
:106F10003C3D3E3F5B5D7C7F00546D7251002E2EE8
:106F20002F2E2E2F4D6964646C6577617265732F07
:106F30004672656552544F532D4B65726E656C2DCC
:106F40006D61696E2F74696D6572732E6300546D87
:106F50007220537663002E2E2F2E2E2F4D696464DF
:106F60006C6577617265732F4672656552544F5335
:106F70002D4B65726E656C2D6D61696E2F706F7231
:106F80007461626C652F4743432F41524D5F434DFF
:106F9000372F723070312F706F72742E63000000C3
:106FA000E06F01080000002480000000FC020008DF
:106FB000607001088000002448AC05001C03000834
:106FC0001C00000043000000F8FFFFFF0C00000061
:106FD0000E0000000F0000002E0000000000000066
:106FE00001000000585A11083A5A1108235A110892
:106FF000425A11084C5A110832000000FFFF0000ED
:1070000064000000175A1108020229280501FF0038
:1070100039121108593F0108D90C1108000000006D
:107020000000000000000000000000000000000060
:107030000000000000000000000000000000000050
:107040000000000000000000000000000000000040
:107050000000000000000000AAAAAAAA0000000088
:020000040810E2
:1000000010B510BD00F02EFE114600F7DDF912F715
:100010009FFB00F091FE03B4FFF7F2FF03BC02F078
:100020006BFD53EA020C00F069802DE9F04B4FF0B4
:100030000006002B1FBFB3FA83F503FA05F424FA78
:1000400005F65E4012BF1643B2FA82F502FA05F4D5
:10005000C5F120051EBF22FA05FC44EA0C04203538
:1000600056EA044C4FEA144418BF641C4FF00008D1
:100070004FF00009904271EB030C39D3002919BFEE
:10008000B1FA81F701FA07F6B0FA80F700FA07F63D
:10009000C7F120071EBF20FA07FC46EA0C062037EE
:1000A000B6FBF4FCA7EB0507103F07F01F0BCBF1E5
:1000B00020062CFA06F60CFA0BFB44BFB3460026CA
:1000C000202FA4BF5E464FF0000B5BEA060C08BF72
:1000D0004FF0010B19EB0B0948EB0608ABFB027C58
:1000E00006FB02CC0BFB03CCC01B71EB0C01C1E780
:1000F0000B46024641464846BDE8F08B13B508431F
:1001000018BF4FF0FF300146AFF30080BDE81C4040
:10011000704700000FB41CB50C0007AA009007D070
:100120004142A14202D32044401E01E04FF0FF3083
:10013000074B7B4469460190069800F06EF9002158
:10014000002C01D0009A11701CBC5DF814FB00005B
:1001500015030000401ECAB210F8011F8A4202D0E7
:100160000029F9D10020704740EA010310B59B0730
:100170000FD1042A0DD310C808C9121F9C42F8D011
:1001800020BA19BA884201D9012010BD4FF0FF30C2
:1001900010BD1AB1D30703D0521C07E0002010BDD8
:1001A00010F8013B11F8014B1B1B07D110F8013B64
:1001B00011F8014B1B1B01D1921EF1D1184610BD45
:1001C00010B5203AC0F00B80B1E81850A0E81850E4
:1001D000B1E81850A0E81850203ABFF4F5AF5FEA34
:1001E000027C24BFB1E81850A0E8185044BF18C9D9
:1001F00018C0BDE810405FEA827C24BF51F8043B80
:1002000040F8043B08BF7047D20728BF31F8023BD3
:1002100048BF11F8012B28BF20F8023B48BF00F867
:10022000012B70474FF0000200B5134694469646E6
:10023000203922BFA0E80C50A0E80C50B1F12001F9
:10024000BFF4F7AF090728BFA0E80C5048BF0CC0A7
:100250005DF804EB890028BF40F8042B08BF704705
:1002600048BF20F8022B11F0804F18BF00F8012B77
:10027000704700000000000030B44FF0013C50F81F
:10028000042BCCFA52F451F8043BD51A20D1FCB916
:1002900050F8042BCCFA52F451F8043BD51A17D17C
:1002A000B4B950F8042BCCFA52F451F8043BD51AE7
:1002B0000ED16CB950F8042BCCFA52F451F8043B2F
:1002C000D51A05D1002CDAD030BC4FF000007047B1
:1002D00029BAB1FA81F111F01801D1F1200084405E
:1002E000F2D1CA40CB4012F0FF0213F0FF0330BC42
:1002F000D01A704770477047704709684A0501D5A2
:1003000040B27047C905FCD500B2704709684A057C
:1003100001D5C0B27047C905FCD580B2704770B531
:100320000C460546012A05D02878800600D5EA69E2
:10033000002302E0012305E05B1C934202D2E05C53
:100340000028F9D1A869E618C01AA861286A1844DB
:100350002862284600F72CF904E0D5E9012114F8B9
:10036000010B9047B442F8D3284600F737F970BD27
:100370002DE9F0410646002410687529314616A57E
:1003800010D0FFF7BAFF002802DA404213A507E0B9
:1003900031688A0701D512A502E0490704D511A5E5
:1003A000012401E0FFF7B2FF00210A2206F1240731
:1003B00009E0B0FBF2FCB0FBF2F302FB1C003030B2
:1003C00078541846491C0028F3D123462A46304663
:1003D000BDE8F04100F031BA000000002D0000003F
:1003E0002B0000002000000011680268006A53051D
:1003F00001D508700AE0D30501D5088006E0130690
:1004000003D5C217C1E9000200E00860012070476F
:1004100001694A1C02610878704700B58FB0CDE9C8
:1004200001310021059105497944CDE903101146B8
:10043000684600F0F9F80FB000BD0000E5FFFFFFCF
:100440000A6802F8010B0A607047D1E900239A425A
:1004500002D2531C0B601070704700002DE9FF5F43
:1004600015468A460446DFF8AC80F8440027D8E9F0
:1004700000103E46CDE9001010E03AF816106A462A
:1004800002A800F0CBFB411C07D02178890603D5D8
:10049000E269391891420DD80744761C207880060D
:1004A00002D5E069B84205DDAE42E6DB3AF8160057
:1004B0000028E2D1A069C01BA061204600F778F8AF
:1004C000D8E90010CDE90010002017E03AF8181024
:1004D0006A4602A800F0A2FBB0F1FF3F81460BD0B4
:1004E00000250DF1080B05E0D4E901211BF80500FA
:1004F00090476D1C4D45F7D308F10100B04280468E
:10050000E4DB206A38442062204600F767F8BDE843
:10051000FF9F00002E2701002DE9F0418046D21DEB
:1005200022F007020025D2E90002F52915A614D011
:10053000011E72F1000106DA0023D0EB030063EB29
:10054000020211A608E0D8F800108B0701D50FA60B
:1005500002E0490701D50EA601251146002408F145
:10056000240704E000F024F930323A55641C50EAC4
:100570000102F7D12B46324621464046BDE8F04104
:1005800000F05BB9000000002D0000002B0000000F
:1005900020000000F0B40D460188090502D5214C69
:1005A0007C4402E01F4C7C440E34002100F1240600
:1005B00008E002F00F071209E75D42EA03721B0927
:1005C0007754491C52EA0307F3D10278002312073B
:1005D00004D5702D06D009B1022311342246F0BC97
:1005E00000F02BB901231034F8E770B504460D462E
:1005F00021461068FFF78AFE024629462046BDE8DC
:1006000070400023C6E7D21D22F00703D3E9002380
:10061000C0E70368126843F0200303600823C36146
:100620000023B7E7E852F1FF2DE9F05F8946044661
:100630004FF0000ADFF874B1FB44C0F820A0204658
:10064000E1688847002874D0252806D0D4E9012124
:100650009047206A401C2062F1E700265F46204652
:10066000E16888472028054607DB312D05D2781937
:1006700010F8200C08B10643F1E7B00701D526F0C9
:100680000406C4F81CA00027C4F818A02A2D09D01D
:10069000284612F053FA38B304EB8708303DC8F807
:1006A000185019E059F8041B204604EB87029161A9
:1006B000E1688847012F054618D1E069002820DA53
:1006C00026F020061DE0D8F8180000EB800005EBAE
:1006D00040003038C8F818002046E16888470546D1
:1006E00012F02CFA0028EED1012F0AD02E2D08D1BD
:1006F0002046E16888477F1C0546022F46F0200609
:10070000C4DBA069002803DA404246F00106A0617C
:10071000F00701D026F010066C2D0BD0682D09D003
:100720004C2D39D06A2D35D0742D35D07A2D33D05B
:1007300016E038E0E1682F4620468847B842054673
:1007400009D16C2F26D04FF48060E1680643204623
:100750008847054604E06C2F1AD04FF4807006439A
:100760000DB3A5F14100192802D8203546F40066E2
:100770004A462946204626604E46FFF6DDFD80B1FA
:1007800001280BD0F61D26F0070000F1080956E7F6
:100790004020E4E78020D8E70020D6E706F10409EE
:1007A0004DE7284652E7206ABDE8F09F7852F1FFF6
:1007B00030B5B0F10A0271F100034FEA900E4EEA33
:1007C000817EB0EB0E0061EB91014FEA101E4EEA04
:1007D000017E10EB0E0041EB11114FEA102E4EEA94
:1007E000016E10EB0E0041EB11214FEA104E4EEA64
:1007F000014E10EB0E0041EB1141401841F1000198
:100800004FEAD00040EA41704FEAD1014FEA81043B
:1008100044EA907410EB800544EB01046D1944EB3D
:100820000404521BA3414FF0000348BF0A3200D515
:1008300030BD401C41F1000130BD2DE9F0470D46AF
:1008400099469246044600F124080168880604D5BA
:10085000E06921F01001216000E00120A84201DDE3
:10086000471B00E00027A1697A1902EB0900081A6A
:10087000A0612078C00602D42046FFF699FE00262B
:1008800008E0D4E901211AF806009047206A401CCC
:10089000761C20624E45F4DB2078C0060AD520463F
:1008A000FFF686FE06E0D4E9012130209047206A59
:1008B000401C2062381EA7F10107F4DC07E0D4E9F0
:1008C000012118F805009047206A401C2062281E6C
:1008D000A5F10105F3DC2046FFF680FE2078000636
:1008E00002D50220BDE8F0870120FBE72DE9F04F9B
:1008F00004460D46D21D22F0070089B0D0E90097CA
:100900004846394614F794FF0246F80F01D02D23CC
:1009100007E02068810701D52B2302E0202101EAAE
:10092000C0038DF820300BB1012000E00020032A25
:10093000824601D0072A04DB2946204600F0BCF994
:100940003FE12078800601D40D2500E0E569C7F37A
:100950000A560D2D49DA00214FEA175B08464FF081
:100960000000002F00F4400007DA00EB80004FF495
:10097000400100EBD07001EA60008115012901DD22
:100980004FF0FF3100224FEA850CBCF1180F06D35F
:100990001346ACF118004FF08052C24003E04FF410
:1009A000801323FA0CF30CF10C0CBCF1200F04D3D0
:1009B000ACF1200C09FA0CF001E007FA0CF0002968
:1009C0004FF0004801DD18B90FE00ED140450CD3BF
:1009D00019EB02095F4121B9404502D19F4329EA41
:1009E0000209BBEB175F00D0761C2088000502D5FA
:1009F0007B48784402E07A487844193808AA3023C2
:100A000002F80A30037C0AF10101002E0AF1020A01
:100A100053546A4602DC4FF0300101E04FF03101DF
:100A20004FF001088DF8001002D0A6F2FF3603E067
:100A300059EA470100D06B4E002D02DC21780907EE
:100A400004D54FF002082E218DF80110C446002174
:100A50000BE0C7F303433F01C35C491C6D1E02F862
:100A60000830052908F1010801DA002DF1DC002128
:100A70000CE000EB1973491C1B786D1E082902F865
:100A800008304FEA091908F1010801DA002DF0DCFD
:100A900021688B0602D516E0A8F10108E04505DDC6
:100AA00002EB080313F8013C302BF5D0B8F1000F2E
:100AB00009DD02EB080313F8013C2E2B03D10907D3
:100AC00001D4A8F10108002D05DD3E2102F808102F
:100AD0006D1E08F10108407C002E02F8080008F1A4
:100AE000010804DA2D20764202F8080002E02B20EB
:100AF00002F808000A214FF47A70864208F10108D2
:100B00000BDB96FBF0F3303302F8083096FBF0F382
:100B100008F1010800FB136601E0642E0CDB642081
:100B200096FBF0F3303302F8083096FBF0F308F14F
:100B3000010800FB136601E00A2E06DB96FBF1F0CC
:100B4000303002F8080008F1010896FBF1F001FBD3
:100B50001060303002F80800A16908F1010808EBC4
:100B6000050202EB0A00081AA0612078C00602D430
:100B70002046FFF61DFD216A08AE01EB0A00206247
:100B800004E0D4E9012116F8010B9047BAF1010AFB
:100B9000F7D22078C00602D52046FFF609FD6E4642
:100BA00009E016F8010B3E280FD0D4E90121904747
:100BB000206A401C2062B8F10108F2D22046FFF6FC
:100BC0000DFD09B00320BDE8F08F206A28442062A3
:100BD00003E0D4E90121302090476D1EEBD3F8E704
:100BE000C121010002FCFFFF10B5436913B1AFF34F
:100BF000008001E0FFF793FB012010BD127800F1A7
:100C000024010A7000224A700122EDE711684FF0BA
:100C1000FF32E9E7007B00F0800070472DE9F041EA
:100C200016460C460546FFF659FF036893F8010186
:100C3000012807D0FF2C12D8185D80B101202C703C
:100C4000BDE8F081D3F807013246214603F20713CD
:100C5000C7182846BC46BDE8F041002360474FF066
:100C6000FF30EDE7754600F071F8AE4605006946C5
:100C7000534620F00700854618B020B5FFF6CAFBA2
:100C8000BDE820404FF000064FF000074FF000088D
:100C90004FF0000BAC46ACE8C009ACE8C009ACE8CA
:100CA000C009ACE8C00921F007018D46704700007B
:100CB00000487047A00000242DE9F0411F4604467B
:100CC00003260168072A01F4006004DB08B116A5B9
:100CD00005E016A503E008B115A500E015A521F073
:100CE00010002060A069C01EA0610FB1401EA0616D
:100CF0002046FFF65DFC4FB1D4E90121384690470C
:100D0000206A401C2062C01C206206E0206AFAE7CC
:100D1000D4E9012115F8010B9047761EF8D2204640
:100D2000FFF65CFCBDE8F0814E414E006E616E0046
:100D3000494E4600696E660010B50446AFF3008068
:100D40002046BDE81040FFF766B900000048704734
:100D5000800000240000000080B586B0059011F0EE
:100D600033FC41F26C11C2F20341086046F6CF0138
:100D7000C0F6010146F61232C0F60102002004F767
:100D80001FFC02F0D5F9FFE7032003F721FEFFE780
:100D900040F60870C2F2004000680DF11301002215
:100DA00013F75EFD012805D1FFE79DF8130002F05F
:100DB0000BF9EDE7002103916A460A2010604FF01D
:100DC000FF3203AB084613F7FBFE9DF80C0040070B
:100DD000002812D5FFE746F60F40C0F6010001F7E4
:100DE0000FFD46F6CF01C0F6010146F61342C0F6EC
:100DF0000102022004F7E4FB23E09DF80C00C00789
:100E000020B1FFE7002002F0CFFAFFE79DF80C00C9
:100E10008007002814D5FFE741F2E010C2F203403A
:100E20000079022808D0FFE741F2E010C2F2034047
:100E30000079042804D1FFE7012002F0B5FAFFE7AA
:100E4000FFE713F789FF029041F2E010C2F203407E
:100E50000079022808D0FFE741F2E010C2F2034017
:100E60000079042814D1FFE7029841F21411C2F26C
:100E700002410968401AFA280AD3FFE7029841F2B2
:100E80001411C2F202410860002001F701FAFFE7E5
:100E90007AE700000000000080B58EB00D900D983C
:100EA0000C9013F759FF0B90FFE713F755FF0A90CB
:100EB00000200990089007900690FFE70698042804
:100EC0007CD8FFE70C989DF8181003F7D9FD059022
:100ED000059828B1FFE7059810F02AFC049002E07D
:100EE00000200490FFE70499069A4AF22810C2F203
:100EF0000340103040F82210069950F8210098B1B4
:100F0000FFE706994AF22810C2F2034000EB810085
:100F100000697F2808D8FFE70699012000FA01F14F
:100F2000079808430790FFE741F23820C2F20340D8
:100F300000680699C840C00710B3FFE70A98069AF0
:100F400046F24041C2F2034151F82210401A039088
:100F50009DF8180004F0ACF94FF47A72A0FB02017E
:100F60000023FFF75EF801460398884208D8FFE7A0
:100F70000699012000FA01F109980843099018E048
:100F80004AF22810C2F2034090F8350040B9FFE75A
:100F90000A980B99401A43F69921884208D3FFE733
:100FA0000699012000FA01F1089808430890FFE72C
:100FB000FFE7FFE70698013006907FE741F238200F
:100FC000C2F2034000684AF22811C2F203410291C2
:100FD0000860099848600898886013F7C1FA029978
:100FE000C86210F0B9FE02990863002010F0A0FB5F
:100FF0000299486214F784F80590059828B1FFE734
:10100000059810F095FB019002E000200190FFE7A9
:1010100001994AF22810C2F203408162406A7F2897
:1010200005D8FFE7079840F020000790FFE74AF255
:101030002810C2F20340806A68B1FFE74AF2281024
:10104000C2F20340806A7F2805D8FFE7079840F086
:1010500040000790FFE707984AF22811C2F20341C7
:10106000C86009981F282BD1FFE74AF22811C2F265
:101070000341012081F835004AF28820C2F2034082
:101080000078E0B9FFE74AF28C20C2F20340006822
:1010900060B1FFE70A984AF28C21C2F20341096865
:1010A000401A41F28831884209D3FFE70A984AF290
:1010B0008C21C2F20341086004F0A2F8FFE7FFE7C9
:1010C0004AF28820C2F2034001784AF22812C2F2A2
:1010D000034282F83410007828B3FFE7089810B371
:1010E000FFE700200690FFE70698042816D8FFE7E0
:1010F00008980699C840C00758B1FFE7069940F222
:101100000400C2F2004050F82110082002F0C8FF8D
:1011100004E0FFE7069801300690E5E7FFE764206A
:1011200010F0F2FCFBE74AF28820C2F2034000789C
:1011300018B1FFE704F05CF8FFE7FA2010F0E4FCD8
:10114000B3E60000000000002DE9F04FADF5217D71
:10115000A090A0989F9000202C902B902A908DF822
:10116000A7008DF8A60013F7F7FD5790FFE70420BE
:1011700003F72EFCFFE740F21441C5F602010868B0
:1011800080F001000860FFE79F98006810F0ACFA5B
:10119000569087A803F7FCFD13F7DEFD28902898EA
:1011A0002A99401A2790002036908E982B998842D1
:1011B00003D2FFE78E982B90FFE72A9880B1FFE7D4
:1011C000279868B1FFE78E982B99401A4FF47A71EF
:1011D000A0FB0101279A0023FEF723FF3690FFE7CB
:1011E0008E982B9028982A907FA80AF021FD71A84C
:1011F00003F0AAFF6CA806F74BFD58A802F0F0FD1B
:1012000013F7AAFD44F6D351C1F26201A0FB01100D
:1012100080092D907C982E907D982F908A98309000
:1012200087983290889833908C9834908D98359028
:101230008E9831908F9837909098389093983990F5
:1012400091983A9092983B9095983C90BDF85802AE
:10125000ADF8F400BDF85A02ADF8F600BDF8600232
:10126000ADF8F8009DF862028DF8FA009DF863026F
:101270008DF8FB009DF864028DF8FC009DF8650276
:101280008DF8FD00BDF86602ADF8FE007F98409035
:10129000809841908198429082984390839844909E
:1012A0008498459085984690BDF85C02ADF81C0185
:1012B000BDF85E02ADF81E017598ADF82001769874
:1012C000ADF822017798ADF824017898ADF82601A1
:1012D0007998ADF828017A98ADF82A017B98ADF895
:1012E0002C01BDF8C001ADF82E016C98ADF83001AD
:1012F0006D984D906E984E906F984F907298509058
:1013000073985190749852905D9853905B988DF8B3
:1013100050019DF8F8018DF854019DF818028DF8E0
:1013200051019DF819028DF852019DF81A028DF8AD
:10133000530112F7DDFF49F6D840C2F203402DA950
:10134000A422FEF73DFF13F703F8529888B1FFE798
:1013500052982C9988420CD0FFE745F66651C0F6AA
:10136000110145F63D52C0F61102012004F728F99B
:10137000FFE752982C909DF8FC00E0B1FFE79DF844
:10138000A600C0B9FFE79DF8FD30B3FA83F040092D
:10139000400045F66B51C0F6110145F65652C0F6B5
:1013A0001102002B18BF0A4645F63041C0F6110164
:1013B00004F706F9FFE79DF8FC008DF8A6002F99C9
:1013C0000020B0EBD13F15D1FFE79DF8A70080B911
:1013D000FFE745F66651C0F6110145F62652C0F604
:1013E00011020120269004F7EBF826988DF8A7004B
:1013F000FFE703E000208DF8A700FFE705F75CFB9F
:10140000002800F09880FFE713F7A6FC17902E98AD
:101410001890369819903C981A9056981B90BDF8E1
:101420001E011C9087981D908A981E908C988D990B
:1014300008441F908E982090BDF8F60021909DF8EA
:10144000FA002290BDF820012390BDF822012490DB
:10145000BDF8280125909DF8180278B1FFE79DF8A6
:10146000192245F6B971C0F6010146F2CA20C0F64C
:101470000100002A18BF0846169005E046F2CA503F
:10148000C0F601001690FFE7DDF86880DDF8849073
:10149000DDF888A0DDF88CB016989DF81A327F9997
:1014A000809ADDF804C2DDF808E2839C849D859E65
:1014B0006F4615973E65199F159EF564209E159DF4
:1014C000AC641F9D159CC4F844E01E9CDDF854E0FC
:1014D000CEF840C0DDF874E0DDF854C0CCF83C3004
:1014E0001B9BCCF83820189ACCF834101799CCF8FC
:1014F00030002598CCF82C002498CCF828001C98B3
:10150000CCF824B0CCF820A0CCF81C90CCF81880F3
:10151000CCF81470CCF81060CCF80C50CCF8084023
:10152000CCF804E0CCF8000045F66340C0F61100AA
:10153000FEF682FFFFE7FFE757A84FF4FA7113F7B3
:10154000AFFAFFE713E6000080B5ADF5107D8F9090
:1015500046F62300C0F60100FEF66EFF06F0E8F83E
:101560008DF80B009DF80B00C8B9FFE746F6740133
:10157000C0F6010146F66302C0F60102002004F73E
:101580001FF841F29020C2F20340016846F2E17078
:10159000C0F60100FEF650FF06F7B2FF13E046F674
:1015A0007401C0F6010146F65302C0F601020220A2
:1015B00004F706F89DF80B1046F26970C0F60100BA
:1015C000FEF63AFFFFE7FFE7022003F701FA49F6CC
:1015D0003860C2F20340006803A94FF4FA7213F7AF
:1015E0003FF9012840F03281FFE79DF810000A28FA
:1015F00014D0FFE79DF810000B280FD0FFE79DF8EF
:1016000010000C280AD0FFE79DF810000D2805D027
:10161000FFE79DF810000E2826D1FFE703A850A988
:1016200006F7FEFD9DF8450140B1FFE744F2084191
:10163000C2F20341086801300860FFE741F2601020
:10164000C2F20340006850A96422002310F0B4FCE9
:10165000012808D0FFE749F64461C2F20341086857
:1016600001300860FFE7F0E09DF8100005280FD07A
:10167000FFE79DF8100006280AD0FFE79DF810004C
:10168000112805D0FFE79DF81000122826D1FFE7AA
:1016900003A871A906F094F89DF8C90140B1FFE7CD
:1016A00044F20841C2F20341086801300860FFE7D4
:1016B00041F23C20C2F20340006871A96422002379
:1016C00010F07AFC012808D0FFE749F64461C2F225
:1016D0000341086801300860FFE7B5E09DF810009D
:1016E000072826D1FFE703A871A906F069F89DF83D
:1016F000C90140B1FFE744F20841C2F20341086862
:1017000001300860FFE747F27040C2F20340006812
:1017100071A96422002310F04FFC012808D0FFE7D4
:1017200049F64461C2F20341086801300860FFE7EE
:1017300089E09DF81000082805D0FFE79DF810000B
:10174000092826D1FFE703A871A906F039F89DF80A
:10175000C90140B1FFE744F20841C2F20341086801
:1017600001300860FFE74AF22410C2F2034000682B
:1017700071A96422002310F01FFC012808D0FFE7A4
:1017800049F64461C2F20341086801300860FFE78E
:1017900058E09DF810000F2826D1FFE703A871A993
:1017A00006F00EF89DF8C90140B1FFE744F2084188
:1017B000C2F20341086801300860FFE743F6B04019
:1017C000C2F20340006871A96422002310F0F4FB08
:1017D000012808D0FFE749F64461C2F203410868D6
:1017E00001300860FFE72CE040F2E001C2F2004166
:1017F000019103A806F7B4FC0198407940B1FFE7D6
:1018000044F20841C2F20341086801300860FFE772
:1018100049F64860C2F20340006840F2E001C2F2BB
:1018200000416422002310F0C7FB012808D0FFE725
:1018300049F64461C2F20341086801300860FFE7DD
:10184000FFE7FFE7FFE7FFE7FFE7FFE7BCE6000092
:101850001EF0040F0CBFEFF30880EFF30980714610
:10186000052202F71DB9000082B000208DF80600A5
:101870004FF480300090FFE70098411E009158B16E
:10188000FFE747F23400C5F2002000680006002898
:1018900001D5FFE700E0EFE7009820B9FFE703205C
:1018A0008DF807000DE047F23801C5F2002140F63F
:1018B000FF70C1F6E07008609DF806008DF8070023
:1018C000FFE79DF8070002B070470000000000002D
:1018D00083B000208DF80A004FF480300090FFE7BD
:1018E0000098411E009170B1FFE747F23400C5F245
:1018F0000020006801909DF8040010F0450F01D011
:10190000FFE700E0ECE7009830B1FFE79DF8040046
:101910004007002810D5FFE703208DF80A0047F2A2
:101920003801C5F20021086840F0040008609DF805
:101930000A008DF80B001EE09DF80400C00760B19E
:10194000FFE701208DF80A0047F23801C5F20021B7
:10195000086840F001000860FFE747F23801C5F26F
:10196000002140F6FF70C1F6E07008609DF80A00A3
:101970008DF80B00FFE79DF80B0003B070470000E7
:1019800082B0FFE747F23400C5F200200068009003
:101990009DF8000010F0450F01D0FFE700E0F1E7EF
:1019A0009DF80000400700280CD5FFE747F23801FA
:1019B000C5F20021086840F00400086003208DF89B
:1019C00007000CE047F23801C5F2002140F6FF7035
:1019D000C1F6E070086000208DF80700FFE79DF871
:1019E000070002B07047000085B08DF81200039127
:1019F00000208DF80B00FFE747F23400C5F200200D
:101A0000006801909DF8040010F0450F01D0FFE739
:101A100000E0F1E79DF80400400700280CD5FFE73F
:101A200047F23801C5F20021086840F00400086060
:101A300003208DF813005FE09DF80400C00760B13B
:101A4000FFE747F23801C5F20021086840F00100C5
:101A5000086001208DF813004EE047F21000C5F237
:101A6000002000689DF81210884204D0FFE7102083
:101A70008DF8130040E047F23801C5F2002140F62E
:101A8000FF70C1F6E070086047F21400C5F2002054
:101A9000006800909DF8010010F0E00F09D1FFE709
:101AA000BDF80200039908809DF80B008DF8130023
:101AB00022E09DF801008006002804D5FFE71320EE
:101AC0008DF8130018E09DF801004006002804D5A9
:101AD000FFE710208DF813000EE09DF801000006CE
:101AE000002804D5FFE70F208DF8130004E09DF8CF
:101AF0000B008DF81300FFE79DF8130005B0704749
:101B000083B000208DF80A004FF480300090FFE78A
:101B10000098411E009170B1FFE747F23400C5F212
:101B20000020006801909DF8040010F0450F01D0DE
:101B3000FFE700E0ECE7009830B1FFE79DF8040014
:101B40004007002810D5FFE703208DF80A0047F270
:101B50003801C5F20021086840F0040008609DF8D3
:101B60000A008DF80B0016E09DF8040040060028DE
:101B70000CD5FFE700208DF80A0047F23801C5F2C6
:101B80000021086840F040000860FFE79DF80A0067
:101B90008DF80B00FFE79DF80B0003B070470000C5
:101BA00080B58AB0ADF82400089100208DF81F00A0
:101BB000069005901020049001210822FFF6D0FB2A
:101BC0000498FFF661FA8DF81F009DF81F0028B1F8
:101BD000FFE79DF81F008DF82700BAE0BDF824004C
:101BE0000204372003900121FFF6BAFB0398FFF6A9
:101BF0004BFA8DF81F009DF81F0028B1FFE79DF8F4
:101C00001F008DF82700A4E04FF0FF3008210322C9
:101C10000123019300F034F901993320029000224E
:101C2000FFF69EFB0298FFF62FFA8DF81F009DF835
:101C30001F0028B1FFE79DF81F008DF8270088E0FE
:101C4000FFE747F23400C5F20020006840F22A5155
:101C5000084213D1FFE747F23400C5F200200068C4
:101C60000003002809D4FFE747F28000C5F20020F6
:101C7000016805910068069000E0E2E747F2340051
:101C8000C5F200200068000700280CD5FFE747F2E6
:101C90003801C5F20021086840F0080008600420FF
:101CA0008DF8270055E047F23400C5F200200068A7
:101CB000800700280CD5FFE747F23801C5F2002164
:101CC000086840F00200086002208DF8270040E01C
:101CD00047F23400C5F200200068800600280CD5C9
:101CE000FFE747F23801C5F20021086840F0200004
:101CF000086006208DF827002BE0FFE7FFE747F29A
:101D00003801C5F2002140F6FF70C1F6E0700860AE
:101D10000599080601F47F4240EA022001F47F029F
:101D200040EA122040EA11600899486006990806C6
:101D300001F47F4240EA022001F47F0240EA1220CF
:101D400040EA1160089908609DF81F008DF827008F
:101D5000FFE79DF827000AB080BD000000000000EA
:101D60001EF0040F0CBFEFF30880EFF309807146FB
:101D7000042201F795BE000080B584B002900020D7
:101D80000190009040F2AC60C2F200400068020492
:101D90000D200121FFF6E4FA47F23400C5F20020DD
:101DA00000680090FFE7009810F0450F07D1FFE7AB
:101DB00047F23400C5F2002000680090F3E7009875
:101DC000C00760B1FFE747F23801C5F2002108689B
:101DD00040F00100086001208DF80F0034E0009809
:101DE000400700280CD5FFE747F23801C5F2002173
:101DF000086840F00400086003208DF80F0023E01D
:101E000047F21000C5F2002000680D2804D0FFE75B
:101E100010208DF80F0017E047F23801C5F20021BD
:101E200040F6FF70C1F6E070086047F21400C5F29A
:101E30000020006801900198C0F3432002990870C7
:101E400000208DF80F00FFE79DF80F0004B080BD63
:101E500082B0ADF8060047F20401C5F2002108681F
:101E60000090009840F2FF3290430090BDF80620A9
:101E70000098104300900098086002B0704700007E
:101E800084B0039002918DF807208DF806300398F6
:101E900047F22401C5F200210860029820F07E403C
:101EA00047F22801C5F20021086047F22C01C5F273
:101EB000002108680090009820F0FF0000909DF835
:101EC0000720009840EA0210009000989DF8062034
:101ED00002F0010240EA42000090009840F0010048
:101EE00000900098086004B07047000000000000F7
:101EF00080B582B000208DF806000120ADF8040006
:101F000047F20000C5F200200068800720B9FFE713
:101F100025208DF80700CCE040F2A060C2F200401E
:101F2000007804282FD0FFE7022003210022FFF6CB
:101F300017FAFFF7CDFC8DF806009DF8060028B1D2
:101F4000FFE79DF806008DF80700B2E047F21400A5
:101F5000C5F20020006840F28061C2F200410860D2
:101F600047F21800C5F200200068486047F21C00E4
:101F7000C5F200200068886047F22000C5F200200A
:101F80000068C860FFE740F2A060C2F2004000783D
:101F9000C0B1FFE740F2A060C2F200400078012823
:101FA00010D0FFE740F2A060C2F20040007806289F
:101FB00008D0FFE740F2A060C2F20040007802289B
:101FC00016D1FFE70320009001210022FFF6C8F997
:101FD000009801A9FFF708FD8DF806009DF806009E
:101FE00028B1FFE79DF806008DF8070061E0FFE7E4
:101FF00040F2A060C2F200400078032815D1FFE74C
:10200000BDF80400020403200121FFF6A9F9FFF73F
:102010005FFC8DF806009DF8060028B1FFE79DF8EB
:1020200006008DF8070044E0FFE740F2A060C2F22E
:1020300000400078042838D0FFE7BDF8040040F2E3
:10204000AC61C2F200410860BDF80400020409203E
:102050000321FFF685F9FFF73BFC8DF806009DF89C
:10206000060028B1FFE79DF806008DF8070020E084
:1020700047F21400C5F20020006840F29061C2F2FD
:102080000041086047F21800C5F20020006848606F
:1020900047F21C00C5F200200068886047F220006B
:1020A000C5F200200068C860FFE700208DF8070037
:1020B000FFE79DF8070002B080BD000000000000AF
:1020C00080B58CB0002004908DF82E000A908DF819
:1020D000270008900790069005900A9847F204019F
:1020E000C5F200210860FA20FFF7B2FE049847F21B
:1020F0000002C5F20022032111608DF82E00FFE7D7
:102100009DF82E00492815DCFFE7002210461146F5
:10211000FFF626F9FFF7A8FB8DF827009DF82700AA
:1021200008B9FFE706E0FFE79DF82E0001308DF8C3
:102130002E00E5E79DF8270028B1FFE79DF827006E
:102140008DF82F00DDE0082001214FF4D572FFF655
:1021500007F9FFF7D5FC8DF827009DF8270050B947
:10216000FFE740F2A061C2F20041012008704FF089
:1021700080400590FFE73720039001210022FFF601
:10218000EFF80398FEF680FF8DF827009DF82700F2
:10219000002867D1FFE7FFE706990020029049B9C0
:1021A000FFE707994FF6FF720020914238BF0120E8
:1021B0000290FFE70298C007C0B3FFE73720019005
:1021C00001210022FFF6CCF80198FEF65DFF8DF8A4
:1021D00027009DF8270028B1FFE79DF827008DF81C
:1021E0002F008EE005980021C8F2100140EA01029C
:1021F00029200121FFF6B4F8FFF7C2FB8DF8270074
:102200009DF8270028B1FFE79DF827008DF82F00E3
:1022100077E047F21400C5F20020006808900898A3
:10222000C00F0690079801300790B5E707984FF662
:10223000FF71884208D3FFE71B208DF827009DF827
:1022400027008DF82F005CE0089800F0804008908F
:1022500038B1FFE740F2A061C2F2004102200870ED
:10226000FFE749E0FFE706990020009049B9FFE742
:1022700007994FF6FF720020914238BF012000906D
:10228000FFE70098C00710B3FFE7012148F2000202
:10229000C8F2FF020846FFF663F8FFF771FB8DF8FE
:1022A00027009DF8270028B1FFE79DF827008DF84B
:1022B0002F0026E047F21400C5F2002000680890C5
:1022C0000898C00F0690079801300790CBE7079851
:1022D0004FF6FF71884208D3FFE71B208DF82700D7
:1022E0009DF827008DF82F000BE040F2A061C2F2AC
:1022F000004103200870FFE79DF827008DF82F00AC
:10230000FFE79DF82F000CB080BD0000000000002A
:1023100080B58CB00B900A91099200218DF82310A2
:102320000A980791069040F2A060C2F2004000783F
:1023300048B1FFE706990798400240EAD1504902A8
:1023400006910790FFE79DF82C00800770B3FFE728
:1023500000200590FFE705980999884225D2FFE7FC
:1023600006990798059A11EB422240F1000369464D
:10237000012048604FF400700490086040F208703B
:10238000C2F200400390FFF6DBFB0399049A8DF83C
:1023900023000B98FEF69CF80B9800F500700B904C
:1023A000FFE7059801300590D5E70FE00B98069AF6
:1023B000079B0999EC46CCF804104FF40071CCF857
:1023C0000010FFF6BDFB8DF82300FFE79DF823000A
:1023D0000CB080BD0000000080B582B00190019A71
:1023E000072000900121FEF6BBFF0098FEF64CFE90
:1023F00002B080BD0000000080B59AB001461D9873
:102400001C98189117931692ADF8560000208DF87D
:1024100055008DF854001490139012901190109064
:102420001D98BDF8561048430F9018980E901898B4
:1024300020B9FFE726208DF867005BE247F22C0108
:10244000C5F200210020086040F2A060C2F2004006
:10245000007802280DD1FFE74FF40070ADF8560068
:1024600016981799400A40EAC150491217911690E0
:10247000FFE7BDF8562010200D900121FEF670FFF9
:102480000D98FEF601FE8DF855009DF8550028B117
:10249000FFE79DF855008DF867002BE21D98022894
:1024A0005DD3FFE71D98BDF856104843B0F1007F9B
:1024B00004D3FFE726208DF867001BE240F2A060FE
:1024C000C2F20040007880B1FFE740F2A060C2F2A3
:1024D00000400078012808D0FFE740F2A060C2F277
:1024E0000040007802282ED1FFE740F2AC60C2F233
:1024F00000400068020437200C900121FEF630FFF6
:102500000C98FEF6C1FD8DF855009DF8550028B1D8
:10251000FFE79DF855008DF86700EBE11D9A172045
:102520000B900121FEF61CFF0B98FEF6ADFD8DF819
:1025300055009DF8550028B1FFE79DF855008DF82E
:102540006700D7E1FFE7169A19200A900121FEF6ED
:1025500007FF0A98FEF698FD8DF8550069E040F2F5
:10256000AC60C2F20040006802040D200990012115
:10257000FEF6F6FE0998FEF687FD8DF855009DF8EB
:10258000550028B1FFE79DF855008DF86700B1E1CF
:1025900047F21400C5F20020006812904FF0FF309F
:1025A0001490FFE700209DF84910C907089031B941
:1025B000FFE71498002818BF01200890FFE708984B
:1025C000C00718B3FFE714980138149040F2AC60CC
:1025D000C2F20040006802040D2007900121FEF6BF
:1025E000BFFE0798FEF650FD8DF855009DF855008A
:1025F00028B1FFE79DF855008DF867007AE147F2B2
:102600001400C5F2002000681290CBE7149820B99E
:10261000FFE729208DF867006CE1169A18200690D4
:102620000121FEF69DFE0698FEF62EFD8DF8550062
:10263000FFE79DF8550028B1FFE79DF855008DF89C
:10264000670057E11D98BDF8561041434FF0FF3029
:10265000059009220023FFF713FC059847F20C02AE
:10266000C5F20022116841F04001116014900EF093
:102670008FFAFFE747F23400C5F20020006810F43B
:102680008D7F6CD1FFE747F23400C5F2002000686F
:102690004004002857D5FFE70F981399401A1F28C8
:1026A00031D8FFE70F981399401A800730B9FFE738
:1026B0000F981399401A8008049007E00F98139917
:1026C000411A012000EB91000490FFE7049810905C
:1026D00000201190FFE711981099884212D2FFE76D
:1026E0000E98006847F28001C5F200210860FFE7FC
:1026F0001198013011900E9804300E901398043008
:102700001390E8E71BE000201190FFE711980728DD
:102710000ED8FFE70E98119950F8210047F280017A
:10272000C5F200210860FFE7119801301190EDE734
:102730000E9820300E90139820301390FFE76FF022
:10274000404014900AE0149820B9FFE704208DF867
:102750006700CFE0149801381490FFE78AE747F24A
:102760000C01C5F20021086820F0400008600EF05E
:1027700013FA47F23400C5F2002000680007002871
:102780000CD5FFE747F23801C5F20021086840F098
:102790000800086004208DF86700ABE047F23400C1
:1027A000C5F200200068800700281CD5FFE747F22B
:1027B0003801C5F20021086840F0020008601D9849
:1027C00002280CD3FFE70C20039001210022FEF623
:1027D000C7FD0398FEF658FC8DF85500FFE7022070
:1027E0008DF8670086E047F23400C5F200200068EB
:1027F000C00600280CD5FFE747F23801C5F20021DA
:10280000086840F01000086005208DF8670071E04E
:10281000FFE7FFE747F23400C5F200200068C0057B
:10282000002831D5FFE71D9802282DD3FFE740F29D
:10283000A060C2F20040007880B1FFE740F2A060E3
:10284000C2F200400078012808D0FFE740F2A06003
:10285000C2F200400078022815D1FFE70C20029058
:1028600001210022FEF67CFD0298FEF60DFC8DF89B
:1028700055009DF8550028B1FFE79DF855008DF8EB
:10288000670037E0FFE7FFE747F23801C5F20021B4
:1028900040F6FF70C1F6E070086015A8FFF76CFA0B
:1028A0008DF85500FFE79DF855100020019091B973
:1028B000FFE79DF8541001200729009008D0FFE79A
:1028C0009DF854000638B0FA80F040090090FFE708
:1028D00000980190FFE70198C00730B1FFE715A805
:1028E000FFF74AFA8DF85500DDE79DF855008DF8A1
:1028F0006700FFE79DF867001AB080BD0000000088
:1029000080B58CB00B900A91099200218DF82310AC
:102910000A980591049040F2A060C2F2004000784D
:1029200048B1FFE704990598400240EAD1504902B6
:1029300004910590FFE79DF82C00800790B3FFE716
:1029400000200790FFE707980999884229D2FFE7FE
:102950000B9940F20870C2F2004003904FF40072ED
:102960000292FDF6B5FD02990398049A059BDDF8E5
:102970001CC012EB4C2243F10003EC464FF0010E59
:10298000CCF804E0CCF80010FFF736FD8DF82300FA
:102990000B9800F500700B90FFE707980130079047
:1029A000D1E70FE00B98049A059B0999EC46CCF807
:1029B00004104FF40071CCF80010FFF71DFD8DF8E6
:1029C0002300FFE79DF823000CB080BD000000004D
:1029D000064B19680868B0E8F04F80F30988BFF328
:1029E0006F8F4FF0000080F311887047C4A203245A
:1029F00082B0FFE741F21C00C4F2010000688006CB
:102A0000002838D5FFE741F22400C4F20100006835
:102A10008DF807004AF28410C2F203400088ADF836
:102A20000400BDF804000130C0B2ADF80200BDF8EA
:102A300002004AF28621C2F203410988884211D07D
:102A4000FFE79DF80700BDF804204AF28611C2F2A4
:102A500003418854BDF802004AF28411C2F20341D6
:102A6000088007E04AF28011C2F203410868013091
:102A70000860FFE7BEE741F22001C4F201010E2029
:102A8000086002B07047000082B0ADF80600009107
:102A9000BDF9060000280AD4FFE700980001BDF93F
:102AA00006104EF20042CEF2000288540BE000986D
:102AB0000001BDF8061001F00F014EF61452CEF2DF
:102AC00000028854FFE702B07047000000000000D9
:102AD000BFF34F8F4EF60C51CEF20001086800F4A0
:102AE000E0600422C0F2FA5210430860BFF34F8F37
:102AF000FFE700BFFDE7000081B0009001B0704724
:102B000086B08DF807009DF80700C0EBC02140F6A5
:102B10002070C2F2004000EB411000900098059038
:102B20004FF6E07004900498012820DBFFE704983A
:102B3000059901F01F010844039005980290BFF326
:102B40004F8FFFE702984EF66871CEF200010860E1
:102B500002982030029003982038039003980028B0
:102B6000F0DCFFE7BFF34F8FBFF36F8FFFE7BFF3DB
:102B70004F8F06B07047000080B5F6B08DF8D601D3
:102B80009DF8D601C0EBC02140F62070C2F2004093
:102B900000EB411006909DF8D62141F20C11C2F2D3
:102BA0000241002041F8220006984FF6E0710091A2
:102BB000FDF6DBFC28A801904FF49A71FDF732FB7B
:102BC000009901980C228DF8A42041F28012C2F2E3
:102BD0000242719241F2E012C2F20342D279012A1A
:102BE00008BF47F6F071739107A9FFF659FE012857
:102BF00004D1FFE79DF8210020B1FFE7FF208DF809
:102C0000D7018CE041F28010C2F2024005900C988E
:102C10004008049041F2E010C2F20340C07901285C
:102C200037D1FFE7049843F6F971884204D3FFE7F0
:102C300043F6F8700490FFE700200390FFE7039845
:102C40000499884224D2FFE70598039930F91100CE
:102C500040F21801C2F200410978484348F21F517E
:102C6000C5F2EB1150FB01F1481100EBD17002905D
:102C700002980699039A21F8220002980699039A6D
:102C800001EB82014880FFE7039801300390D6E70B
:102C900030E0049847F6F171884204D3FFE747F625
:102CA000F0700490FFE700200390FFE70398049979
:102CB00088421ED2FFE70598039930F9110040F2CF
:102CC0001801C2F200410978484348F21F51C5F289
:102CD000EB1150FB01F1481100EBD170029002980A
:102CE0000699039A21F81200FFE703980130039038
:102CF000DCE7FFE70C989DF8D62141F20C11C2F2F7
:102D0000024141F822009DF8D601FFF7F9FE9DF837
:102D10002600002818BF01208DF8D701FFE79DF994
:102D2000D70176B080BD000080B588B08DF81F0057
:102D30009DF81F00C0EBC02140F62070C2F2004099
:102D400000EB411006909DF81F2041F20C11C2F2D9
:102D50000241002041F8220006984FF6E071FDF68E
:102D600004FC43F6F8700590059841F27011C2F228
:102D700003410968884207D9FFE741F27010C2F2A7
:102D8000034000680590FFE74BF62570C0F258201D
:102D9000039000200490FFE704980599884234D2FC
:102DA000FFE7039A41F27410C2F203400168114434
:102DB00001600068C10F4EF69000CFF6FF70002949
:102DC00018BF41F270700290029840F21801C2F2EE
:102DD00000410978484348F21F51C5F2EB1150FBFE
:102DE00001F1481100EBD170029002980699049A03
:102DF00021F8220002980699049A01EB820148808A
:102E0000FFE7049801300490C6E7059A41F270117B
:102E1000C2F2034101910868801A08600598800099
:102E20009DF81F2041F20C11C2F2024141F822002C
:102E30009DF81F00FFF764FE01980068B0FA80F06B
:102E4000400908B080BD000080B584B044F2E04085
:102E5000C5F60200016841F002010160006840F21D
:102E60000040C5F6020002904FF430410391052264
:102E700010F79EFC02980399EC460023CCF804302E
:102E80000322CCF8002002220DF006FE04B080BD23
:102E900080B586B0049004994EF60070C0F61C50C0
:102EA00000EB01104901B0FBF1F00390039800F032
:102EB0000100029003980299401A4008019001987D
:102EC00058B1FFE70198FF2807D8FFE701980128CC
:102ED00007D1FFE7029820B1FFE700208DF8170027
:102EE00027E0FFF6F9F843F60001C4F200010020E4
:102EF000086043F60801C4F20001086043F60C01C3
:102F0000C4F20001086001980004029940EA0160DF
:102F1000053043F65001C4F20001086043F6180181
:102F2000C4F2000140F6F870086001208DF8170027
:102F3000FFE79DF8170006B080BD0000000000000C
:102F400082B043F60001C4F20001086840F48060DA
:102F5000086048F2A060C0F201000190FFE743F66C
:102F60000000C4F2000001680020890500290090DB
:102F700006D5FFE70198002818BF01200090FFE761
:102F80000098C00720B1FFE7019801380190E6E7FB
:102F900043F60001C4F20001086820F00100086057
:102FA00002B070470000000043F60001C4F20001C7
:102FB000086840F001000860086840F4007008608C
:102FC000704700000000000080B582B08DF8070057
:102FD0009DF8070018B9FFE700F0AAF8A5E09DF8F2
:102FE0000700022807D1FFE746F21110C0F60100E2
:102FF000FFF606FC98E09DF80700032805D1FFE7DF
:103000004FF0FF3000F04CF98DE09DF807000428E8
:1030100004D1FFE7012000F043F983E09DF80700A9
:10302000052803D1FFE7FFF64FFB7AE09DF8070084
:10303000062805D1FFE74FF0FF30FFF68DF96FE06E
:103040009DF80700072804D1FFE70120FFF684F967
:1030500065E09DF80700012860D1FFE741F2E0102C
:10306000C2F203400079022808D0FFE741F2E010E5
:10307000C2F203400079042817D1FFE741F2E010C3
:10308000C2F203400090007941F21911C2F20241EC
:103090000870FFF755FF00990320087146F6CE200F
:1030A000C0F60100FFF6F4F837E041F2E010C2F29A
:1030B0000340007903282CD1FFE741F21810C2F237
:1030C0000240007848B1FFE7FEF66AFF41F21811AE
:1030D000C2F202410020087002E0FFF765FFFFE73F
:1030E00041F21910C2F20240017841F2E012C2F23C
:1030F00003421171027846F67321C0F6010146F6CB
:103100008520C0F60100042A08BF0846FFF6C0F873
:1031100002E000F001FAFFE7FFE7FFE7FFE7FFE764
:10312000FFE7FFE7FFE7FFE7FFE702B080BD000032
:1031300080B5F2B0FEF6D0FFFEF6C2FE25A80290E2
:103140004FF49A71FDF76EF80A208DF8980041F25D
:10315000E011C2F203410020087146F64A40C0F671
:103160000100FFF695F8029804A9FFF699FB0128E3
:1031700004D1FFE79DF81500D0B1FFE741F2E0115F
:10318000C2F20341002048710620087146F6F7108C
:10319000C0F60100FFF67CF846F6CF01C0F601014B
:1031A00046F60B22C0F60102022002F709FA72E08D
:1031B00041F27810C2F203406821FDF6D6F90020F2
:1031C0008DF80F00FFE79DF80F009DF8171088425B
:1031D00016DAFFE79DF80F2041F27810C2F20340A3
:1031E0000D2112FB010004AB12FB01321C32FEF672
:1031F00087FEFFE79DF80F0001308DF80F00E2E732
:103200009DF8171041F2E010C2F20340417180793D
:103210009DF81710884207DBFFE741F2E011C2F288
:10322000034100208871FFE741F2E011C2F203413F
:103230000020C8710872C860086148619DF81700D5
:1032400078B9FFE741F2E011C2F2034100200876AD
:103250000520087146F68140C0F60100FFF618F817
:1032600019E041F2E010C2F203400190827941F28C
:103270007813C2F203430D2112FB01321830FEF61F
:103280003FFE01990120087146F68330C0F6010027
:10329000FEF6FEFFFFE772B080BD000000000000F8
:1032A00080B584B08DF80F0041F2E010C2F2034007
:1032B000407938B9FFE746F66940C0F60100FEF6EE
:1032C000E7FF6EE041F2E010C2F203400179012015
:1032D000022902900BD0FFE741F2E010C2F2034056
:1032E00000790338B0FA80F040090290FFE70298B5
:1032F00000F001008DF80E0046F6DC20C0F601005B
:10330000FFF67EFA9DF90F00B0F1FF3F20DCFFE7EA
:1033100041F2E010C2F20340807948B9FFE741F280
:10332000E010C2F2034040790138C0B2019008E0D9
:1033300041F2E010C2F2034080790138C0B201903E
:10334000FFE7019841F2E011C2F2034188710CE0FD
:1033500041F2E011C2F203414A798879431CB3FB80
:10336000F2F000FB12308871FFE741F2E010C2F288
:103370000340827941F27813C2F203430D2112FB1C
:1033800001321830FEF6BCFD46F6DC20C0F6010026
:10339000FEF67EFF9DF80E0018B1FFE700F0BCF8C6
:1033A000FFE704B080BD000080B586B08DF817003F
:1033B0009DF81710012088408DF8150041F2E010AB
:1033C000C2F2034001690391406904909DF81720FF
:1033D00041F20C10C2F2024050F8220088420AD892
:1033E000FFE79DF8171041F20C10C2F2024050F8AE
:1033F0002100029006E041F2E010C2F203400069B1
:103400000290FFE704980399029A891A884210D81B
:10341000FFE79DF8171041F20C10C2F2024050F87D
:10342000212041F2E011C2F2034148691044486191
:1034300006E041F2E011C2F2034108694861FFE78A
:103440009DF8172041F20C11C2F20241002041F810
:10345000220041F26410C2F2034000789DF815107A
:10346000084210D0FFE746F6A330C0F601000190F5
:10347000FFF6C6F9019A46F6CF01C0F60101002019
:1034800002F79EF845E041F2E010C2F203400079F5
:10349000042811D1FFE79DF81700FFF745FC50B154
:1034A000FFE79DF8152041F26411C2F2034108784C
:1034B00010430870FFE72CE041F2E010C2F2034035
:1034C0000079022824D1FFE79DF81700FFF754FB8D
:1034D0008DF816009DF91600B0F1FF3F07DCFFE7FD
:1034E00046F6C930C0F60100FFF68AF90FE09DF9F3
:1034F000160001280ADBFFE79DF8152041F2641150
:10350000C2F20341087810430870FFE7FFE7FFE7C6
:10351000FFE706B080BD000080B5F2B041F2E010D8
:10352000C2F20340407938B9FFE746F6D520C0F62D
:103530000100FEF6ADFEF6E0FEF6CEFDFEF6C0FCA6
:1035400025A802904FF49A71FCF76CFE02980B21AB
:103550008DF89810053041F2E011C2F203418A79EA
:1035600041F27813C2F203430D2112FB0132FEF641
:10357000C7FC029804A9FFF693F9012804D1FFE7DC
:103580009DF81500C0B1FFE741F2E011C2F203411E
:103590000620087146F63E30C0F60100FEF678FEC1
:1035A00046F6CF01C0F6010146F61B22C0F6010225
:1035B000022002F705F8B6E041F20911C2F2024119
:1035C000012008709DF8181041F2E010C2F203408B
:1035D000C1719DF8191001720799C16008990161C4
:1035E00000214161827941F27813C2F203430D2137
:1035F00012FB01321830FEF683FC0798FFF748FCF7
:1036000080B9FFE746F64E20C0F60100FFF6F8F855
:1036100041F2E011C2F20341062008710020FEF6DB
:1036200037FE80E041F26411C2F2034100200870CD
:1036300041F21811C2F20241087041F21912C2F2AD
:1036400002420121117041F20C11C2F202414860A4
:103650000860FFF791FA8DF80F009DF90F00B0F1A7
:10366000FF3F07DCFFE746F6D810C0F60100FFF683
:10367000C7F858E09DF90F00012814DBFFE740F67A
:103680002070C2F200404FF6E0710844FCF7CAFD1A
:1036900001200190FFF734FA019841F26411C2F25F
:1036A000034108701EE00120FFF766FA8DF80F0055
:1036B0009DF90F00B0F1FF3F07DCFFE746F6D81099
:1036C000C0F60100FFF69CF82DE09DF90F000128DF
:1036D00007DBFFE741F26411C2F2034102200870E8
:1036E000FFE7FFE741F2E011C2F203410220087157
:1036F00011F732FB41F21411C2F20241086046F6A2
:103700002530C0F60100FEF6C3FD46F6CF01C0F637
:10371000010146F6FD22C0F60102002001F750FF2C
:10372000FEF63EFCFFE772B080BD00000000000026
:1037300080B582B08DF8030040F60870C2F20040F8
:10374000006818B9FFE7002001900CE040F608700F
:10375000C2F2004000680DF1030100231A460EF08A
:103760002BFC0190FFE7019802B080BD0000000033
:1037700041F69811C2F2034100200870887070472A
:1037800082B0ADF80600BDF8061001200090C1B16E
:10379000FFE7BDF806100120B1F5784F009010D07A
:1037A000FFE7BDF806100120B1F5FC6F009008D0CE
:1037B000FFE7BDF806001F38B0FA80F0400900901E
:1037C000FFE7009800F0010002B070470000000021
:1037D00080B586B004900498102825D3FFE744F202
:1037E0003040C2F20340006845F24421C3F2571151
:1037F000884219D1FFE744F23040C2F2034080888A
:10380000012811D1FFE744F23040C2F20340C088E2
:10381000082809D1FFE744F23040C2F20340806833
:10382000B0F5806F04D9FFE700208DF8170059E04C
:1038300044F23040C2F203408068C0000290049815
:103840000299103188420ED1FFE7029944F23040CC
:10385000C2F2034000901030FFF6EEF80099C968FC
:10386000884204D0FFE700208DF817003AE00020DE
:103870000390FFE7039844F23041C2F203418968A4
:1038800088422BD2FFE7039944F23040C2F2034052
:1038900000EBC10010300190019908884988FFF6BB
:1038A0003FFD90B1FFE701988088FFF769FF60B1A5
:1038B000FFE701988079012807D8FFE7039840B90E
:1038C000FFE70198807920B9FFE700208DF8170005
:1038D00008E0FFE7039801300390CBE701208DF863
:1038E0001700FFE79DF8170006B080BD000000003C
:1038F00080B582B001900120ADF80200FFE7BDF86D
:10390000020042F20F71884263D8FFE70199442018
:1039100008700199522048700199412088700199DE
:103920005720C870BDF8020048F63811C0F24101B6
:10393000A0FB011049F69A11C1F69911A0FB0132C2
:1039400002EB8202A0EB420040F03000019A1071BD
:10395000BDF8020045F62942C0F28F22A0FB0220EA
:10396000A0FB013202EB8202A0EB420040F03000EB
:10397000019A5071BDF80200A0FB0120A0FB0132AA
:1039800002EB8202A0EB420040F03000019A9071FD
:10399000BDF80200A0FB012101EB8101A0EB410079
:1039A00040F030000199C87101990020087344F279
:1039B0002E40C5F252708860019800F075F808B981
:1039C000FFE70FE0FFE7BDF802000130ADF80200AD
:1039D00095E7019846F27252C0F611020D21FEF6EB
:1039E000F3FFFFE702B080BD85B003900291002095
:1039F0008DF80500FFE703989DF80510405C8DF8F1
:103A0000070002989DF80510405C8DF806009DF8AF
:103A1000070061280BDBFFE79DF807007A2806DC2A
:103A2000FFE79DF8070020388DF80700FFE79DF8B5
:103A3000060061280BDBFFE79DF806007A2806DC0C
:103A4000FFE79DF8060020388DF80600FFE79DF897
:103A500007009DF80610884204D0FFE700208DF88B
:103A600013001CE09DF8050001308DF80500FFE70C
:103A70009DF807100020009041B1FFE79DF8051068
:103A800000200D2938BF01200090FFE70098C007F3
:103A90000028B0D1FFE701208DF81300FFE79DF863
:103AA000130005B07047000080B584B0029000207C
:103AB0008DF80700FFE79DF8070041F69811C2F264
:103AC0000341097988421ADAFFE79DF8070041F6B9
:103AD0009812C2F203420D2110FB012050300299CE
:103AE000FFF782FF20B1FFE701208DF80F000AE009
:103AF000FFE79DF8070001308DF80700DBE70020A5
:103B00008DF80F00FFE79DF80F0004B080BD0000A6
:103B100080B584B000200390FFE7039841F6981128
:103B2000C2F20341896988423AD2FFE7039941F61C
:103B30009810C2F2034000EBC100F83002900298E6
:103B4000807918B9FFE7039858B9FFE7029802880F
:103B500043888088694608601046194605F7E4FCEA
:103B600019E0039941F69810C2F2034000EBC1003E
:103B7000F0300190019908884988DDF808C0BCF848
:103B80000020BCF80230BCF804C0EE46CEF800C0FD
:103B900005F7CAFCFFE7FFE7039801300390BCE795
:103BA00004B080BD0000000080B582B00190019A91
:103BB00041F69810C2F20340B8304021FEF604FFEF
:103BC00002B080BD0000000080B586B041F69810BC
:103BD000C2F2034090F90500002809D4FFE741F63E
:103BE0009810C2F2034001794079884209DBFFE76F
:103BF00046F23550C0F61100FFF7D6FFFFF6BCFBCA
:103C00004EE041F69810C2F2034042790D2112FBBA
:103C10000102503236300390FEF6D6FE03982E2174
:103C2000FCF62CFC0590059850B1FFE7059841F68D
:103C30009811C2F20341401A363880B2029009E06E
:103C400041F69810C2F203403630FCF622FC80B2F6
:103C50000290FFE70298ADF81200BDF8122041F67D
:103C60009811C2F20341019101F1430000903631F5
:103C7000FCF62EFC009A0199BDF812300020D054B9
:103C8000BDF812000882012008720220887146F2F5
:103C90003D00C0F61100FFF787FFFFF66DFBFFE761
:103CA00006B080BD0000000082B08DF803009DF8D2
:103CB0000300012806D1FFE746F28E10C0F611007E
:103CC000019031E09DF80300032806D1FFE746F29A
:103CD000A820C0F61100019026E09DF803000228FC
:103CE00006D1FFE746F21950C0F6110001901BE023
:103CF0009DF80300042806D1FFE746F24D30C0F6D8
:103D00001100019010E09DF80300062806D1FFE79E
:103D100046F26B00C0F61100019005E046F25A2011
:103D2000C0F611000190FFE7019802B07047000053
:103D300080B5D0B08DF83F0102A801904FF49A7180
:103D4000FCF770FA019811218DF80C109DF83F11C5
:103D500041F69812C2F20342D17101219171FF2103
:103D6000517146F20151C0F61101FFF655FB50B0FA
:103D700080BD00000000000080B582B0019000917D
:103D800001980099FFF630FFFEF7A2FE0000000048
:103D900084B003900398029049F6C550C8F21C10F5
:103DA000019000200090FFE700984B2812D8FFE711
:103DB00002980099415C019848400190019840F2B6
:103DC0009311C0F2001148430190FFE700980130C1
:103DD0000090E9E7019804B070470000000000007F
:103DE00080B582B00190019848B1FFE7019841F297
:103DF0004021C2F203415022FCF7E2F9FFE702B092
:103E000080BD00000000000080B598B044F2E041A1
:103E1000C5F60201086840F080500860BFF34F8F7C
:103E200000F0C2F9039041F24020C2F20340029038
:103E30005021FCF7F7F9029944F2D040C5F6020090
:103E400000680022C7F6FE721040486104A8FFF621
:103E50008FFE00B3FFE744F2D040C5F602000068D1
:103E60000021C7F6FE710840099004A80090FFF7F2
:103E70008FFF00991790039850220192FCF7A0F948
:103E8000FFF646FE0099019A41F24020C2F203403B
:103E9000FCF796F9FFE744F2D041C5F60201086845
:103EA00040F48030086043F6B441C2F20341002080
:103EB000087043F6AC41C2F20341087043F6A821F2
:103EC000C2F20341086018B080BD0000000000008D
:103ED00080B582B08DF8070000919DF80700009929
:103EE00000F0DEF8FEF7F4FD2DE9F04FADF5117DA1
:103EF000FFE712A804F778FA01282BD1FFE743F671
:103F0000B441C2F20341002008709DF84D00A0B9F1
:103F1000FFE745F6BC71C0F6010145F68D72C0F6AB
:103F20000102002001F74CFB00F03AF943F6AC41E6
:103F3000C2F20341012008700BE045F6BC71C0F6E7
:103F4000010145F67772C0F60102022001F738FB45
:103F5000FFE7CEE743F6AC40C2F20340007860B919
:103F6000FFE743F6B440C2F20340007828B9FFE708
:103F70007DA8FFF6FDFD08B9FFE78DE010F7ECFE28
:103F8000119043F6A820C2F20340006868B1FFE731
:103F9000119843F6A821C2F203410968401A41F280
:103FA0008731884201D8FFE776E0119843F6A821CF
:103FB000C2F2034108607DA800F13C027F9B80981B
:103FC0000E90DDF804C2DDF808E2839C849D859E96
:103FD000869FDDF81C82DDF82092DDF824A2DDF852
:103FE00028B28B9968460F9001630E980F99C1F81B
:103FF0002CB0C1F828A0C1F82490C1F82080CF616E
:104000008E614D610C61C1F80CE0C1F808C04A60D6
:10401000086043F6AC20C2F2034045F6B462C0F635
:1040200001024FF40071FCF775F810901098012808
:1040300005DBFFE71098B0F5007F01D3FFE72BE029
:1040400030A80D904FF49A71FCF7ECF80D980F2101
:104050008DF8C4104721ADF8CD1042F64861C4F682
:104060004C71CDF8C91045F24321C5F24131CDF86C
:10407000C51043F6AC21C2F20341799110997A91AF
:1040800003F0F2FF012807D1FFE743F6B441C2F283
:10409000034101200870FFE70DF5117DBDE8F08FA9
:1040A00080B59CB08DF86B00199100F07DF81890E8
:1040B00044F63141C4F2546104910120ADF814007A
:1040C0005020ADF8160018980068884205D1FFE727
:1040D000189880680130039002E001200390FFE708
:1040E000039806909DF86B000790EFF305801B90F6
:1040F0001B9848B9FFE710F713FE022804D1FFE729
:1041000010F72AFE029002E000200290FFE70298DA
:10411000089044F2D040C5F6020000680021C7F6BE
:10412000FE71084009904EF62850CEF2000000685B
:104130000A904EF62C50CEF2000000680B904EF61E
:104140003050CEF2000000680C904EF63C50CEF29B
:10415000000000680D904EF63850CEF20000006866
:104160000E904EF63450CEF2000000680F90002002
:1041700010901190129004A801903C301999FFF60C
:1041800053FC0198FFF704FE0199179018985022EC
:10419000FCF716F8FFF6BCFCBFF36F8F1CB080BDB8
:1041A00080B5FFF635FC80BD4FF0625070470000CF
:1041B00043F6B841C2F20341002008707047000086
:1041C00085B0049003910292049818B1FFE7039818
:1041D00008B9FFE728E0002001900298F8B1FFE756
:1041E000FFE702980199415C0020009049B1FFE788
:1041F0000198411C039A0020914238BF0120009091
:10420000FFE70098C00748B1FFE70298019A805C79
:1042100004998854019801300190E2E7FFE704997E
:10422000019A00208854FFE705B0704700000000A5
:1042300080B5012000F7F4FA80BD00000000000006
:1042400080B543F6B840C2F20340002101754177C2
:10425000007F48B1FFE743F6B841C2F203410020B6
:1042600008770120C87613E043F6B841C2F2034153
:104270000020487181F82F0181F84901C88145F675
:10428000AC50C0F6110000F7BBFA00F0FDFDFFE7EF
:1042900080BD00000000000080B5ADF5247D43F630
:1042A000B840C2F20340407F012851D1FFE7FFF63A
:1042B0003FFD48B1FFE743F6B840C2F203402F305C
:1042C00000F06AFD48B1FFE745F6A370C0F61100A3
:1042D00000F796FA00F0B4F9DAE057A809904FF425
:1042E0009A71FBF79FFF099801218DF86011053045
:1042F000069043F6B841C2F20341079101F12F0243
:104300000D210591FFF75CFF0599069A0798002398
:1043100008938DF87B31ADF87C3200F59E70FFF785
:104320004FFF079A08990998517745F67971C0F6B9
:10433000110100F7E5FA012809D0FFE743F6B8417B
:10434000C2F203410120487700F07AF9FFE79FE0CD
:1043500043F6B840C2F20340407F032856D1FFE73E
:10436000FFF6E6FCA8B1FFE743F6B841C2F203410D
:1043700001F12F0001F22F11FBF77EFF90B1FFE753
:1043800043F6B840C2F203402F3000F005FD48B1BB
:10439000FFE745F6A370C0F6110000F731FA00F010
:1043A0004FF975E043F6B841C2F2034101F12F0025
:1043B00001F22F11FBF760FF18B9FFE7FFF6A0FC31
:1043C00066E00AA804904FF49A71FBF72BFF04985B
:1043D00010218DF82C10053043F6B841C2F203418C
:1043E000029101F22F120D210391FFF7E9FE029ACB
:1043F0000399049812302F32FFF7E2FE049845F635
:104400006B71C0F6110100F77BFA40E043F6B8404B
:10441000C2F20340407F022838D1FFE743F6B8409C
:10442000C2F20340008CB0F5807F09D3FFE746F26B
:104430008900C0F6110000F7E3F900F001F927E068
:1044400043F6B841C2F2034101910A8C01F24910CE
:1044500000902F31FCF63CF8009A01990B8C00205B
:10446000D0540A8CCA810A8C0A6101220A754877E5
:10447000088481F82F0081F8220045F6EC70C0F620
:10448000110000F7BDF900F0FFFCFFE7FFE7FFE7D1
:104490000DF5247D80BD000080B586B004900498A1
:1044A00048B1FFE70498007828B1FFE70498007846
:1044B0007E2804D1FFE700208DF81700BBE00498A8
:1044C000FBF6E7FFADF80E00BDF80E0028B1FFE7E0
:1044D000BDF80E000D2804D3FFE700208DF817006B
:1044E000A9E000208DF80D008DF80C008DF80B0070
:1044F0008DF80A00FFE79DF80A00BDF80E1088420B
:1045000078DAFFE704989DF80A10405C2E2810D155
:10451000FFE79DF80D0020B9FFE79DF80C0020B9DA
:10452000FFE700208DF8170085E001208DF80D00D1
:104530005AE004989DF80A10405C21283FDBFFE711
:1045400004989DF80A10405C2F2838D0FFE70498A3
:104550009DF80A10405C5C2831D0FFE704989DF874
:104560000A10405C3A282AD0FFE704989DF80A1008
:10457000405C2A2823D0FFE704989DF80A10405C8D
:104580003F281CD0FFE704989DF80A10405C2228C1
:1045900015D0FFE704989DF80A10405C3C280ED027
:1045A000FFE704989DF80A10405C3E2807D0FFE71B
:1045B00004989DF80A10405C7C2804D1FFE7002095
:1045C0008DF8170037E09DF80D0030B1FFE79DF83A
:1045D0000B0001308DF80B0005E09DF80C00013058
:1045E0008DF80C00FFE7FFE79DF80A0001308DF819
:1045F0000A0080E79DF80D0040B1FFE79DF80B0031
:1046000020B9FFE700208DF8170014E09DF80C108A
:1046100000200829019008D8FFE79DF80B10002022
:10462000042938BF01200190FFE7019800F0010044
:104630008DF81700FFE79DF8170006B080BD000059
:10464000B0B586B043F6B840C2F20340407F0428BC
:104650000DD1FFE743F6B840C2F2034000F22F103D
:1046600045F67B51C0F6110105F00AFE4CE043F619
:10467000B840C2F20340407F012806D1FFE745F66B
:10468000C270C0F61100049011E043F6B840C2F2C7
:104690000340427F45F65F71C0F6110146F21410E7
:1046A000C0F61100032A08BF08460490FFE70498EB
:1046B0000590059843F6B844C2F2034404F122027F
:1046C00004F12F0394F81DC0A57FBCF1020F194619
:1046D00008BF114646F61872C0F60102BCF1020F7F
:1046E00008BF1A46238CBCF1020C18BF4FF0010C16
:1046F000EE46CEF8085004F24924CEF80440CEF835
:1047000000C005F751FCFFE706B0B0BD0000000097
:1047100083B08DF807009DF807000138014600912D
:10472000052824D80099DFE801F003090F15211BA3
:1047300046F28E10C0F6110002901EE046F2FB0019
:10474000C0F61100029018E045F68F60C0F6110027
:10475000029012E045F68B70C0F6110002900CE05A
:1047600046F25500C0F61100029006E0FFE745F65C
:10477000DE50C0F611000290FFE7029803B07047C8
:1047800080B582B043F6B840C2F20340007820B949
:10479000FFE700208DF8070055E043F6B840C2F26D
:1047A0000340407860B1FFE746F2BD00C0F611005B
:1047B00000F726F800F068FB01208DF8070042E0C2
:1047C00043F6B840C2F20340407F042813D1FFE70C
:1047D00043F6B841C2F2034100204877087745F616
:1047E000BE50C0F6110000F70BF800F04DFB0120A1
:1047F0008DF8070027E043F6B840C2F20340407F3F
:1048000030B1FFE7FFF67CFA01208DF807001AE0CF
:1048100043F6B840C2F20340407901280FD1FFE7C8
:1048200043F6B840C2F20340007D40B1FFE70120EB
:10483000009000F015FC00988DF8070003E00020C0
:104840008DF80700FFE79DF8070002B080BD00006B
:1048500080B586B0059043F6B840C2F203400078B8
:1048600050B1FFE7059838B1FFE743F6B840C2F210
:104870000340407808B1FFE717E243F6B840C2F2C0
:104880000340407F04285ED1FFE70598007808B117
:10489000FFE70AE205994888898804F719FF8DF82F
:1048A00012009DF8120001282DD1FFE743F6B84011
:1048B000C2F2034000214177007F38B1FFE743F6A1
:1048C000B841C2F203410120887606E043F6B841C0
:1048D000C2F2034101204876FFE743F6B841C2F235
:1048E000034101910020087700F01AFB01984078FD
:1048F00040B9FFE743F6B841C2F203410020887691
:104900004876FFE71EE09DF81200022803D1FFE77A
:10491000FFF796FC15E09DF81200032810D1FFE781
:1049200043F6B841C2F2034100204877087745F6C4
:10493000BE50C0F61100FFF663FF00F0A5FAFFE7D6
:10494000FFE7FFE7B1E143F6B840C2F20340407F22
:10495000C8B1FFE705980078A0B9FFE743F6B84073
:10496000C2F20340807F059A5188928804F064FC6B
:10497000ADF80B00BDF80B00ADF8100004A8FFF671
:104980006BFAFFE791E10598007803285DD1FFE716
:1049900043F6B840C2F203404079012801D1FFE755
:1049A00083E143F6B840C2F20340807805304AF60E
:1049B000AB21CAF6AA21A0FB011080088DF80D00DA
:1049C000059890F90600012819DBFFE743F6B84087
:1049D000C2F20340C07890B1FFE743F6B841C2F29B
:1049E0000341C8780138C8700020487545F61F702B
:1049F000C0F61100FFF604FF00F046FA24E0059827
:104A000090F90600B0F1FF3F1DDCFFE743F6B84028
:104A1000C2F20340C07801309DF80D10884212D2D6
:104A2000FFE743F6B841C2F20341C8780130C870CD
:104A30000020487545F62D70C0F61100FFF6E0FE27
:104A400000F022FAFFE7FFE72FE10598007808B1B0
:104A5000FFE72AE105994888898843F6B842C2F2FF
:104A6000034200925279013AB2FA82F2520904F0FA
:104A70002FFA014600988DF81310407901284DD186
:104A8000FFE79DF81300032803D1FFE700F0FCFACD
:104A900043E09DF81300042803D1FFE700F040FA3B
:104AA0003AE09DF81300052809D1FFE743F6B84026
:104AB000C2F2034000F22F10FFF6DEF82BE09DF863
:104AC00013000A2804D1FFE70320FFF6A9FE21E026
:104AD0009DF8130009281CD1FFE743F6B840C2F245
:104AE0000340007D20B1FFE7002000F0B9FA0FE09D
:104AF00043F6B841C2F2034100204871487546F2BE
:104B00004610C0F61100FFF67BFE00F0BDF9FFE78E
:104B1000FFE7FFE7FFE7FFE7FFE7C6E00599488803
:104B2000898804F0B5FA8DF80F009DF90F00002870
:104B300026D4FFE743F6B841C2F20341C87800EB40
:104B400040029DF80F0000EB42008DF80E009DF82A
:104B50000E008978884212DAFFE79DF80E0043F6CE
:104B6000B841C2F2034108710020487545F6226041
:104B7000C0F61100FFF644FE00F086F9FFE794E06E
:104B80009DF81300012803D1FFE7FFF751FB8CE0EC
:104B90009DF81300022803D1FFE7FFF6CDFD83E067
:104BA0009DF81300052821D1FFE743F6B840C2F273
:104BB000034090F90400002817D4FFE743F6B840FB
:104BC000C2F203408178007988420EDAFFE743F6AB
:104BD000B840C2F20340017901EB410100EB011042
:104BE00000F53370FFF648F8FFE75CE09DF813002E
:104BF000062819D1FFE743F6B840C2F20340C07857
:104C000090B1FFE743F6B841C2F20341C8780138DA
:104C1000C8700020487545F61F70C0F61100FFF6F9
:104C2000EFFD00F031F93DE09DF81300072829D190
:104C3000FFE743F6B840C2F20340817805314AF6F7
:104C4000AB22CAF6AA22A1FB022189088DF80D1019
:104C5000C07801309DF80D10884212D2FFE743F66C
:104C6000B841C2F20341C8780130C87000204875CD
:104C700045F62D70C0F61100FFF6C2FD00F004F9F4
:104C8000FFE70EE09DF81300082809D1FFE743F67F
:104C9000B841C2F2034100204875FFF691FDFFE7DD
:104CA000FFE7FFE7FFE7FFE7FFE706B080BD000093
:104CB00080B586B0049004982E21FBF6DFFB0390AC
:104CC000039830B1FFE70398FBF6E3FB042804D018
:104CD000FFE700208DF8170057E0039840788DF823
:104CE0000B00039880788DF80A000398C0788DF83F
:104CF00009009DF80B0061280BDBFFE79DF80B0016
:104D00007A2806DCFFE79DF80B0020388DF80B00B1
:104D1000FFE79DF80A0061280BDBFFE79DF80A001A
:104D20007A2806DCFFE79DF80A0020388DF80A0093
:104D3000FFE79DF8090061280BDBFFE79DF80900FC
:104D40007A2806DCFFE79DF8090020388DF8090075
:104D5000FFE79DF80B100020542901900FD1FFE7C9
:104D60009DF80A1000205829019008D1FFE79DF80E
:104D700009005438B0FA80F040090190FFE701982B
:104D800000F001008DF81700FFE79DF8170006B04E
:104D900080BD00000000000083B0019000208DF86D
:104DA0000300FFE79DF8030043F6B841C2F2034158
:104DB000897888425DDAFFE700208DF80200FFE77E
:104DC0009DF8030000EB400143F6B840C2F20340F7
:104DD00000EB01109DF80210084490F8CC028DF809
:104DE000010001989DF80210405C8DF800009DF8CC
:104DF000010061280BDBFFE79DF801007A2806DC43
:104E0000FFE79DF8010020388DF80100FFE79DF8CD
:104E1000000061280BDBFFE79DF800007A2806DC24
:104E2000FFE79DF8000020388DF80000FFE79DF8AF
:104E300001009DF80010884201D0FFE712E09DF8C4
:104E4000010020B9FFE701208DF80B0015E09DF867
:104E5000020001308DF80200FFE79DF802000D28E6
:104E6000AED3FFE7FFE79DF8030001308DF80300A4
:104E700098E700208DF80B00FFE79DF80B0003B0CA
:104E8000704700000000000080B582B043F6B840D3
:104E9000C2F20340007808B9FFE73CE043F6B840AF
:104EA000C2F20340407F18B1FFE7FFF7C9FB32E0D1
:104EB00043F6B840C2F203404079012815D1FFE71C
:104EC00043F6B841C2F203410A690B7D4878EC46CB
:104ED000CCF8040001F24920CCF8000001F22F10B8
:104EE00001F2491104F720FF15E043F6B840C2F281
:104EF000034090F801C08178C27890F90430EE4602
:104F0000CEF804C000F2492CCEF800C000F5337092
:104F100005F05EFAFFE702B080BD0000000000006F
:104F200080B5D0B043F6B840C2F20340807D48B1AE
:104F3000FFE746F2D800C0F61100FFF661FCFFF76C
:104F4000A3FF3AE043F6B840C2F20340007D48B9FF
:104F5000FFE746F20900C0F61100FFF651FCFFF72B
:104F600093FF2AE003A802904FF49A71FBF75AF9D5
:104F7000029803218DF81010053043F6B841C2F2B3
:104F80000341019101F22F120D21FFF719F9019947
:104F900002981F30CA8901F24911FBF699FA019A69
:104FA0000298D189ADF82C110021517545F6087190
:104FB000C0F61101FFF6A4FCFFE750B080BD000071
:104FC00080B582B043F6B840C2F2034090F83C018D
:104FD00008B9FFE73FE000208DF80700FFE79DF8E4
:104FE000070043F6B841C2F20341897888422ADAC1
:104FF000FFE79DF8070000EB400043F6B841C2F21E
:10500000034101EB001000F5337001F59E71FBF7D1
:1050100033F988B9FFE79DF8070043F6B841C2F2BB
:10502000034108719DF807004AF6AB22C2F6AA2296
:10503000A0FB0220C87006E0FFE79DF807000130E2
:105040008DF80700CBE743F6B841C2F203410020D8
:1050500081F83C01FFE702B080BD000000000000C5
:1050600080B582B08DF8070043F6B841C2F2034123
:10507000042048779DF80700002818BF0120087712
:10508000FFF7DEFA02B080BD80B582B043F6B840CB
:10509000C2F20340807D48B1FFE745F63D60C0F6AF
:1050A0001100FFF6ADFBFFF7EFFE37E043F6B84027
:1050B000C2F203400221417700218177C189018436
:1050C000008CB0F5807F07D3FFE743F6B841C2F20A
:1050D0000341FF200884FFE743F6B841C2F20341D1
:1050E00001910A8C01F12F00009001F24911FBF6A9
:1050F000EFF9009A01990B8C0020D05401F12200A5
:1051000001F22F120D21FFF75BF846F2AC10C0F64A
:105110001100FFF675FBFFF793FAFFE702B080BDC1
:1051200080B5FFE740F65C10C2F2004002F03CFCA4
:10513000012807D1FFE740F65C10C2F20040FFF6FD
:105140004BF8EFE780BD0000B0B584B00390039842
:1051500008B9FFE747E00FF7CBF8039900914AF24F
:105160002812C2F20342019210685368D2F808C0B4
:10517000D2F80CE0146955694D610C61C1F80CE07E
:10518000C1F808C04B6008609069D369D2F820C0AC
:10519000D2F824E0946AD56ACD628C62C1F824E02A
:1051A000C1F820C0CB618861106B526B4A63086301
:1051B00000200290FFE70298042811D8FFE7029A26
:1051C0004AF22810C2F2034000EB82000069039902
:1051D00001EB82010861FFE7029801300290EAE7E3
:1051E0000FF7B6F8FFE704B0B0BD00000000000004
:1051F00044F60001C5F600014AF6AA20086070478F
:1052000080B582B044F27440C5F60200016841F0F6
:1052100001010160022101226423FFF65DFC20B937
:10522000FFE700208DF807003EE041F25401C5F68B
:105230000041086840F48020086044F60001C5F68B
:1052400000014CF6CC40086045F25550086044F629
:105250000401C5F600010620086044F60801C5F601
:10526000000140F25370086044F60C00C5F60000DF
:105270000321002241F65833FFF62EFC20B9FFE748
:1052800000208DF807000FE044F60001C5F600018C
:105290004AF6AA2008604AF28821C2F2034101209E
:1052A00008708DF80700FFE79DF8070002B080BD89
:1052B00081B08DF803009DF8031042F6E030C0F68F
:1052C000110050F8210001B07047000000000000FC
:1052D00082B000900098182804D3FFE703208DF8CF
:1052E000070013E00098102804D3FFE702208DF890
:1052F00007000BE00098082804D3FFE701208DF891
:10530000070003E000208DF80700FFE79DF8070085
:1053100002B070470000000082B00090009818288A
:1053200004D3FFE70020ADF8060013E00098102832
:1053300004D3FFE72120ADF806000BE00098082811
:1053400004D3FFE71020ADF8060003E00A20ADF813
:105350000600FFE7BDF8060002B07047000000003D
:1053600080B588B006900591069818B1FFE70598BA
:1053700018B9FFE7002007900BE149F62C61C2F253
:1053800003410868013008600FF7E6FC04900598B7
:105390000078012879D1FFE749F63061C2F2034174
:1053A00008680130086049F60460C2F203400078E2
:1053B00080B1FFE749F6F450C2F203404078059906
:1053C0004978884206D0FFE7069804990122FFF643
:1053D000C3FBFFE706980CF087F903900398FFF7EB
:1053E0009BFFADF80A0049F60460C2F20340007862
:1053F00078B1FFE749F61C61C2F203410868013049
:1054000008604AF27011C2F2034108680130086076
:1054100022E0BDF80A00B0B1FFE7049846F254411B
:10542000C2F203410968401A0190BDF80A004FF426
:105430007A72A0FB02010023FAF7F3FD01460198FE
:10544000884208D2FFE74AF27011C2F203410868AD
:1054500001300860FFE7FFE7059908684A688B6834
:10546000D1F80CC049F6F451C2F20341C1F80CC0A6
:105470008B604A6008600498886049F60461C2F253
:10548000034101200870079083E005980078032805
:1054900072D1FFE749F63461C2F203410868013076
:1054A000086049F61860C2F203400078002843D033
:1054B000FFE749F60860C2F2034090F906000021B8
:1054C00000280846C8BF0120059A92F90620002A44
:1054D000C8BF012188422FD1FFE749F60860C2F218
:1054E000034090F90600059991F906100844ADF8BB
:1054F0000800BDF90800802804DBFFE77F20ADF835
:105500000800FFE7BDF9080010F1800F05DCFFE798
:105510004FF68170ADF80800FFE79DF8080049F6E6
:105520000861C2F2034188714AF27411C2F2034168
:105530000868013008601CE0069804990022FFF614
:105540000BFB059908684A688B68D1F80CC049F6CE
:105550000861C2F20341C1F80CC08B604A60086068
:105560000498886049F61861C2F20341012008706E
:10557000FFE7012007900CE00698049901220092B1
:10558000FFF6EAFA009A06980599FFF671FF079070
:10559000FFE7079808B080BD80B582B00EF7A8FE7F
:1055A00046F26841C2F203410020019048708870C1
:1055B0004868013048600EF7CBFE019847F274410D
:1055C000C2F20341887046F2F250C0F6110000F7B3
:1055D000F3F8012000F700F900F7CAF802B080BD27
:1055E00085B0049003910292049818B1FFE70398E4
:1055F00008B9FFE728E0002001900298F8B1FFE722
:10560000FFE702980199415C0020009049B1FFE753
:105610000198411C039A0020914238BF012000905C
:10562000FFE70098C00748B1FFE70298019A805C45
:1056300004998854019801300190E2E7FFE704994A
:10564000019A00208854FFE705B070470000000071
:1056500080B5D0B0002000F7BFF8FFF6FDFF029044
:10566000029848B9FFE746F2A260C0F6110000F7C1
:10567000A3F800F77DF839E003A801904FF49A7180
:10568000FAF7D0FD019807218DF81010053046F289
:105690007A62C0F611020D21FFF7A2FF019847F2CE
:1056A0007441C2F203414C314C9102994D9102F088
:1056B000DBFC012809D0FFE746F26B00C0F61100C1
:1056C00000F77AF800F754F810E047F27441C2F29C
:1056D0000341012048700020887046F23C60C0F60B
:1056E000110000F769F800F743F8FFE750B080BDFC
:1056F00080B584B003900291039844F20751CCF234
:105700002E21A0FB0121090C40F2A3225143A0EB62
:10571000C110039003994BF2C530C9F2A210A1FB4E
:105720000021C90A0191039AA2FB0010C00A4FF49C
:10573000616100FB112044F24541C0F24441A0FBED
:1057400001100090039848F68901C8F68801A0FB73
:10575000011251090901A1EB5211A0EB8100039044
:1057600001984CF6CD41CCF6CC41A0FB0102302093
:1057700000EBD202029B1A70019AA2FB01C3DB0864
:1057800003EB8303A2EB430242F03002029B5A7008
:10579000029B3A229A70009BA3FB01C300EBD30348
:1057A000DDF808C08CF80330009BA3FB01EC4FEA46
:1057B000DC0C0CEB8C0CA3EB4C0343F03003DDF85A
:1057C00008C08CF80430029B5A71039AA2FB013284
:1057D00000EBD200029A90710398A0FB0121C90846
:1057E00001EB8101A0EB410040F030000299C8714B
:1057F00002990020087204B080BD00000000000083
:1058000080B582B0019047F27440C2F20340007844
:1058100050B1FFE7019838B1FFE747F27440C2F298
:105820000340407808B1FFE7D1E047F27440C2F28C
:1058300003400079811D44F62510C2F29240A1FB7D
:105840000020091A00EB510080088DF80200019831
:105850000078032845D1FFE7019890F90600012858
:1058600019DBFFE747F27440C2F20340C07890B101
:10587000FFE747F27441C2F20341C8780138C870AB
:105880000020887046F26B60C0F61100FFF694FFAE
:10589000FFF66EFF24E0019890F90600B0F1FF3F9B
:1058A0001DDCFFE747F27440C2F20340C0780130CC
:1058B0009DF80210884212D2FFE747F27441C2F20B
:1058C0000341C8780130C8700020887046F25C60DF
:1058D000C0F61100FFF670FFFFF64AFFFFE7FFE793
:1058E00075E00198007808B1FFE770E001994888F9
:1058F000898803F7B5FF8DF803009DF803000128A0
:105900001AD1FFE747F27440C2F20340807878B9B9
:10591000FFE747F27441C2F203410120887046F26A
:105920008560C0F61100FFF647FFFFF621FF02E099
:10593000FFF732FEFFE74AE09DF80300022803D19B
:10594000FFE7FFF785FE41E09DF80300032819D12A
:10595000FFE747F27440C2F20340C07890B1FFE71E
:1059600047F27441C2F20341C8780138C870002080
:10597000887046F26B60C0F61100FFF61DFFFFF65F
:10598000F7FE22E09DF8030004281DD1FFE747F24F
:105990007440C2F20340C07801309DF80210884282
:1059A00012D2FFE747F27441C2F20341C8780130D6
:1059B000C8700020887046F25C60C0F61100FFF6E7
:1059C000FBFEFFF6D5FEFFE7FFE7FFE7FFE702B0CC
:1059D00080BD00000000000080B582B00EF788FC9A
:1059E00046F26840C2F20340007870B9FFE746F221
:1059F0006840C2F20340019041F20801FAF712FC3C
:105A00000199012008704860FFE70EF7A1FC02B081
:105A100080BD00000000000082B08DF803009DF8FA
:105A20000300022806D1FFE746F2B460C0F6110079
:105A3000019010E09DF80300012806D1FFE746F22F
:105A4000E130C0F60100019005E046F2ED30C0F60D
:105A500001000190FFE7019802B0704700000000CC
:105A600080B582B0FFF7B8FF47F27440C2F203403E
:105A7000009042F64C01FAF7D5FB00990120019005
:105A8000087046F2BA60C0F61100FFF695FE019864
:105A9000FFF6A2FEFFF66CFE02B080BD0000000023
:105AA00080B5A0B0FFE702A801F0BEFF01282FD10A
:105AB000FFE747F27441C2F20341002048709DF8AD
:105AC0000D0090B9FFE746F21D60C0F61100FFF629
:105AD00073FE46F2F941C0F6010146F20962C0F6D2
:105AE00011020020FFF66CFD11E046F2D950C0F61D
:105AF0001100FFF661FE46F2F941C0F6010146F2DF
:105B0000C852C0F611020220FFF65AFDFFE7CAE7AD
:105B10000EF7EEFB46F26840C2F203404068019087
:105B20000EF716FC47F27440C2F20340007878B1D9
:105B3000FFE747F27440C2F203408068019988424F
:105B400006D0FFE70020FFF647FEFFF611FEFFE755
:105B500020B080BD0000000080B582B001900198A7
:105B600008B9FFE70CE00EF7C3FB019849F6D841EE
:105B7000C2F20341A422FAF723FB0EF7E9FBFFE789
:105B800002B080BD0000000080B5FFF6E1FE49F6DE
:105B90008050C2F20340007CC00730B1FFE7022012
:105BA0000022114600F06CF8FFE749F68051C2F27E
:105BB000034100208881C88108744874887480BDBE
:105BC00081B00090009849F68051C2F2034108600C
:105BD0004FF4C8704860F020886000208881C88138
:105BE00008744874887401B0704700000000000019
:105BF00049F68050C2F203404068B0F1FF3F07DC35
:105C0000FFE749F68051C2F203410020486011E0ED
:105C100049F68050C2F203404068B0F5487F08DB87
:105C2000FFE749F68051C2F2034140F21F3048605D
:105C3000FFE7FFE749F68050C2F203408068B0F109
:105C4000FF3F07DCFFE749F68051C2F20341002025
:105C5000886011E049F68050C2F203408068B0F5D8
:105C6000F07F08DBFFE749F68051C2F2034140F2C2
:105C7000DF108860FFE7FFE77047000000000000CA
:105C800080B586B08DF817008DF816108DF81520A8
:105C90009DF817008DF8040001208DF8050049F6E5
:105CA0008050C2F2034000904168ADF80610806851
:105CB000ADF808009DF816008DF80A009DF8150053
:105CC0008DF80B000FF748F8014600980391006823
:105CD00001A9FFF745FB06B080BD000000000000F1
:105CE00080B584B0039049F69450C2F20340007826
:105CF00038B1FFE7039820B1FFE70398007808B1B7
:105D0000FFE796E003994888898803F071FC8DF8D5
:105D10000B009DF80B0008B9FFE78AE09DF80B0027
:105D2000012804D1FFE703208DF80A007CE09DF8EC
:105D30000B00022804D1FFE701208DF80A0072E071
:105D40009DF80B00032804D1FFE702208DF80A001C
:105D500068E09DF80B00042804D1FFE704208DF8CB
:105D60000A005EE09DF80B00052804D1FFE705203E
:105D70008DF80A0054E09DF80B00072804D1FFE7D6
:105D800006208DF80A004AE09DF80B00082804D18F
:105D9000FFE707208DF80A0040E09DF80B00092876
:105DA00005D0FFE79DF80B000A2832D1FFE700F08D
:105DB00077FF8DF809009DF80B00092812D1FFE745
:105DC0009DF80900192806D3FFE79DF80900193846
:105DD000C0B2019002E000200190FFE701988DF829
:105DE000090011E09DF809004B2806D8FFE79DF84F
:105DF00009001930C0B2009002E064200090FFE773
:105E000000988DF80900FFE79DF8090001F79CFB59
:105E10000FE000208DF80A00FFE7FFE7FFE7FFE74C
:105E2000FFE7FFE7FFE7FFE79DF80A00FDF780FCCB
:105E3000FFE704B080BD000080B588B007900691F0
:105E400049F64C60C2F203400230FFF6B9FF0590FC
:105E50000798FFF6B5FF049004980599884207D289
:105E6000FFE70699079A106852684A6008600EE0DA
:105E700004980599401A039003980021019100901D
:105E8000059800990844069900F74AF9FFE708B019
:105E900080BD00000000000010B584B002460392EF
:105EA00046F60150C0F611000190C17990F808E063
:105EB00090F809C0837A303964240EFB04F44FF45F
:105EC0007A7E11FB0E410CEB8C0C01EB4C0119445A
:105ED00041F2D043C91A1180FFF6F6FF039902463A
:105EE00001988A7040793038C8700120087146F6F0
:105EF000F840C0F611000290FFF6D6FF039A014663
:105F0000029851710330FFF6CFFF039A01460298C1
:105F100091710630FFF6C8FF01460398C171FFF684
:105F20004FFF039944F20752CCF22E22A0FB02024B
:105F3000052000EB124044F62512C2F29242A0FB6B
:105F40000232A2EBC20210440130087104B010BD4D
:105F500080B584B0ADF80E00002002904FF4FA60D6
:105F6000ADF80600FFE7BDF80600BDF80E10884248
:105F700014DAFFE7BDF8060000F02AF940F26D11CF
:105F8000002818BF4FF4B771029808440290FFE749
:105F9000BDF806000130ADF80600E4E7029804B051
:105FA00080BD00000000000082B0009049F64C6007
:105FB000C2F20340007818B1FFE7009820B9FFE76C
:105FC00000208DF807000EE0009949F64C62C2F2FD
:105FD0000342D2F80A00D2F80E204A60086001207D
:105FE0008DF80700FFE79DF8070002B0704700003A
:105FF00080B584B001A8FFF7D7FF58B9FFE70EF7C7
:10600000ABFE44F6D351C1F26201A0FB011080093E
:1060100003900FE09DF809009DF80A209DF80B10F1
:106020004FF461635843C2EB021200EB8200084454
:106030000390FFE7039804B080BD0000000000005B
:10604000B0B58EB049F64C60C2F20340407808B15A
:10605000FFE7B2E009F7C8F949F64C61C2F2034123
:1060600001204870002008700DF1370000F74CF84F
:1060700038B9FFE746F64D40C0F61100FAF6DCF9F4
:106080009BE046F63740C0F61100FAF6D5F90BA8AA
:10609000FFF666FF8DF8350007A8FFF7FDFE0798AD
:1060A00008990A9109909DF835100120069029B1B0
:1060B000FFE79DF83700C0090690FFE7069800F05B
:1060C00001008DF834009DF8340030B3FFE70998E3
:1060D0000A990C910B900BA800F72AF938B9FFE741
:1060E00046F66640C0F61100FAF6A6F965E09DF89E
:1060F000370000F07F008DF837000F200DF13701D9
:10610000012200F74DF908B9FFE756E046F6824054
:10611000C0F61100FAF690F9FFE70E200DF13601F6
:106120000122FFF691FFA0B1FFE79DF836000006BF
:1061300000280DD5FFE79DF8360000F07F008DF8B0
:1061400036000E200DF13601012200F729F9FFE794
:10615000FFE749F64C61C2F2034105910B980C9A96
:10616000C1F80620C1F802000B980C9AC1F80E2065
:10617000C1F80A000EF7F0FD05994861012008708A
:10618000BDF82C109DF82E209DF82F309DF8310081
:106190009DF832E09DF83340EC460025CCF80C50D9
:1061A000CCF80840CCF804E0CCF8000046F6B1404A
:1061B000C0F61100FAF640F9FFE70EB0B0BD0000DE
:1061C00049F64C60C2F203400078704700000000BE
:1061D00081B0ADF802009DF8020000F00300B0FAB3
:1061E00080F0400901B0704780B584B049F64C603A
:1061F000C2F20340007808B9FFE722E00EF7ACFDD9
:106200000390039849F64C61C2F203414969401A70
:10621000F92801D8FFE714E0039849F64C61C2F26F
:106220000341486101A8FFF69BFE50B1FFE749F624
:106230004C60C2F2034000F10A0101A8FFF7FCFD27
:10624000FFE704B080BD000083B08DF807009DF922
:10625000070001460091052829D80099DFE801F0E0
:1062600003090F151B2145F6A820C0F61100029066
:1062700023E045F6D120C0F6110002901DE045F65E
:106280007920C0F61100029017E045F6C520C0F64F
:106290001100029011E045F69920C0F6110002901D
:1062A0000BE045F6B520C0F61100029005E045F67A
:1062B0008620C0F611000290FFE7029803B07047F5
:1062C00080B582B00090FFF77BFF20B1FFE7FFF7BA
:1062D0008FFE019009E0009844F6D351C1F26201AB
:1062E000A0FB011080090190FFE7019802B080BD7A
:1062F00080B584B003900291019203990320087045
:106300000399FF2081F82400039900204871039924
:1063100088710198FFF7D4FF0399086101980399E8
:10632000C861029908798968039A126903F074FDBB
:10633000039991F8210091F8221005F7C5FA039806
:1063400090F92300002806D4FFE7039890F9230072
:1063500003F04EFAFFE703990889498903F038F9F9
:1063600004B080BD0000000080B5B0B02F902E9129
:106370002D922C932F9890F9240004285AD1FFE7EE
:106380002D980078002855D1FFE72D9948888988F5
:1063900003F7C2FA8DF8AF009DF8AF0001280FD1C6
:1063A000FFE70120FFF6E0F845F63041C0F61101A5
:1063B00045F63932C0F611020020FFF601F914E16A
:1063C0009DF8AF0004280DD1FFE702A80190FFF768
:1063D000C3FB03F73DFB0199B0FA80F0400903F7D6
:1063E0003FFB02E19DF8AF0002280FD1FFE702203A
:1063F000FFF6BAF845F63041C0F6110145F66232B3
:10640000C0F611020120FFF6DBF8EEE09DF8AF00C8
:1064100003280ED1FFE7FEF6CBFE45F63041C0F66D
:10642000110145F6FA32C0F611020020FFF6C8F855
:10643000DBE0FFE72D980078C8B9FFE72D99488881
:10644000898802F005F990B1FFE72F99012081F8C2
:10645000200000F759F945F6D731C0F6110145F68D
:10646000C332C0F611020020FFF6AAF8BDE02D9855
:106470004078022822D0FFE72F9890F924000128C5
:1064800005D1FFE72D984078012817D1FFE72D9817
:10649000007828B1FFE72D98007801280ED1FFE79A
:1064A0002D9840882F9908812D9880882F994881B0
:1064B0002F990889498903F08BF8FFE72D98007818
:1064C00004280DD0FFE72D980078002858D1FFE769
:1064D0002D994888898802F7DBF9002850D0FFE71A
:1064E0002F9890F9240040B9FFE7FEF749F908B169
:1064F000FFE77AE0FDF75CFE2CE02F9890F924008E
:10650000012808D1FFE7FCF6DBFA08B1FFE76CE0F1
:10651000FDF72EF91DE02F9890F92400022803D1F1
:10652000FFE7FFF60DFB13E02F9890F924000328F6
:1065300003D1FFE7FFF614F909E02F9890F9240042
:10654000052803D1FFE700F08FFBFFE7FFE7FFE738
:10655000FFE7FFE746F20A41C0F6010145F6DD22FA
:10656000C0F611020020FFF62BF82F9991F82400B5
:1065700081F823002F982E992C9AFFF7B9FE34E06A
:106580002F9890F9240020B9FFE72D98FEF760F9C5
:106590002BE02F9890F92400012804D1FFE72D98D3
:1065A000FCF6D2FA20E02F9890F92400022804D1BA
:1065B000FFE72D98FFF794FB15E02F9890F9240042
:1065C000032804D1FFE72D98FFF71AF90AE02F9866
:1065D00090F92400052804D1FFE72D9800F778FAF8
:1065E000FFE7FFE7FFE7FFE7FFE730B080BD000010
:1065F00080B586B005900491039202930398407889
:10660000012817D1FFE70398007828B1FFE7039826
:10661000007801280ED1FFE703984088059908818A
:10662000039880880599488105990889498902F06D
:10663000CFFFFFE70398007808B1FFE74BE003992D
:106640004888898802F050FF8DF807009DF90700FF
:10665000002821D4FFE79DF9070009281CDCFFE78B
:106660000598407903280CD8FFE79DF807003030E3
:1066700005994A7911444870059948790130487163
:10668000FFE705994879897946F2AE32C0F60102F2
:10669000002305F7A9FA1EE09DF907000A280DD18D
:1066A000FFE70598002343710598817946F201625E
:1066B000C0F61102184605F797FA0BE09DF907009E
:1066C0000B2806D1FFE705980499029A00F0C4F858
:1066D000FFE7FFE7FFE706B080BD00000000000015
:1066E00080B586B00490039103980078052809D0FE
:1066F000FFE703980078062804D0FFE700208DF814
:10670000170070E0049890F821008DF80B000498B1
:1067100090F822008DF80A000499012081F82100E8
:10672000039800780538B0FA80F04009049981F8A0
:106730002200049890F8220010B3FFE79DF80B1098
:106740000020019039B1FFE79DF80A00B0FA80F00F
:1067500040090190FFE70198C10745F61430C0F6E3
:10676000110045F6F022C0F61102002918BF0246BA
:1067700045F66E21C0F611010020FEF621FF21E052
:106780009DF80B100020009039B1FFE79DF80A003A
:10679000002818BF01200090FFE70098C10745F6C8
:1067A0002630C0F6110045F60032C0F6110200296D
:1067B00018BF024645F66E21C0F611010120FEF613
:1067C000FFFEFFE704980078032808D1FFE704994B
:1067D00091F8210091F8221005F776F8FFE70120E3
:1067E0008DF81700FFE79DF8170006B080BD000088
:1067F00083B0019001984079042804D0FFE700207D
:106800008DF80B0024E000208DF80300FFE79DF8D1
:106810000300032818D8FFE701989DF803201044CF
:10682000407845F62801C0F61101895C884204D001
:10683000FFE700208DF80B000AE0FFE79DF803005A
:1068400001308DF80300E2E701208DF80B00FFE72F
:106850009DF80B0003B0704780B586B00590049199
:1068600003920598407903280BD8FFE705994879EA
:10687000897945F6EB32C0F61102012305F7B4F928
:1068800053E00598FFF7B4FF88B1FFE745F69B3169
:10689000C0F6110145F6DD32C0F611020020FEF609
:1068A0008FFE05980499039AFFF722FD3DE00599B4
:1068B00000204871059988790130887105988079A0
:1068C00003281DD3FFE745F69B31C0F6110146F2C0
:1068D000F902C0F6010202200290FEF671FE029853
:1068E00005990870039842F2107108440599C86030
:1068F00005990A2048610598406903F775FC14E082
:1069000045F69B31C0F6110145F67932C0F6110209
:10691000009201200190FEF653FE009A019B05981B
:106920008179002005F760F9FFE706B080BD00001F
:1069300080B5B2B0319030912F92FEF7F1FB3198D3
:106940000078042821D1FFE7319890F92400E0B9BC
:10695000FFE7FEF62DF8C0B1FFE7FDF729FC46F290
:106960000A41C0F6010145F6DD22C0F61102002001
:10697000FEF626FE319991F8240081F82300319823
:1069800030992F9AFFF7B4FCBEE0FCF605FFFFF646
:1069900027F9FFF785F800F02FFAFFF725FC00F73D
:1069A00083F82B90FFF69CFE98BBFFE731980078A8
:1069B00001280AD0FFE731980078032805D0FFE7C7
:1069C00031980078042824D1FFE72B9808B3FFE71B
:1069D0002F983199C969401A01902B984FF47A7217
:1069E0005043A0FB02010023F9F71BFB014601986D
:1069F00088420ED3FFE7FFF687FE45F6D731C0F693
:106A0000110145F60C42C0F611020020FEF6D8FD39
:106A10007AE03198007860B9FFE72F983199C9681A
:106A2000FFF60EFD28B1FFE731983099FFF67CFDA7
:106A30006AE03198007802282ED1FFE72F9831992B
:106A4000C968FFF6FDFC40B1FFE73199002088716D
:106A500031983099FFF668FD1DE03198C0682F9994
:106A6000401A2D902D9800F2E73044F6D351C1F230
:106A70006201A0FB011080092C902C983199496982
:106A8000884207D0FFE72C98319948612C9805F788
:106A900077F8FFE7FFE736E031980078032812D156
:106AA000FFE72F98FFF70CFC2E902E98319909697B
:106AB000884207D0FFE72E98319908612E9804F09C
:106AC00063FDFFE71EE031980078042819D1FFE745
:106AD000319890F92400042813D1FFE72F983199B9
:106AE0008969401AB0F5FA7F0BD3FFE72F983199E7
:106AF000886102A80090FFF72FF8009805F720F9A9
:106B0000FFE7FFE7FFE7FFE732B080BD00000000CE
:106B100080B588B00DF7ECFBFFE744F2E041C5F625
:106B20000201086840F002000860FFE744F2E84113
:106B3000C5F60201086840F00200086040F200401B
:106B4000C4F20000079000230693036040F228413E
:106B5000C4F200010920086040F22C41C4F2000197
:106B600040F2E730086040F21841C4F200010868C2
:106B700048F6FF42CFF6FF6210400860086840F414
:106B8000D040086040F22041C4F20001086820F0C3
:106B9000A0000860086840F01000086040F214414E
:106BA000C4F20001012008606946486003200860C3
:106BB00040F20040C5F60200039020210491022219
:106BC000059209F069FF03980499059A0CF7F0FD06
:106BD000069849F67561C2F203410870FFF660FD40
:106BE0000799812008600DF7B3FB08B080BD000055
:106BF00080B50DF77DFB49F67561C2F203410020B7
:106C00000870FFF64DFD0DF7A3FB80BD00000000EE
:106C100080B582B0019001984079FEF68DFC019814
:106C2000807902F071FE0198C079FFF67DFD019830
:106C3000007AFBF625FD02B080BD000000000000D8
:106C400080B582B001900091019800F765FC4AF28E
:106C5000AC01C2F203410120C870009800F09CF81A
:106C600000F7CAFB02B080BD4AF2AC01C2F2034198
:106C700000204870C8717047014600208860486055
:106C800008603C200860012008710220487188716A
:106C90006420C871322008727047000000000000B4
:106CA00080B584B001A8FFF6EBFE9DF80C0004B09F
:106CB00080BD00000000000080B588B04AF2AC0042
:106CC000C2F20340007808B1FFE71AE04AF2AC00D4
:106CD000C2F2034001907821F9F7A4FA02A8FFF765
:106CE000CBFF02980399049A07920691059005A894
:106CF00000F712FC019901200870C87000F774FCBD
:106D0000FFE708B080BD0000F0B58BB04AF2AC00E0
:106D1000C2F20340407808B9FFE73BE04AF2AC001A
:106D2000C2F20340C07958B1FFE7FFF749FA0146C4
:106D30004AF2AC00C2F203404C3004F7F9FB29E000
:106D400005A8FFF69DFE05980699079A0A920991F3
:106D500008909DF825009DF826109DF827209DF8A5
:106D60002830DDF820C09DF824404AF2AC06C2F27B
:106D70000346B778F578EE46CEF810700C36CEF8AC
:106D80000C60CEF80850CEF80440CEF800C003F0F6
:106D90000FFFFFE70BB0F0BD80B582B00190019A04
:106DA0004AF2AC00C2F203400C304021FFF604FD71
:106DB00002B080BD0000000082B001900199012066
:106DC000009099B1FFE7019901201E2900900DD094
:106DD000FFE7019901203C29009007D0FFE70198C7
:106DE0007838B0FA80F040090090FFE7009800F092
:106DF000010002B07047000080B5B0B0FFE712A8F4
:106E000001F712FB012840F03F81FFE74AF2AC0195
:106E1000C2F20341002088709DF84C00082840F021
:106E2000CD80FFE79DF84D00002873D1FFE714984F
:106E3000FFF63EFD00286DD0FFE74AF2AC00C2F23B
:106E40000340B0F86400032845D0FFE74AF2AC00E5
:106E5000C2F2034060300E900BA8FFF70DFF0B98B5
:106E60000C990D9A119210910F900E9880680F90C6
:106E70000E98007B8DF840000E98808802280DD176
:106E8000FFE70E98407B8DF841000E98807B8DF8CF
:106E900042000E98C07B8DF84300FFE70FA800F773
:106EA0003BFB4AF2AC01C2F203410120C87046F636
:106EB0006300C0F61100FFF76FFF46F2E941C0F62C
:106EC000010146F2D862C0F611020020FEF678FBFE
:106ED00000F792FA1DE04AF2AC00C2F203400390C0
:106EE000683000F719FB039900200490C87046F23F
:106EF000F960C0F61100FFF74FFF049846F2E94130
:106F0000C0F6010146F20D72C0F61102FEF658FB02
:106F1000FFE752E008A8FFF7AFFE089809990A9A20
:106F2000119210910F900FA800F7F6FA4AF2AC01F7
:106F3000C2F203410120C8709DF84D00032812D110
:106F4000FFE746F62100C0F61100FFF725FF46F2E5
:106F5000E941C0F6010146F2C672C0F611020120F5
:106F6000FEF62EFB28E09DF84D0090B9FFE746F6AF
:106F70007930C0F61100FFF70FFF46F2E941C0F685
:106F8000010146F61B42C0F611020220FEF618FB74
:106F900011E046F65430C0F61100FFF7FDFE46F250
:106FA000E941C0F6010146F21B72C0F6110202204F
:106FB000FEF606FBFFE7FFE7FFE740E09DF84C0029
:106FC00009283BD1FFE79DF84D00C8B9FFE74AF219
:106FD000AC01C2F2034100200290C87046F2DC709E
:106FE000C0F61100FFF7D8FE029846F2E941C0F65C
:106FF000010146F2B972C0F61102FEF6E1FA1CE098
:107000004AF2AC01C2F203410191012008710DF76F
:10701000A3FE0199886046F24870C0F61100FFF7A0
:10702000BBFE46F2E941C0F6010146F26172C0F6CC
:1070300011020220FEF6C4FAFFE7FFE7FFE74AF27B
:10704000AC00C2F203404079D8B1FFE705A8FFF6D3
:1070500017FD05980699079A119210910F904AF220
:10706000AC01C2F20341009188798DF84400002000
:1070700048710FA800F750FA00990120C8700871F4
:10708000FFE7FFF741FEBAE64AF2AC00C2F2034066
:107090008078E0B9FFE74AF2AC00C2F20340C07862
:1070A000A8B1FFE74AF2AC00C2F20340007970B128
:1070B000FFE70DF751FE4AF2AC01C2F203418968C5
:1070C000401AFA2803D3FFE700F796F9FFE730B03C
:1070D00080BD00000000000082B08DF807009DF820
:1070E000071001200090E9B1FFE79DF8071001208B
:1070F0001929009016D0FFE79DF8071001203229CA
:1071000000900FD0FFE79DF8071001204B29009059
:1071100008D0FFE79DF807006438B0FA80F0400916
:107120000090FFE7009800F0010002B070470000F7
:1071300082B0019001990120B1F57A5F009018D0DA
:10714000FFE701990120B1F5FA4F009011D0FFE758
:10715000019901204AF644429142009009D0FFE78C
:1071600001984BF68031401AB0FA80F04009009047
:10717000FFE7009800F0010002B070470000000037
:1071800080B586B00590049141F20810C2F2024029
:10719000007850B1FFE70598D0F8240128B1FFE747
:1071A0000598D0F82C0120B9FFE704990120487117
:1071B00046E00598D0F82C010290029840F6047140
:1071C000C2F200410968884207D9FFE740F604701F
:1071D000C2F2004000680290FFE70020039005988B
:1071E000D0F82411029A40F6E060C2F2024003ABEC
:1071F00006F75EFC8DF807009DF8070090B9FFE7E1
:10720000039A40F60470C2F200400168891A0160D6
:107210000399049A51610068B0FA80F0400904991A
:10722000887202E000F72CFAFFE79DF80700049946
:1072300088719DF8070000F01FFA04994871FFE774
:1072400006B080BD0000000080B594B0139046F6F3
:107250004701C0F6010108A806F7BEFB8DF807003C
:107260009DF80700A8BBFFE7FFE71398C079072840
:107270002BD8FFE708A802A906F752FD8DF80700F2
:107280009DF8070020B9FFE79DF8110008B9FFE756
:107290001BE09DF81000C006002815D4FFE702A8E7
:1072A000093000F785FE78B1FFE7139AD0790D21F8
:1072B00010FB01201C3002AA093200F755FC13997B
:1072C000C8790130C871FFE7CFE708A805F05CF97D
:1072D000FFE79DF80700139988719DF8070000F0FB
:1072E000CBF91399487114B080BD00000000000074
:1072F00080B5ADF5147D939092919398053000F789
:10730000A3FE20B9FFE79299042048716DE093989D
:10731000B0F82001B0F5807F04D3FFE792990520F3
:10732000487162E09398411D0DF10700009000F054
:107330008BF9009908A8062205F0CAFA8DF81F00FB
:10734000002006909DF81F00E8BBFFE7939800F12E
:107350001F01B0F8202108A806AB06F749FF8DF8F9
:107360001F009DF81F0068B9FFE706989399B1F8D0
:107370002011884206D1FFE708A806F72DFE8DF8F8
:107380001F0008E09DF81F0020B9FFE701208DF8DD
:107390001F00FFE7FFE708A805F0D6F88DF81E00EC
:1073A0009DF81F0028B9FFE79DF81E008DF81F000B
:1073B000FFE79DF81F0028B1FFE70DF1070006F772
:1073C00083FEFFE7FFE79DF81F00929988719DF803
:1073D0001F0000F051F992994871929810309399DA
:1073E0004A1D0D2100F7C0FBFFE70DF5147D80BDA0
:1073F00080B588B0079006910798053000F724FE05
:1074000020B9FFE70699042048711DE00798411D47
:107410000DF10600009000F017F9009806F754FEF1
:107420008DF817009DF81700069988719DF81700D0
:1074300000F022F9069948710698103007994A1D04
:107440000D2100F791FBFFE708B080BD00000000B0
:1074500080B592B0119010911198053000F7F4FDAD
:1074600090B1FFE71198123000F7EEFD60B1FFE731
:107470001198053000F724FD30B1FFE71198123064
:1074800000F71EFD20B9FFE710990420487167E05E
:107490001199481D1231F8F7EFFE20B9FFE7109956
:1074A000002048715CE01198411D0DF1160000901C
:1074B00000F0CAF8119800F112010DF1050000F07A
:1074C000C3F800980AA906F753FD8DF827009DF828
:1074D000270058B1FFE79DF82700109988719DF8A3
:1074E000270000F0C9F81099487139E00DF1050046
:1074F0000AA906F73DFD8DF827009DF8270038B949
:10750000FFE710990820887110990220487127E040
:107510009DF82700042810D0FFE79DF827000528D4
:107520000BD0FFE79DF82700109988719DF8270080
:1075300000F0A2F81099487112E00DF116000DF15B
:10754000050106F735FC8DF827009DF827001099F6
:1075500088719DF8270000F08FF810994871FFE7B7
:1075600012B080BD0000000080B594B0139046F6C4
:107570004701C0F6010108A806F72EFA8DF80700AA
:107580009DF8070000284AD1FFE7FFE71398C0796C
:10759000172840D8FFE708A802A906F7C1FB8DF815
:1075A00007009DF8070020B9FFE79DF8110008B912
:1075B000FFE730E09DF81000C006002801D5FFE786
:1075C000E4E79DF811007E2801D1FFE7DEE713987C
:1075D000C17901EB410100EB011000F590700090C2
:1075E000009802A901F109020D2100F7BDFA0099E6
:1075F00001F1150000F028F8009800F009FC02984D
:10760000009988620099012081F82C001399C879AB
:107610000130C871BAE708A804F0B6FFFFE79DF88B
:107620000700139988719DF8070000F025F8139959
:1076300048711398407920B9FFE7139800F03CFC9B
:10764000FFE714B080BD000080B582B001900091CA
:1076500001993020087001993A20487001992F2033
:10766000887001980330009A0E2100F77DFA02B06D
:1076700080BD00000000000081B08DF802009DF880
:10768000020020B9FFE700208DF803004BE09DF8D1
:107690000200082804D1FFE702208DF8030042E031
:1076A0009DF80200042805D0FFE79DF80200052898
:1076B00004D1FFE703208DF8030034E09DF80200B9
:1076C000062804D1FFE704208DF803002BE09DF885
:1076D0000200012819D0FFE79DF80200022814D00B
:1076E000FFE79DF8020003280FD0FFE79DF8020096
:1076F0000C280AD0FFE79DF802000D2805D0FFE70F
:107700009DF802000F280AD1FFE74AF26011C2F289
:1077100003410220087001208DF8030003E00520DA
:107720008DF80300FFE79DF8030001B070470000EB
:1077300080B582B04AF26011C2F2034100200870A5
:1077400049F67860C2F2034046F64B01C0F60101EB
:10775000012205F071F88DF807009DF8070028B99F
:10776000FFE700F081F98DF80700FFE79DF80700BB
:10777000A8B9FFE740F2B061C2F20041886CC96C61
:10778000000D40EA013041F29021C2F2034108604D
:107790004AF26011C2F20341012008700CE041F28C
:1077A0009021C2F20341002008604AF26011C2F247
:1077B000034102200870FFE79DF8070002B080BD7A
:1077C00080B584B00390029102987821F8F72AFDE1
:1077D000039800680299086003980079029908717B
:1077E0004AF26010C2F203400078012811D0FFE78E
:1077F000FFF79EFF8DF807009DF8070040B1FFE7F7
:107800009DF807000299887102990120487129E0CA
:10781000FFE703980079112804D1FFE7029800F7E9
:10782000DBF91FE003980079122805D1FFE70398E0
:107830000299FFF70DFE14E003980079052805D0A2
:10784000FFE703980079082805D1FFE7039802991C
:1078500000F00AF804E00398029900F07DFDFFE7CC
:10786000FFE7FFE704B080BD80B5ADF5187D9790C8
:1078700096919798053000F7E7FB50B1FFE797988E
:10788000D0F8240128B1FFE79798D0F82C0120B94F
:10789000FFE79699042048717AE0979800790828C4
:1078A0000BD1FFE746F6D500C0F60100039046F67F
:1078B0008600C0F6010002900AE046F60510C0F608
:1078C0000100039046F6B600C0F601000290FFE703
:1078D0009798411D0DF113000190FFF7B5FE019837
:1078E0000399029A00F7C0FD8DF82F009DF82F0034
:1078F00058B1FFE79DF82F00969988719DF82F00E9
:10790000FFF7BAFE9699487142E00CA80DF11301F9
:10791000012204F0DDFF8DF82F0000200A9009906D
:107920009DF82F00E0B9FFE70F9809900998979903
:10793000D1F82C11884204D9FFE709208DF82F00D7
:107940000AE09798D0F82411099A0CA80AAB06F718
:10795000AFF88DF82F00FFE70CA804F0F5FDFFE766
:107960009DF82F00969988719DF82F00FFF784FEEF
:10797000969948719DF82F0018B9FFE70A98009072
:1079800002E009980090FFE7009896998860FFE769
:107990000DF5187D80BD000081B000900098008832
:1079A00001B070470000000080B582B000900098E0
:1079B00038B1FFE749F64860C2F20340006818B9E1
:1079C000FFE7002001900AE049F64860C2F2034058
:1079D0000068009900220CF743FF0190FFE701982F
:1079E00002B080BD0000000080B582B00090009819
:1079F00038B1FFE741F26010C2F20340006818B9E5
:107A0000FFE7002001900AE041F26010C2F203405B
:107A10000068009900220CF723FF0190FFE701980E
:107A200002B080BD0000000080B582B000900098D8
:107A300038B1FFE747F27040C2F20340006818B95E
:107A4000FFE7002001900AE047F27040C2F20340D5
:107A50000068009900220CF703FF0190FFE70198EE
:107A600002B080BD0000000080B5ADF5227D46F675
:107A7000C301C0F6010111A8012204F029FF8DF80D
:107A80002B009DF82B00042805D0FFE79DF82B0064
:107A900005280AD1FFE746F6F900C0F6010006F70F
:107AA00013FB00208DF887020FE19DF82B0028B111
:107AB000FFE79DF82B008DF8870206E10020A090DB
:107AC0009F909E909D909C909B90099011A80390F0
:107AD0009BA9182209AB05F7EBFF014603988DF827
:107AE0002B1004F031FD8DF82A009DF82B0028B9E9
:107AF000FFE79DF82A008DF82B00FFE79DF82B008B
:107B000008BBFFE7099818281DD1FFE79B9845F6A9
:107B10005401C3F25411884215D1FFE79C9802909A
:107B20009BA8083000F0E8FA0146029888420AD182
:107B3000FFE79DF8800230B9FFE79BA8083000F707
:107B400083FA78B9FFE79DF82B0018B9FFE7022008
:107B5000019003E09DF82B000190FFE701988DF85C
:107B60008702B2E09BA800F108010DF1130000901C
:107B7000FFF76AFD00980BA906F7FAF98DF82B00BC
:107B80009DF82B00B0B9FFE746F6F900C0F60100FA
:107B900006F79AFA46F6AA00C0F6010006F794FA2C
:107BA00046F6C300C0F6010006F78EFA00208DF8F5
:107BB00087028AE09DF82B0004280AD0FFE79DF891
:107BC0002B00052805D0FFE79DF82B008DF88702D4
:107BD0007BE046F6F900C0F601000BA906F7C8F9EC
:107BE0008DF82B009DF82B0000BBFFE746F6F9004F
:107BF000C0F601000DF1130106F7DAF88DF82B003D
:107C00009DF82B0068B9FFE746F6AA00C0F6010010
:107C100006F75AFA46F6C300C0F6010006F754FA12
:107C2000FFE79DF82B008DF887024EE09DF82B00B2
:107C300004280AD0FFE79DF82B00052805D0FFE7B0
:107C40009DF82B008DF887023FE046F6AA00C0F6AB
:107C500001000BA906F78CF98DF82B009DF82B007D
:107C6000D0B9FFE746F6AA00C0F601000DF11301F6
:107C700006F79EF88DF82B009DF82B0038B9FFE72A
:107C800046F6C300C0F6010006F71EFAFFE79DF8AE
:107C90002B008DF8870218E09DF82B0004280AD0ED
:107CA000FFE79DF82B00052805D0FFE79DF82B0086
:107CB0008DF8870209E046F6C300C0F6010006F71A
:107CC00003FA00208DF88702FFE79DF887020DF583
:107CD000227D80BD0000000080B596B01590149103
:107CE0001598053000F7B0F930B1FFE7159812305C
:107CF00000F7AAF920B9FFE714990420487183E03E
:107D00001599481D1231F8F7B7FA60B9FFE71499D1
:107D10000020487114981030159901F112020D21BC
:107D2000FFF622FF70E01598411D0DF1230003902E
:107D3000FFF78AFC159800F112010DF11200FFF710
:107D400083FC03980DA906F713F98DF84F009DF8F1
:107D50004F0058B1FFE79DF84F00149988719DF8C6
:107D60004F00FFF789FC149948714DE00DF11200A6
:107D70000DA906F7FDF88DF84F009DF84F0038B9B2
:107D8000FFE71499082088711499022048713BE09C
:107D90009DF84F00042810D0FFE79DF84F000528FC
:107DA0000BD0FFE79DF84F00149988719DF84F00A4
:107DB000FFF762FC1499487126E00DF123000DF1E4
:107DC000120105F7F5FF8DF84F009DF84F0014994B
:107DD00088719DF84F00FFF74FFC14994871149873
:107DE000103002909DF84F0020B9FFE7159812302F
:107DF000019003E0159805300190FFE70298019A81
:107E00000D21FFF6B1FEFFE716B080BD00000000B7
:107E100080B582B0019001982E21F8F62FFB0090DA
:107E20000098E0B1FFE7009846F62E11C0F6010178
:107E3000F8F722FA48B1FFE7009846F6CE11C0F6EF
:107E40000101F8F719FA50B9FFE701980D3046F62D
:107E50001212C0F601020821FFF686FE29E0009802
:107E6000E0B1FFE7009846F63311C0F60101F8F7DC
:107E700003FA48B1FFE7009846F6D311C0F60101B6
:107E8000F8F7FAF950B9FFE701980D3046F6CF023E
:107E9000C0F601020821FFF667FE09E001980D30E7
:107EA00046F64E02C0F601020821FFF65DFEFFE72E
:107EB000FFE702B080BD0000F0B593B01290002043
:107EC0008DF84700FFE79DF847001299C97988426D
:107ED00080F2C680FFE79DF8470001308DF846002C
:107EE000FFE79DF846001299C979884280F2B18077
:107EF000FFE7129800F590719DF8470000EB4000F5
:107F000001EB00109DF8462002EB420201EB02114A
:107F1000F8F7B2F90128C0F29580FFE712989DF8B2
:107F2000471001EB410100EB011ECDF804E0DEF843
:107F30002001DEF82411DEF82821DEF82C31DEF8ED
:107F400030C1DEF834410A94CDF824C0089307927A
:107F500006910590DEF83801DEF83C11DEF840218C
:107F6000DEF84431DEF848C1DEF84CE1CDF840E0FF
:107F7000CDF83CC00E930D920C910B90129800F529
:107F800090769DF8470000EB400006EB001102914F
:107F900007019DF8460000EB400006EB0014039437
:107FA00005016068A268E368D4F810C0D4F814E052
:107FB0007559F551C1F814E0C1F810C0CB608A6062
:107FC0004860A069E269236AD4F824C0D4F828E0A4
:107FD000E46ACC62C1F828E0C1F824C00B62CA612F
:107FE000886112989DF8461001EB410100EB0111E8
:107FF00004910598069A079BDDF820C0DDF824E07F
:108000000A9CC1F83441C1F830E1C1F82CC1C1F873
:108010002831C1F82421C1F820010B980C9A0D9B3E
:10802000DDF838C0DDF83CE0109CC1F84C41C1F8E7
:1080300048E1C1F844C1C1F84031C1F83C21C1F860
:108040003801FFE7FFE79DF8460001308DF8460054
:1080500047E7FFE79DF8470001308DF8470032E71A
:1080600013B0F0BD0000000080B584B0029002980B
:1080700038B1FFE749F63860C2F20340006818B92A
:10808000FFE70020039033E049F63860C2F2034076
:108090000068029900231A4609F08EFF01900198AA
:1080A00001280AD0FFE749F63C61C2F203410868A3
:1080B00001300860002003901AE049F63860C2F2EF
:1080C0000340006809F010FB0090009849F64061F9
:1080D000C2F203410968884207D9FFE7009849F6D0
:1080E0004061C2F203410860FFE701200390FFE70F
:1080F000039804B080BD000083B0029049F6C550DB
:10810000C8F21C10019000200090FFE700980C2896
:1081100012D8FFE702980099415C0198484001900D
:10812000019840F29311C0F2001148430190FFE71B
:10813000009801300090E9E7019803B07047000013
:1081400080B5ADF51C7D9B909A919B980530FFF60C
:108150007BFF20B9FFE79A9904204871F9E09B98CA
:10816000B0F82001B0F5807F04D3FFE79A9905208D
:108170004871EEE09B98411D0DF10E00FFF764FA87
:1081800000200890FFF770FC8DF827009DF827006D
:1081900008B1FFE7BBE046F6F900C0F60100029027
:1081A00005F792FF029910A80A2204F091FB8DF8BE
:1081B00027009DF82700A0BBFFE79B9800F11F0157
:1081C000B0F8202110A808AB06F712F88DF82700A8
:1081D0009DF8270068B9FFE708989B99B1F820112E
:1081E000884206D1FFE710A805F7F6FE8DF82700B4
:1081F00008E09DF8270020B9FFE701208DF827004F
:10820000FFE7FFE710A804F09FF98DF825009DF81F
:10821000270028B9FFE79DF825008DF82700FFE724
:10822000FFE79DF8270038B1FFE746F6F900C0F6F2
:10823000010005F749FF6AE09B98053000F09CF9C2
:108240008DF827009DF8270038B1FFE746F6F900C2
:10825000C0F6010005F738FF59E00DF10E000AA93C
:1082600005F786FE8DF826009DF82600B0FA80F00E
:1082700040098DF81F009DF8260078B1FFE79DF8B2
:10828000260004280AD0FFE79DF82600052805D01F
:10829000FFE79DF826008DF8270038E09DF81F00C5
:1082A00078B1FFE746F6AA00C0F60100019005F795
:1082B0000BFF01990DF10E0005F77AFD8DF82700EF
:1082C000FFE79DF8270058B9FFE746F6F900C0F62A
:1082D00001000DF10E0105F76BFD8DF82700FFE79A
:1082E0009DF8270068B9FFE746F6AA00C0F601002E
:1082F00005F7EAFE46F6C300C0F6010005F7E4FE06
:1083000004E0FFF7B1FB8DF82700FFE7FFE79DF8DA
:1083100027009A9988719DF82700FFF7ADF99A997F
:1083200048719DF8270028B9FFE79B98B0F8200115
:10833000009003E0BDF820000090FFE700989A99B4
:1083400008819A9810309B994A1D0D21FFF60CFC6C
:10835000FFE70DF51C7D80BD80B5ADF51E7D9D90C0
:108360009C919D980530FFF66FFE50B1FFE79D98F8
:10837000D0F8240128B1FFE79D98D0F8280120B952
:10838000FFE79C9904204871F2E09D980079072846
:108390000BD1FFE746F6E100C0F60100049046F677
:1083A0009200C0F6010003902CE09D980079092806
:1083B0000BD1FFE746F6D500C0F60100049046F663
:1083C0008600C0F6010003901BE09D9800790F28FD
:1083D0000BD1FFE746F6ED00C0F60100049046F62B
:1083E0009E00C0F6010003900AE046F60510C0F6B4
:1083F0000100049046F6B600C0F601000390FFE7C6
:10840000FFE7FFE79D98411D0DF116000290FFF771
:108410001BF902980499039A00F726F8049805F7C7
:1084200053FE049912A80A2204F052FA8DF82F0084
:1084300000200A909DF82F0048BBFFE79D98D0F8D8
:108440002411D0F8282112A80AAB05F7D1FE8DF827
:108450002F009DF82F0068B9FFE70A989D99D1F881
:108460002811884206D1FFE712A805F7B5FD8DF85F
:108470002F0008E09DF82F0020B9FFE701208DF8BC
:108480002F00FFE7FFE712A804F05EF8FFE79DF872
:108490002F0088B1FFE7049805F716FE9DF82F001E
:1084A0009C9988719DF82F00FFF7E6F89C99487118
:1084B0000A989C9988605BE00DF116000CA905F7FD
:1084C00057FDB0FA80F040098DF827009DF827008D
:1084D00058B1FFE7039805F7F7FD03990DF1160072
:1084E00005F766FC8DF82F00FFE79DF82F0040B9D7
:1084F000FFE704980DF1160105F75AFC8DF82F00DF
:10850000FFE79DF82F0080B1FFE79DF8270040B1FD
:10851000FFE703980DF1160105F74AFC8DF82E00D0
:10852000FFE7049805F7D0FD08E09DF8270020B18B
:10853000FFE7039805F7C8FDFFE7FFE79DF82F0069
:108540009C9988719DF82F00FFF796F89C994871C7
:108550009DF82F0028B9FFE79D98D0F828010190D9
:1085600002E000200190FFE701989C998860FFE7F6
:108570000DF51E7D80BD000080B5ADF5167D949093
:10858000002093909290919090908F908E908EA8D2
:108590000830019045F65401C3F254118E91949A1B
:1085A0000D21FFF6E1FA0198FFF7A6FD8F9046F640
:1085B000C301C0F6010104A80A2204F089F98DF86C
:1085C0000F009DF80F0028B1FFE79DF80F008DF810
:1085D000570235E00020029004A88EA9182202ABB1
:1085E00005F706FE8DF80F009DF80F0050B9FFE764
:1085F0000298182806D1FFE704A805F7EDFC8DF8CE
:108600000F0008E09DF80F0020B9FFE701208DF86A
:108610000F00FFE7FFE704A803F096FF8DF80E00B8
:108620009DF80F0020B9FFE79DF80E00009003E0D1
:108630009DF80F000090FFE700988DF85702FFE7C4
:108640009DF857020DF5167D80BD0000000000006A
:1086500082B0ADF80600ADF80410BDF80610002099
:10866000B1F52A7F009017D3FFE7BDF80610002070
:10867000B1F5457F00900FD8FFE7BDF8041000204A
:108680000829009008D3FFE7BDF80410002028292E
:1086900038BF01200090FFE7009800F0010002B011
:1086A000704700000000000080B582B041F69010D5
:1086B000C2F20340007808B9FFE756E040F2290013
:1086C000C2F20040017801EB41014900ADF802100F
:1086D0000078C000ADF800000020ADF80600FFE70C
:1086E000BDF80600BDF80010884237DAFFE7002029
:1086F000ADF80400FFE7BDF80400BDF802108842A1
:1087000025DAFFE741F69210C2F203400088BDF877
:108710000420104441F69411C2F203410988BDF8C7
:108720000630194403EBC30302EB430341F2D022AA
:10873000C2F2034252F8232080B289B206F780FFCA
:10874000FFE7BDF804000130ADF80400D3E7FFE710
:10875000BDF806000130ADF80600C1E741F6901102
:10876000C2F2034100200870FFE702B080BD0000A4
:1087700082B0ADF80400ADF80210BDF8040040F27C
:108780008221884231D3FFE7BDF80400C008602889
:108790002BD8FFE7BDF80200462809D3FFE7BDF854
:1087A00002006F2804D8FFE701208DF807007EE063
:1087B000BDF80200802809D3FFE7BDF80200A92810
:1087C00004D8FFE702208DF8070070E0BDF8020032
:1087D000BA2809D3FFE7BDF80200E32804D8FFE771
:1087E00003208DF8070062E0FFE7BDF80200B0F556
:1087F0008C7F29D3FFE7BDF802008008502823D8DA
:10880000FFE7BDF8040040F2822188420AD3FFE767
:10881000BDF804008008AE2804D8FFE704208DF8D6
:10882000070044E0BDF8040040F2CA2188420AD3A0
:10883000FFE7BDF804008008C02804D8FFE7052042
:108840008DF8070033E0FFE7BDF80200B0F5AA7F1E
:1088500029D3FFE7BDF80200C009022823D8FFE7AB
:10886000BDF8040040F2822188420AD3FFE7BDF838
:1088700004008008AE2804D8FFE706208DF8070022
:1088800015E0BDF8040040F2CA2188420AD3FFE790
:10889000BDF804008008C02804D8FFE707208DF841
:1088A000070004E0FFE700208DF80700FFE79DF8D0
:1088B000070002B07047000080B584B0ADF80E002C
:1088C000ADF80C10ADF80A20ADF80830BDF80A106C
:1088D000BDF8082049F6F340914208BF4FF6E0701A
:1088E000ADF80600BDF80E00BDF80C1000F139021D
:1088F00001F12B03EE4641F6E30CCEF800C092B234
:108900009BB209F795F9BDF80E00BDF80C1000F107
:10891000390201F12B03BDF806C0EE46CEF800C0C7
:1089200092B29BB205F048F8BDF80E20901DBDF83C
:108930000C30991D33322533BDF80AC0EE46CEF80F
:1089400000C080B289B292B29BB209F771F9BDF84A
:108950000A00A0B9FFE7BDF80E20901DBDF80C304D
:10896000991D33322533EE464FF6FF7CCEF800C01A
:1089700080B289B292B29BB205F01EF8FFE704B054
:1089800080BD00000000000080B58AB0ADF8260070
:1089900008918DF81F209DF81F1041F6E300002973
:1089A00018BF44F66920ADF81C009DF81F1049F669
:1089B000F3400390002918BF4FF6FF70ADF81A007E
:1089C000BDF8261001F12900BDF81C206B461A6085
:1089D00083B240F28220059040F20732049209F7F8
:1089E00027F9DDF80CC0049A0598BDF8261001F1AE
:1089F00029039DF81FE0BEF1000F18BF4FF6FF7C62
:108A0000EE46CEF800C09BB204F0D6FF0598BDF844
:108A100026100D31089ABDF81AC06B46C3F804C081
:108A20001A6089B28622102301F702F90AB080BDCC
:108A300080B586B08DF817008DF816109DF81700D8
:108A400000EB400145F2B070C0F6110000EB810070
:108A500004909DF8161044F66920002918BF40F2D2
:108A6000ED50ADF80E009DF816104FF6FF70029015
:108A7000002918BF4FF6E070ADF80C00049B188871
:108A800059889A880244013ADB880B44013BBDF8BF
:108A90000EC0EE46CEF800C092B29BB209F7C8F8FD
:108AA000049B188859889A880244013ADB880B4451
:108AB000013BBDF80CC0EE46CEF800C092B29BB2AE
:108AC00004F07AFF04990A8802F136004B8803F11A
:108AD00012015F323B339DF817C0CCEBCC0E4FF444
:108AE000784C0CEB4E1C1FFA8CFCEE46CEF800C006
:108AF00080B289B292B29BB209F79AF8DDF808E029
:108B0000049B1888598852319A889B68EC46CCF8A7
:108B100004E0CCF8003089B2102301F789F806B0E0
:108B200080BD00000000000080B588B084460A982F
:108B3000ADF81EC0ADF81C10ADF81A200593ADF8C5
:108B40001200BDF81E00BDF81C10BDF81A2002442A
:108B5000013A01F12503BDF812C0EE46CEF800C07F
:108B600092B29BB209F764F8BDF81E00BDF81C1064
:108B7000BDF81A200244013A01F12503EE464FF6F2
:108B8000FF7CCDF80CC0CEF800C092B29BB204F0CE
:108B900013FFDDF80CE0BDF81E00BDF81C100B3112
:108BA000BDF81A20059BEC46CCF804E0CCF8003068
:108BB00089B2102301F73CF808B080BD0000000026
:108BC00080B586B0ADF81600ADF814100492BDF86B
:108BD0001600BDF8141000F25D1201F15903EE46C3
:108BE00041F6E30CCEF800C092B29BB209F720F830
:108BF000BDF81600BDF8141000F25D1201F1590322
:108C0000EE4649F6F34CCDF80CC0CEF800C092B257
:108C10009BB204F0D1FEDDF80CC0BDF816000E309A
:108C2000BDF814100A31049B6A46C2F808C05360AC
:108C30001023136080B289B24FF4A07202F7F8FBE0
:108C400006B080BD0000000082B0ADF80400ADF8B1
:108C50000210BDF80200662858D3FFE7BDF80200F5
:108C60004008942852D8FFE7BDF80200A0F1660141
:108C70004EF64F40C4F6C460A1FB002109098DF8EF
:108C80000110BDF80210A1F16602A2FB001000095C
:108C9000342100FB1120272805D8FFE79DF80100AB
:108CA000042804D3FFE700208DF807006FE0BDF82B
:108CB000040048280AD3FFE7BDF80400B0F5C27FDE
:108CC00004D8FFE700208DF8000015E0BDF804008F
:108CD000B0F5CD7F0BD3FFE7BDF8040040F2D621FD
:108CE000884204D8FFE701208DF8000003E000204F
:108CF0008DF807004BE0FFE79DF801109DF800009C
:108D000000EB410004308DF8070040E0BDF80200A0
:108D1000B0F5A57F37D3FFE7BDF8020080085C28D7
:108D200031D8FFE7BDF8040048280AD3FFE7BDF8B3
:108D300004004008822804D8FFE701208DF80700CE
:108D400025E0BDF80400B0F5987F0AD9FFE7BDF82B
:108D50000400B0F5F77F04D8FFE702208DF8070084
:108D600015E0BDF8040040F21A2188420AD3FFE75B
:108D7000BDF80400C0085A2804D8FFE703208DF886
:108D8000070004E0FFE700208DF80700FFE79DF8EB
:108D9000070002B07047000010B58CB08C468646C4
:108DA0000F980E99ADF82EE0ADF82CC00A920993F9
:108DB0008DF823108DF82200BDF82E00BDF82C1080
:108DC00000F1EF0201F17703EE4641F6E30CCEF835
:108DD00000C092B29BB208F72BFFBDF82E00BDF881
:108DE0002C1000F1EF0201F17703EE4649F6F34C47
:108DF000CDF810C0CEF800C092B29BB204F0DCFDFA
:108E0000DDF810C0BDF82E00BDF82C100C310A9A08
:108E10006B46C3F804C01A6089B2F022102300F731
:108E200007FFBDF82E000C30BDF82C1034319DF832
:108E300022206B469A60002205925A6046F2120286
:108E4000C0F601021A6080B289B2382206922C2341
:108E5000079300F7E5FADDF810C0BDF82E005C308E
:108E6000BDF82C103D31099A9DF823309DF822E081
:108E7000BEF1000F18BF4FF6FF7CEE46CEF804C0DF
:108E80004FF0180CCEF800C080B289B202F76CFA2D
:108E9000DDF814C0069A079BBDF82E00AC30BDF873
:108EA0002C1034319DF82240EE46CEF80840CEF822
:108EB00004C046F20C0CC0F6010CCEF800C080B223
:108EC00089B200F7ADFA0CB010BD00000000000040
:108ED00082B0ADF80400ADF802108DF801209DF8C5
:108EE0000100002861D0FFE7BDF80200B0F5B77FB0
:108EF00006D3FFE7BDF80200B0F5CC7F04D3FFE74F
:108F000000208DF80700BEE0BDF80400142809D346
:108F1000FFE7BDF804009F2804D8FFE703208DF881
:108F20000700B0E0BDF80400AF280AD3FFE7BDF8A2
:108F30000400B0F59D7F04D8FFE704208DF80700FA
:108F4000A1E0BDF80400B0F5A57F0AD3FFE7BDF8A6
:108F500004004008EA2804D8FFE70A208DF807003B
:108F600091E0BDF80400B0F5F27F0AD9FFE7BDF843
:108F70000400B0F51C7F04D8FFE705208DF807003A
:108F800081E0BDF80400B0F5207F0AD3FFE7BDF80B
:108F900004008008C22804D8FFE709208DF80700E4
:108FA00071E000208DF807006DE0BDF80400B0F519
:108FB0001B7F07D3FFE7BDF8040040F2073188426A
:108FC00004D3FFE700208DF807005CE0BDF8020045
:108FD000462809D3FFE7BDF802006F2804D8FFE751
:108FE00001208DF807004EE0BDF80200802809D36B
:108FF000FFE7BDF80200A92804D8FFE702208DF89A
:10900000070040E0BDF80200BA2809D3FFE7BDF829
:109010000200E32804D8FFE705208DF8070032E0BE
:10902000BDF80200F4280AD3FFE7BDF802004008AB
:109030008E2804D8FFE706208DF8070023E0BDF84E
:109040000200B0F5977F0AD3FFE7BDF80200C00821
:109050002A2804D8FFE707208DF8070013E0BDF8A1
:109060000200B0F5B47F0AD3FFE7BDF80200400864
:10907000C82804D8FFE708208DF8070003E0002087
:109080008DF80700FFE79DF8070002B07047000069
:1090900083B0ADF80800ADF80610BDF80800182838
:1090A0000CD3FFE7BDF8080040F24D21884205D8F7
:1090B000FFE7BDF80600492804D8FFE7FF208DF838
:1090C0000B002AE0BDF806004A38ADF80400BDF8F0
:1090D00004004AF23011C0F2BD41A0FB01108DF82E
:1090E00003009DF8030005280ED8FFE7BDF8042013
:1090F0004AF23010C0F2BD40A2FB0010362100FB46
:109100001120302804D3FFE7FF208DF80B0004E086
:109110009DF803008DF80B00FFE79DF90B0003B0ED
:10912000704700000000000080B584B003900291F9
:10913000039844F20751CCF22E21A0FB0121090C27
:1091400040F2A3225143A0EBC110039003994BF2CC
:10915000C530C9F2A210A1FB0021C90A0191039AEE
:10916000A2FB0010C00A4FF4616100FB112044F221
:109170004541C0F24441A0FB01100090039848F61D
:109180008901C8F68801A0FB011251090901A1EB70
:109190005211A0EB8100039001984CF6CD41CCF622
:1091A000CC41A0FB0102302000EBD202029B1A70DE
:1091B000019AA2FB01C3DB0803EB8303A2EB43028A
:1091C00042F03002029B5A70029B3A229A70009B36
:1091D000A3FB01C300EBD303DDF808C08CF8033018
:1091E000009BA3FB01EC4FEADC0C0CEB8C0CA3EB1B
:1091F0004C0343F03003DDF808C08CF80430029BC8
:109200005A71039AA2FB013200EBD200029A9071CC
:109210000398A0FB0121C90801EB8101A0EB4100EB
:1092200040F030000299C87102990020087204B021
:1092300080BD00000000000086B08DF81500ADF87C
:109240001210ADF810200020ADF816004D20ADF83A
:109250000A002B20ADF808009DF81500012809D060
:10926000FFE79DF81500022804D0FFE700208DF8E5
:109270001500FFE79DF8152045F69361C0F6010142
:1092800045F67260C0F60100022A08BF0846039046
:10929000BDF81200182870D3FFE7BDF81000D628DB
:1092A0006BD3FFE7BDF81200BDF80A1001EB810295
:1092B000132101EB420188425FD2FFE7BDF81000A5
:1092C000BDF8081001EB4101D131884255D2FFE7CA
:1092D000BDF812001838ADF80600BDF81000D638F9
:1092E000ADF80400BDF80600BDF80A10B0FBF1F0BF
:1092F0008DF80200BDF80400BDF80810B0FBF1F0D5
:109300008DF80300BDF80620BDF80A10B2FBF1F09D
:1093100000FB112047282FD8FFE7BDF80420BDF837
:109320000810B2FBF1F000FB1120252824D8FFE73C
:1093300001208DF81600039A9DF803000B2110FB05
:1093400001209DF80210405C8DF817009DF8150073
:10935000012810D1FFE79DF8170061280BDBFFE71C
:109360009DF817007A2806DCFFE79DF817002038E3
:109370008DF81700FFE78EE0FFE7BDF81000B0F5AD
:10938000AB7F59D9FFE7BDF81000B0F5BE7F53D8C9
:10939000FFE7BDF81200182809D3FFE7BDF8120057
:1093A000A32804D8FFE705208DF8160043E0BDF898
:1093B0001200A9280AD3FFE7BDF81200B0F59A7F82
:1093C00004D8FFE706208DF8160033E0BDF8120040
:1093D000B0F59D7F0AD3FFE7BDF812004008E228F0
:1093E00004D8FFE703208DF8160022E0BDF8120034
:1093F000B0F5E57F0BD9FFE7BDF8120040F256212A
:10940000884204D8FFE702208DF8160010E0BDF86E
:109410001200B0F5177F0AD3FFE7BDF81200C008AD
:109420005C2804D8FFE704208DF81600FFE7FFE76B
:10943000FFE7FFE7FFE72DE0BDF81000B0F5C37FC1
:1094400027D9FFE7BDF81000B0F5D67F21D8FFE798
:10945000BDF81200D6280AD3FFE7BDF81200400875
:10946000C42804D8FFE707208DF8160010E0BDF8E7
:109470001200B0F5CC7F0AD9FFE7BDF81200B0F5B5
:10948000137F04D8FFE708208DF81600FFE7FFE7F9
:10949000FFE7FFE7FFE7BDF8160006B070470000E2
:1094A00082B08DF803009DF80300022806D1FFE783
:1094B00046F2B460C0F61100019010E09DF8030080
:1094C000012806D1FFE746F2E130C0F60100019025
:1094D00005E046F2ED30C0F601000190FFE701988B
:1094E00002B070470000000083B0ADF80800ADF88E
:1094F0000610BDF80800B0F59B7F05D3FFE7BDF867
:1095000006009F2804D8FFE7FF208DF80B0059E0E4
:10951000BDF80800A0F59B70ADF80400BDF806008A
:10952000A038ADF80200BDF8040042F29341C0F249
:109530004921A0FB01108DF80100BDF802004FF693
:109540003F01C0F2E031A0FB01108DF800009DF852
:109550000100022823D8FFE79DF8000003281ED849
:10956000FFE7BDF8040042F29341C0F24921A0FB9D
:109570000121C1EBC101A0EB011063280FD8FFE767
:10958000BDF802004FF63F01C0F2E031A0FB01211F
:1095900001EB4111A0EB4100382804D3FFE7FF2085
:1095A0008DF80B000EE09DF8000000EB400142F644
:1095B0004640C0F6110008449DF80110405C8DF84B
:1095C0000B00FFE79DF90B0003B07047000000009F
:1095D00080B582B0ADF80600ADF80410FFF764F86E
:1095E000BDF80600BDF80410FFF67AF902B080BDA0
:1095F00082B0ADF80400ADF80210BDF80400B0F57B
:109600001B7F07D3FFE7BDF8040040F20731884213
:1096100004D3FFE700208DF8070074E0BDF80200D6
:1096200046280FD3FFE7BDF802006D280AD8FFE7F0
:10963000BDF804100420B1F52F7F38BF01208DF84C
:10964000070060E0BDF8020078280FD3FFE7BDF8FF
:1096500002009F280AD8FFE7BDF804100320B1F5E7
:109660002F7F38BF02208DF807004CE0BDF80200C4
:10967000AA280FD3FFE7BDF80200D1280AD8FFE7D8
:10968000BDF804100820B1F52F7F38BF07208DF8F2
:10969000070038E0BDF80200DC2810D3FFE7BDF872
:1096A0000200800840280AD8FFE7BDF804100A200D
:1096B000B1F52F7F38BF09208DF8070023E0BDF8F2
:1096C0000200B0F5917F0AD3FFE7BDF80200400821
:1096D000A42804D8FFE705208DF8070013E0BDF8A3
:1096E0000200B0F5AF7F0AD3FFE7BDF802004008E3
:1096F000C22804D8FFE706208DF8070003E0002009
:109700008DF80700FFE79DF8070002B070470000E2
:1097100080B582B00190002000900198006990B15E
:10972000FFE70198026940696421A0FB0101002361
:10973000F6F777FC00900098652803D3FFE76420D4
:109740000090FFE7FFE7009802B080BD0000000036
:1097500082B08DF803009DF80300022806D1FFE7D0
:1097600046F20730C0F6010001903BE09DF803008F
:10977000032806D1FFE746F6CE20C0F6010001908F
:1097800030E09DF80300042806D1FFE746F6993043
:10979000C0F60100019025E09DF80300052806D1E0
:1097A000FFE746F2FE40C0F6010001901AE09DF886
:1097B0000300062806D1FFE746F2B460C0F61100A8
:1097C00001900FE09DF8030030B9FFE746F2D22088
:1097D000C0F60100019005E046F21110C0F601004C
:1097E0000190FFE7019802B0704700000000000000
:1097F00080B588B08DF81F009DF91F00002805D4A2
:10980000FFE79DF91F00062801DBFFE778E041F63E
:109810009010C2F2034000788DF81E0041F69210BD
:10982000C2F203400088ADF81C0041F69410C2F269
:1098300003400088ADF81A00FEF736FF40F22E0014
:10984000C2F2004090F90000002809D4FFE740F27E
:109850002E00C2F2004000780021FFF7E9F8FFE790
:109860009DF81F1040F22E00C2F2004003900170DC
:1098700000780121FFF7DCF8694641F2A200086098
:10988000C8204FF4E2714FF4207240F2DB1308F766
:10989000CFF968464FF6E071816046F25F01C0F68D
:1098A00001014160102305930360D8204FF4E47157
:1098B00004916E2201F7BCFD03980499059B007882
:1098C00000EB400245F2B070C0F6110000EB8200E0
:1098D000826868464FF6FF7CC0F808C042600360AB
:1098E0004FF49C70962201F7A3FD9DF81E0038B13D
:1098F000FFE7BDF81C00BDF81A10FEF6F1FFFFE708
:1099000008B080BD0000000080B582B08DF807006F
:109910009DF8070078B1FFE79DF8070003280AD8F3
:10992000FFE79DF8070040F22901C2F200410978E3
:10993000884201D1FFE728E041F69010C2F20340CF
:1099400000788DF8060041F69210C2F203400088BC
:10995000ADF8040041F69410C2F203400088ADF85F
:109960000200FEF7A1FE9DF8070040F22901C2F2B5
:10997000004108709DF8060038B1FFE7BDF804000B
:10998000BDF80210FEF6ACFFFFE702B080BD00009C
:1099900082B0ADF80400ADF80210BDF802005C28FA
:1099A00062D3FFE7BDF802007B285DD8FFE7BDF872
:1099B0000400282809D3FFE7BDF804008B2804D849
:1099C000FFE701208DF80700A5E1BDF80400942809
:1099D00009D3FFE7BDF80400F72804D8FFE7022009
:1099E0008DF8070097E1BDF80400B0F5807F0AD339
:1099F000FFE7BDF804008008582804D8FFE70320DB
:109A00008DF8070087E1BDF80400B0F5D67F0AD3D2
:109A1000FFE7BDF804000009202804D8FFE7042070
:109A20008DF8070077E1BDF80400B0F5067F0AD392
:109A3000FFE7BDF8040080089E2804D8FFE7052052
:109A40008DF8070067E1BDF80400B0F5217F0AD367
:109A5000FFE7BDF80400C0085C2804D8FFE7062033
:109A60008DF8070057E1FFE7BDF80200AE2843D3A9
:109A7000FFE7BDF80200CB283ED8FFE7BDF80400A1
:109A8000282809D3FFE7BDF80400C72804D8FFE75A
:109A900007208DF807003EE1BDF80400DC280AD35A
:109AA000FFE7BDF8040080085E2804D8FFE708201F
:109AB0008DF807002FE1BDF80400B0F5C87F0AD388
:109AC000FFE7BDF804000009222804D8FFE70920B9
:109AD0008DF807001FE1BDF80400B0F5117F0AD32F
:109AE000FFE7BDF804008008B82804D8FFE70A2083
:109AF0008DF807000FE1FFE7BDF80200FA2844D314
:109B0000FFE7BDF80200C00822283ED8FFE7BDF8F5
:109B10000400282809D3FFE7BDF80400C72804D8AB
:109B2000FFE710208DF80700F5E0BDF80400DC2801
:109B30000AD3FFE7BDF8040080085E2804D8FFE7D9
:109B400011208DF80700E6E0BDF80400B0F5C87FED
:109B50000AD3FFE7BDF804000009222804D8FFE774
:109B600012208DF80700D6E0BDF80400B0F5117F93
:109B70000AD3FFE7BDF804008008B82804D8FFE73F
:109B800013208DF80700C6E0FFE7BDF80200B0F52E
:109B9000CC7F54D3FFE7BDF8020080086C284ED874
:109BA000FFE7BDF80400282809D3FFE7BDF804004B
:109BB0009F2804D8FFE70B208DF80700ABE0BDF825
:109BC0000400B8280AD3FFE7BDF8040000091228F2
:109BD00004D8FFE70C208DF807009CE0BDF80400D6
:109BE000B0F5A47F0AD3FFE7BDF80400800906287A
:109BF00004D8FFE70D208DF807008CE0BDF80400C5
:109C0000B0F5EC7F0AD3FFE7BDF804000009242873
:109C100004D8FFE70E208DF807007CE0BDF80400B3
:109C2000B0F51A7F0AD3FFE7BDF8040040091628F3
:109C300004D8FFE70F208DF807006CE0FFE7BDF8C0
:109C40000200B0F5A47F24D3FFE7BDF80200C008EE
:109C50002C281ED8FFE7BDF80400282809D3FFE709
:109C6000BDF80400A92804D8FFE714208DF80700E8
:109C700051E0BDF80400BE280AD3FFE7BDF8040098
:109C80008009042804D8FFE715208DF8070042E07A
:109C9000FFE7BDF80200B0F5A07F38D3FFE7BDF8BD
:109CA00002004008B42832D8FFE7BDF80400B0F540
:109CB000D77F0BD3FFE7BDF8040040F211218842A3
:109CC00004D8FFE716208DF8070024E0BDF8040053
:109CD000B0F5087F0AD9FFE7BDF80400B0F5217F91
:109CE00004D8FFE717208DF8070014E0BDF8040042
:109CF000B0F5257F0AD3FFE7BDF80400C0085E2851
:109D000004D8FFE718208DF8070004E0FFE70020E3
:109D10008DF80700FFE79DF8070002B070470000CC
:109D200080B58CB08DF82F009DF82F00062801DB40
:109D3000FFE76FE09DF82F0000EB400145F2B070A7
:109D4000C0F6110000EB81000A900A988068FEF6C8
:109D500037FF694642F64510069008607821029167
:109D60004FF4FA7203924FF496730493184607F770
:109D70005FFF0299039A049BEC4641F2A200059012
:109D8000CCF80000184603F017FE9DF82F00C0EB3A
:109D9000C0014FF4784000EB411080B26946086082
:109DA00040F26D10962140F2B312DC2307F740FF1A
:109DB00004980A9989686A464FF6FF7353601160E8
:109DC000F221C9221823FFF633FF0598694648603F
:109DD00046F22960C0F6010008608C2007904FF41D
:109DE000AA714FF40272089210230993FFF620FF24
:109DF00006990798089A099BEC46CCF8041046F29D
:109E00001871C0F60101CCF800104FF4B971FFF6DB
:109E10000FFFFFE70CB080BD80B594B08DF84F0008
:109E20001291119241F69011C2F2034100200B9061
:109E3000087040F22E01C2F20041FF2008704DF67A
:109E4000FB6005F725FB0B996A4641F2A2000A90D8
:109E5000106040F21F320C922F23084607F7E8FEED
:109E60000B986A4642F6451111603021B42240F247
:109E7000BF1307F7DDFE0A990B980C9A6B46196021
:109E80004FF4E07140F2DF1307F7D2FE68464FF659
:109E9000FF71816046F20441C0F601014160182360
:109EA000036010200F900C214FF4B47201F7C0FA38
:109EB0000F9B68464FF4FC61816046F24161C0F639
:109EC00001014160036012200E90482191220D9201
:109ED00001F7AEFA0D9A0E980F9B9DF84F1046F2BF
:109EE000672EC0F6010E46F22A2CC0F6010C00299E
:109EF00018BFF4464FF4784E002918BF4FF4FC6E9B
:109F00006946C1F808E0C1F804C00B606E2101F792
:109F10008FFA0D9A0E980F9B69464FF6E07CC1F8B8
:109F200008C046F2F92CC0F6010CC1F804C00B6061
:109F3000902101F77DFA0E980F9B694649F6F3428E
:109F40008A6046F28A02C0F601024A600B60B221C2
:109F5000412201F76DFA129870B1FFE71299684635
:109F60004FF6FF7282604160102303601220C82107
:109F7000912201F75DFAFFE768464FF6FF710691FF
:109F8000816046F24801C0F6010141601023099347
:109F9000036012200790F0219122089201F748FAFD
:109FA000DDF818C00798089A099B6946C1F808C0EF
:109FB00046F2AF2CC0F6010CC1F804C00B604FF4A0
:109FC000877101F735FA07986A4644F669211160EE
:109FD0004FF499710391A22204924FF4AF73059349
:109FE00007F726FE0399049A059BDDF818C0079829
:109FF000EE46CEF800C003F0DFFC06990798089AF9
:10A00000099BEC46CCF8041046F2FE31C0F6010183
:10A01000CCF800104FF4A071FFF60AFE00208DF876
:10A020004300FFE79DF8430005280CD8FFE79DF8A3
:10A0300043000021FEF7FCFCFFE79DF843000130E0
:10A040008DF84300EEE768464FF6FF71816046F2F7
:10A05000E161C0F601014160102303604FF4E47137
:10A060004FF41672184601F7E3F9119801F08CFAD3
:10A0700014B080BD0000000080B592B011908DF842
:10A0800043108DF842200F93FEF70EFB46F2095065
:10A09000C0F61100FEF694FD694641F6E300086043
:10A0A000322009903A210A9140F2EE220B924FF4AD
:10A0B000D7730C9307F7BCFD09980A990B9A0C9B70
:10A0C000EE4649F6F34CCEF800C003F075FC0F984D
:10A0D00018B1FFE70F98089005E046F26C10C0F643
:10A0E00001000890FFE7089968464FF6FF7282600A
:10A0F0004160102303604820462140F28A2201F784
:10A1000097F900208DF83B00FFE79DF83B000728FA
:10A1100074D8FFE79DF83B00C1074820002918BF0D
:10A120004FF4CD70ADF838009DF83B004008662232
:10A13000342110FB0120ADF836009DF93B109DF94C
:10A14000422044F66920914208BF40F2ED50ADF83C
:10A1500034009DF83B009DF84310884205DBFFE783
:10A1600041F6E300ADF83400FFE7BDF83800BDF874
:10A17000361000F59E7201F12703BDF834C0EE469B
:10A18000CEF800C092B29BB207F752FDBDF838007E
:10A19000BDF8361000F59E7201F12703EE4649F630
:10A1A000F34CCEF800C092B29BB203F005FC9DF8D0
:10A1B0003B009DF84310884219DAFFE7BDF83800EC
:10A1C000BDF836100C31DDF844C09DF83B200D235E
:10A1D00012FB03C26B464FF6FF7CC3F804C01A6043
:10A1E00089B240F23D121023FFF622FDFFE7FFE7A0
:10A1F0009DF83B0001308DF83B0086E76946012061
:10A200000490086046F26953C0F611034820079095
:10A210004FF4A5710591BE220692FEF66DFD0599DB
:10A22000069A9DF94200C043C00F6B46186046F283
:10A23000B113C0F6010340F23110FEF65DFD049843
:10A240000599069A6B46186046F28133C0F6010301
:10A2500040F21A20FEF650FD0798694649F6F3428F
:10A260008A6046F28312C0F601024A6010230B6036
:10A270004FF4C47140F28A2201F7DAF812B080BDBF
:10A2800080B592B01190109141F69010C2F2034047
:10A2900000788DF83F0041F69210C2F2034000882A
:10A2A000ADF83C0041F69410C2F203400088ADF8CE
:10A2B0003A00FEF7F9F946F2C740C0F60100FEF693
:10A2C0007FFC694641F6E300086050200A9078213F
:10A2D0000B914FF434720C924FF4B4730D9307F753
:10A2E000A7FC0A980B990C9A0D9BEE4649F6F34C85
:10A2F000CEF800C003F060FB109818B1FFE710988B
:10A30000099005E046F2B740C0F601000990FFE76A
:10A31000099968464FF6E072826041601823036035
:10A320006E2096214FF40C7201F782F8119818B143
:10A33000FFE71198089005E046F61870C0F6010096
:10A340000890FFE7089968464FF6FF728260416007
:10A35000182303606E200490C8214FF40C7201F79B
:10A3600067F804986A4601210591116046F64F335B
:10A37000C0F611034FF487710691AA220792FEF6E8
:10A38000BBFC05980699079A6B46186046F24C1379
:10A39000C0F6010340F23B10FEF6AEFC05980699AC
:10A3A000079A6B46186046F28133C0F601034FF4FA
:10A3B0000270FEF6A1FC9DF83F0038B1FFE7BDF842
:10A3C0003C00BDF83A10FEF68BFAFFE712B080BDF4
:10A3D00010B59AB084461D98DDF870E0CDF864C0E1
:10A3E0008DF863108DF862208DF861308DF8600073
:10A3F00041F69010C2F2034000788DF85D0041F6FE
:10A400009210C2F203400088ADF85A0041F6941051
:10A41000C2F203400088ADF85800FEF745F946F255
:10A420002740C0F60100FEF6CBFB684641F2A201D0
:10A430001291816046F2B311C0F601014160102310
:10A4400014930360282036211391822200F7F0FF35
:10A45000129A1399149B6846826046F28122C0F6D4
:10A46000010242600360DC20462200F7E1FF129AFD
:10A470001399149B6846826046F2DC42C0F60102E2
:10A48000426003604FF4A270502200F7D1FF129A8D
:10A490001399149B6846826046F2D832C0F60102D6
:10A4A000426003604FF4D7708C2200F7C1FF002098
:10A4B0008DF85F00FFE79DF85F00052800F2B88087
:10A4C000FFE79DF8620000EB40019DF85F0000EBA4
:10A4D00041008DF85E009DF85F004A22362110FB96
:10A4E0000120ADF856009DF95E109DF9612041F6FE
:10A4F000E300914208BF40F2ED50ADF85400BDF8C2
:10A50000561001F12F00BDF854206B461A6083B23B
:10A510001820109040F24D22119207F789FB1098F5
:10A52000119ABDF8561001F12F039DF95EE09DF9D7
:10A53000614049F6F34CA64508BF4FF6E07CEE4675
:10A54000CEF800C09BB203F037FA1998002868D003
:10A55000FFE79DF85E009DF86310884261DAFFE72F
:10A56000BDF856000F3019999DF85E2002EB4202AB
:10A5700001EB021269464FF6FF730D938B604A6040
:10A5800010230F930B6081B22820962200F750FF12
:10A590000F9BBDF856000F3019999DF85E2002EB15
:10A5A000420201EB02110D316A4649F6F34CCDF837
:10A5B00038C0C2F808C01360516081B2DC20482264
:10A5C00000F736FF0D990F9BBDF856000F30199A12
:10A5D0009DF85EC00CEB4C0C02EB0C12926AEC4640
:10A5E000CCF8001081B24FF4A27000F06DFFDDF8DE
:10A5F00038C00F9BBDF856000F3019999DF85E20AA
:10A6000002EB420201EB021115316A46C2F808C0A2
:10A610001360516081B24FF4D7708C2200F708FFAD
:10A62000FFE7FFE79DF85F0001308DF85F0042E72C
:10A630009DF86000B0FA80F040096946086046F273
:10A640006E53C0F611034FF41B7046219B22FEF699
:10A6500053FB9DF8601000200C9049B9FFE79DF96D
:10A6600061100020B1F1FF3FC8BF01200C90FFE74F
:10A670000C9800F001006946086046F24943C0F6B4
:10A6800011034FF41B7080219B22FEF635FB9DF8D1
:10A69000601000200B9049B9FFE79DF96110002080
:10A6A000B1F1FF3FC8BF01200B90FFE70B9800F00E
:10A6B00001006946086046F2A123C0F601034FF489
:10A6C0001B70BA219B22FEF617FB9DF8601000203C
:10A6D0000A9039B9FFE79DF86200002818BF0120F1
:10A6E0000A90FFE70A9800F001006946086046F208
:10A6F0006653C0F601034FF41B70F4219B22FEF653
:10A70000FBFA9DF8630005304AF6AB21CAF6AA2190
:10A71000A0FB011080088DF85C009DF860100020FF
:10A72000099059B9FFE79DF86200411C9DF85C2033
:10A730000020914238BF01200990FFE7099800F0FE
:10A7400001006946086046F2F653C0F601034FF473
:10A750001B7005904FF497719B220492FEF6CCFA81
:10A76000049A05989DF86010B1FA81F149096B4689
:10A77000196046F21433C0F601034FF4B471FEF6CB
:10A78000BBFA0598694641F2A20206928A6045F634
:10A790003272C0F611024A60102308930B604FF426
:10A7A000CF7107912C2200F743FE06980799089B6A
:10A7B0009DF862200132EC46CCF800004FF427707F
:10A7C00000F082FE0799089B684649F6F3428260D2
:10A7D00046F64902C0F60102426003604FF42F7052
:10A7E0000C2200F725FE9DF85C0020B1FFE79DF8E4
:10A7F0005C00039002E001200390FFE7039A6946A2
:10A8000041F2A20008604FF434704FF4CF7110236E
:10A8100000F05AFE1C989DF8601000F00DF89DF8AD
:10A820005D0038B1FFE7BDF85A00BDF85810FEF6DC
:10A8300057F8FFE71AB010BD80B588B007908DF8C3
:10A840001B10694641F2A2000860BE204FF4E2717D
:10A8500040F2163240F2DB1307F7EAF99DF81B00CD
:10A8600070B3FFE768464FF6E071816046F25961C8
:10A87000C0F60101416010230360C8204FF4E47169
:10A88000402200F7D5FD079818B1FFE7079805901B
:10A8900005E046F2C350C0F601000590FFE70599B8
:10A8A00068464FF6FF7282604160102303604FF4E8
:10A8B00082704FF4E4714FF4FF7200F7B9FD1BE0B2
:10A8C000079818B1FFE70798049005E046F2536037
:10A8D000C0F601000490FFE7049968464FF6FF7246
:10A8E0008260416010230360C8204FF4E47140F29D
:10A8F0003A2200F79DFDFFE708B080BD0000000090
:10A9000080B58CB08DF82F0041F69011C2F2034152
:10A9100000200A9008704DF6FB6004F7B9FD0A9913
:10A920006A4641F2A20008901060BE2240F2DF1396
:10A93000084607F77DF969464FF6FF70886046F2D2
:10A94000A830C0F601004860202008601820099057
:10A950002C2196220792402300F76AFD09986A4647
:10A9600049F6F3410591916046F2BB61C0F60101E1
:10A9700051601021069111607021912203923023C1
:10A98000049300F755FD039A049B06990998DDF896
:10A9900014E0EC46CCF808E046F2B83EC0F6010EF2
:10A9A000CCF804E0CCF80010842100F741FD0699B2
:10A9B000079A09989DF82F3046F2742EC0F6010EC2
:10A9C00046F2382CC0F6010C002B18BFF4464FF4A9
:10A9D000784E002B18BF4FF4FC6E6B46C3F808E0AE
:10A9E000C3F804C019604FF4C971122300F720FDA9
:10A9F0000898099B6946486046F2C430C0F60100D9
:10AA00000860FA201C214FF4E172FFF611F90A9850
:10AA10008DF82E00FFE79DF82E0003281DD8FFE7D4
:10AA200000208DF82D00FFE79DF82D0002280DD89D
:10AA3000FFE79DF82E009DF82D10FEF6C1F9FFE707
:10AA40009DF82D0001308DF82D00EDE7FFE79DF812
:10AA50002E0001308DF82E00DDE746F2AE32C0F652
:10AA6000010200231846194601F7BEF80CB080BD5C
:10AA700080B588B084460B98DDF828E0ADF81EC09C
:10AA8000ADF81C10ADF81A20ADF81830ADF816006E
:10AA90000A9808B9FFE786E0BDF81E00ADF814007B
:10AAA000BDF81E00BDF81A100844ADF81200BDF83C
:10AAB0001C00BDF818100844ADF81000FFE70A9814
:10AAC00001780020029061B1FFE7BDF81C00103052
:10AAD00081B2BDF8102000209142D8BF0120029021
:10AAE000FFE70298C00700285DD0FFE70A98411CE5
:10AAF0000A9100788DF80F009DF80F000D2801D104
:10AB0000FFE7DCE79DF80F000A280AD1FFE7BDF850
:10AB10001400ADF81E00BDF81C001230ADF81C008A
:10AB2000CDE7BDF81E00083080B2BDF81210884293
:10AB300014DDFFE7BDF81400ADF81E00BDF81C00E1
:10AB40001230ADF81C00BDF81C00103080B2BDF80A
:10AB50001010884201DDFFE725E0FFE79DF80F00B8
:10AB6000202805DBFFE79DF80F007F2804DBFFE7C7
:10AB70002E208DF80F00FFE7BDF81E00BDF81C1059
:10AB80009DF80F20BDF81630EC46CCF804300123B8
:10AB9000CCF80030102303F033FFBDF81E0008305E
:10ABA000ADF81E008BE708B080BD0000000000007B
:10ABB000B0B5B6B094468E4604463E983D993C9951
:10ABC0003B9A3A9D8DF8D7408DF8D6E08DF8D5C0E8
:10ABD0008DF8D4308DF8D3208DF8D2108DF8D100B7
:10ABE00041F69010C2F2034000788DF8D00041F693
:10ABF0009210C2F203400088ADF8CE0041F69410E6
:10AC0000C2F203400088ADF8CC00FDF74DFD46F2DE
:10AC1000E240C0F60100FDF6D3FF9DF8D20090B1EE
:10AC2000FFE768464FF6E071816046F23D11C0F6DD
:10AC3000010141601023036040F226206022194682
:10AC400000F7F6FBFFE7694641F6E3001E90086057
:10AC500018201F903E2110914FF4C272219284233C
:10AC6000119306F7E5FF1099119B1F98219AEE4664
:10AC700049F6F34CCDF8B4C0CEF800C002F09CFE0B
:10AC80002D996846816046F27A61C0F60101416003
:10AC900010232C93036028202490462112914FF416
:10ACA000827200F7C5FB24989DF8D7100139B1FADC
:10ACB00081F149099DF8D120B2FA82F253096A461E
:10ACC000936046F20F63C0F60103136051605C218C
:10ACD000139164222F9220232893FEF6A1FB13994F
:10ACE000289B2F9A9DF8D7000238B0FA80F04009CF
:10ACF0009DF8D1C0BCFA8CFC4FEA5C1EEC46CCF847
:10AD000008E046F2603EC0F6010ECCF800E0CCF858
:10AD100004009420FEF684FB1399289B2F9A9DF83B
:10AD2000D7000338B0FA80F040099DF8D1C0BCFAD2
:10AD30008CFC4FEA5C1EEC46CCF808E046F20F3E75
:10AD4000C0F6010ECCF800E0CCF804004FF480709F
:10AD5000FEF666FB1099119B1E986A4610604FF430
:10AD6000CE700F904FF44272179206F761FF0F9862
:10AD70001099119B179ADDF8B4C0EE46CEF800C0CA
:10AD800002F01AFE12992D9A2C9B6846826046F2B8
:10AD9000BE22C0F60102426003604FF4D6702990D3
:10ADA000E622239200F744FB1399289B29982F9AB7
:10ADB0009DF8D6C0ACF1010CBCFA8CFC4FEA5C1CCF
:10ADC0009DF8D1E0BEFA8EFE4FEA5E14EE46CEF854
:10ADD000084046F28E34C0F60104CEF80040CEF8AA
:10ADE00004C0FEF61DFB1399289B2F9A9DF8D600F0
:10ADF0000238B0FA80F040099DF8D1C0BCFA8CFC52
:10AE00004FEA5C1EEC46CCF808E046F2A13EC0F6E4
:10AE1000010ECCF800E0CCF804004FF40670FEF60A
:10AE2000FFFA1399289B2F9A9DF8D6000338B0FAA1
:10AE300080F040099DF8D1C0BCFA8CFC4FEA5C1E42
:10AE4000EC46CCF808E045F6597EC0F6110ECCF879
:10AE500000E0CCF804004FF42170FEF6E1FA179AF6
:10AE60001E991F986B46196090211491D223159357
:10AE700006F7DEFE1499159B179A1F98DDF8B4C0EB
:10AE8000EE46CEF800C002F097FD239A2498DDF834
:10AE9000B4C02C9B6946C1F808C046F2105CC0F6ED
:10AEA000010CC1F804C00B60982100F7C1FA249886
:10AEB0009DF8D5101939B1FA81F149099DF8D120D1
:10AEC000B2FA82F253096A46936045F6D273C0F62D
:10AED000010313605160AE211691A0222B921E2314
:10AEE0001D93FEF69DFA16991D9B2B9A9DF8D50091
:10AEF0003238B0FA80F040099DF8D1C0BCFA8CFC21
:10AF00004FEA5C1EEC46CCF808E045F6CE7EC0F673
:10AF1000010ECCF800E0CCF80400DC201990FEF61D
:10AF20007FFA16991D9B2B9A9DF8D5004B38B0FAE5
:10AF300080F040099DF8D1C0BCFA8CFC4FEA5C1E41
:10AF4000EC46CCF808E045F6D67EC0F6010ECCF80B
:10AF500000E0CCF804004FF4C8701A90FEF660FAD6
:10AF600016991D9B2B9A9DF8D5006438B0FA80F095
:10AF700040099DF8D1C0BCFA8CFC4FEA5C1EEC463F
:10AF8000CCF808E045F6C97EC0F6010ECCF800E02A
:10AF9000CCF804004FF411701B90FEF641FA179A9A
:10AFA00019991E9B1F98EC46CCF800304FF48F7314
:10AFB000189306F73DFE179A189B19991F98DDF80C
:10AFC000B4C0EE46CEF800C002F0F6FC24982D9AEC
:10AFD0002C9B69468A6046F25E62C0F601024A60B6
:10AFE0000B60E4214FF4B47200F722FA1D9B249801
:10AFF0002B9A3A99B1FA81F149099DF8D1C0BCFA6E
:10B000008CFC4FEA5C1EEC46CCF808E0CCF804104F
:10B0100046F2CA21C0F601012591CCF80010FA21B0
:10B020001C91FEF6FDF919981C991D9B2B9ADDF8D1
:10B03000E8C0ACF11E0CBCFA8CFC4FEA5C1C9DF81D
:10B04000D1E0BEFA8EFE4FEA5E14EE46CEF808401E
:10B0500046F2B604C0F60104CEF80040CEF804C0B3
:10B06000FEF6DEF91A981C991D9B2B9ADDF8E8C0B4
:10B07000ACF13C0CBCFA8CFC4FEA5C1C9DF8D1E0B6
:10B08000BEFA8EFE4FEA5E14EE46CEF8084046F257
:10B09000BD04C0F60104CEF80040CEF804C0FEF6B0
:10B0A000BFF91B981C991D9B2B9ADDF8E8C0ACF1E9
:10B0B000780CBCFA8CFC4FEA5C1C9DF8D1E0BEFA1F
:10B0C0008EFE4FEA5E14EE46CEF8084046F2AE041D
:10B0D000C0F60104CEF80040CEF804C0FEF6A0F998
:10B0E0001E991F98219A6B4619604FF49471209114
:10B0F0004FF4BB73229306F79BFD1F982099219A6A
:10B10000229BDDF8B4C0EE46CEF800C002F054FC3D
:10B11000239A2498DDF8B4C02C9B6946C1F808C076
:10B1200046F26F5CC0F6010CC1F804C00B604FF42E
:10B1300098712A9100F77CF92498289B9DF8D310E8
:10B14000002918BF01219DF8D120B2FA82F24FEAFE
:10B15000521C6A46C2F808C0516045F6B971C0F683
:10B16000010111604FF4A471269182222792FEF60C
:10B1700057F925982699279A289B9DF8D3C0BCFAA1
:10B180008CFC4FEA5C1E9DF8D1C0BCFA8CFC4FEAE7
:10B190005C14EC46CCF80840CCF804E0CCF8000095
:10B1A000BE20FEF63DF929982A992B9A2C9BDDF8B2
:10B1B000B4E0EC46CCF808E046F2085EC0F6010EBA
:10B1C000CCF804E0CCF8003000F732F92F9A9DF863
:10B1D000D100B0FA80F040096946886000203190C3
:10B1E000486046F2DE10C0F6010008604FF4D770E8
:10B1F0004FF4A0712E912A233093FEF611F92E9967
:10B200002F9A309B31989DF8D1C0BCFA8CFC4FEA44
:10B210005C1EEC46CCF808E0CCF8040046F237504F
:10B22000C0F60100CCF8000040F22120FEF6F8F84C
:10B2300031989DF8D110329039B9FFE79DF8D200CE
:10B24000002818BF01203290FFE7329800F001007B
:10B25000694688600020486046F64F30C0F611000D
:10B2600008604FF425704FF4A07164222A23FEF683
:10B27000D7F8694641F6E3000860182006904FF4BD
:10B28000BF7107914FF4427208924FF4DD73099336
:10B2900006F7CEFC06980799089A099BEE4649F6F0
:10B2A000F34CCDF828C0CEF800C002F085FB0A9917
:10B2B0006846816046F2E311C0F601014160102347
:10B2C000036028200B9040F28511E62200F7B0F8C9
:10B2D0000B989DF8D410B1FA81F149099DF8D1205D
:10B2E000B2FA82F253096A469360516045F6CF7113
:10B2F000C0F6010111604FF4CC710C9178220D92CF
:10B300001C230E93FEF68CF80C990D9A0E9B9DF85B
:10B31000D4001938B0FA80F040099DF8D1C0BCFAC9
:10B320008CFC4FEA5C1EEC46CCF808E045F6D27E79
:10B33000C0F6010ECCF800E0CCF80400B820FEF610
:10B340006FF80C990D9A0E9B9DF8D4003238B0FA24
:10B3500080F040099DF8D1C0BCFA8CFC4FEA5C1E1D
:10B36000EC46CCF808E045F6CE7EC0F6010ECCF8EF
:10B3700000E0CCF804004FF4A470FEF651F80C99EC
:10B380000D9A0E9B9DF8D4004B38B0FA80F040091E
:10B390009DF8D1C0BCFA8CFC4FEA5C1EEC46CCF8A0
:10B3A00008E045F6D67EC0F6010ECCF800E0CCF8F9
:10B3B00004004FF4EC70FEF633F80C990D9A0E9BD6
:10B3C0009DF8D4006438B0FA80F040099DF8D1C0EF
:10B3D000BCFA8CFC4FEA5C1EEC46CCF808E045F663
:10B3E000C97EC0F6010ECCF800E0CCF804004FF4A2
:10B3F0001A70FEF615F8694641F2A2000860BE20F8
:10B400004FF4E27140F2163240F2DB1306F710FC03
:10B410009DF8D10070B3FFE768464FF6E071816098
:10B4200046F25961C0F60101416010230360C82053
:10B430004FF4E4714022FFF6FBFF3D9818B1FFE79F
:10B440003D98059005E046F2C350C0F60100059016
:10B45000FFE7059968464FF6FF728260416010234E
:10B4600003604FF482704FF4E4714FF4FF72FFF603
:10B47000DFFF1BE03D9818B1FFE73D98049005E021
:10B4800046F25360C0F601000490FFE70499684655
:10B490004FF6FF728260416010230360C8204FF4B2
:10B4A000E47140F23A22FFF6C3FFFFE79DF8D000B7
:10B4B00038B1FFE7BDF8CE00BDF8CC10FDF610FAAC
:10B4C000FFE736B0B0BD000010B58AB084460C98D6
:10B4D000ADF826C0ADF8241008928DF81F30ADF8F5
:10B4E0001C000A208DF8100000208DF81B00FFE7DB
:10B4F0009DF8100001388DF8100008984CF6CD41E9
:10B50000CCF6CC41A0FB0132D20802EB8202A0EBC8
:10B51000420040F030009DF810300DF11102D0547F
:10B520000898A0FB0110C0080890FFE708990020C8
:10B53000039039B1FFE79DF81000002818BF0120E3
:10B540000390FFE70398C0070028D1D1FFE7BDF8BB
:10B550002600BDF824109DF810E0CEF10A029DF8F7
:10B560001F305A430DF1110CE644BDF81C40EC4667
:10B57000CCF80840CCF804E0CCF80030C2F34F021D
:10B58000FFF656FF0AB010BD80B58AB0099041F6AB
:10B590009010C2F2034000788DF81A0041F6921024
:10B5A000C2F203400088ADF8180041F69410C2F2D0
:10B5B00003400088ADF81600FDF776F809980DF104
:10B5C0001B010491FDF7B0FD694641F2A20008603D
:10B5D0004FF42370082140F21632272306F728FB88
:10B5E000049968464FF6FF72826041601823036039
:10B5F00040F296200C218022FFF61AFF9DF81A00D7
:10B6000038B1FFE7BDF81800BDF81610FDF668F96F
:10B61000FFE70AB080BD000010B58CB08C468646AE
:10B6200010980F990E99CDF82CE0CDF828C009920A
:10B63000ADF822308DF821108DF8200041F69010E1
:10B64000C2F2034000788DF81F0041F69210C2F25A
:10B6500003400088ADF81C0041F69410C2F203408C
:10B660000088ADF81A00FDF71FF8694641F6E300BF
:10B6700008608E203C214FF43E725B2306F7D8FA17
:10B680000A9818B1FFE70A98059005E046F6187089
:10B69000C0F601000590FFE7059968464FF6FF7276
:10B6A0008260416018230360962040214FF4167297
:10B6B000FFF6BEFE9DF8210030B3FFE7694641F674
:10B6C000E30008602A209E2140F2F622BB2306F701
:10B6D000AFFA0F9818B1FFE70F98049005E046F60F
:10B6E0001870C0F601000490FFE7049968464FF611
:10B6F000FF7282604160102303603020A4214FF468
:10B700002F72FFF695FE42E0694641F6E3000860BD
:10B7100028206C2140F2F722BC2306F789FA099809
:10B72000FEF626F869464FF6FF724A600860302040
:10B7300070214FF42F724823FFF79AF9694641F2BE
:10B74000A200086000204FF4E07140F21F3240F286
:10B75000DF1306F76DFA0F9818B1FFE70F98039003
:10B7600005E046F61870C0F601000390FFE7039964
:10B7700068464FF6FF7282604160102303604FF409
:10B78000E4714FF43E721846FFF652FEFFE79DF853
:10B790001F0038B1FFE7BDF81C00BDF81A10FDF618
:10B7A0009FF8FFE70CB010BD80B5A0B01F901E91B0
:10B7B0001F9818B1FFE71E9808B9FFE7ABE11F9883
:10B7C000FDF7A6FF1A901E98FDF7A2FF19901F988B
:10B7D00000791E990979401A18BF01208DF876006A
:10B7E0001F98407A1E99497A401A18BF01208DF897
:10B7F00075001A981999401A18BF01208DF8740025
:10B800001F9825301E992531F4F736FD002818BF02
:10B8100001208DF873009DF876100120179079B9FA
:10B82000FFE79DF875100120179049B9FFE71F98B1
:10B83000807A1E99897A401A18BF01201790FFE775
:10B84000179800F001008DF872009DF8720048B959
:10B85000FFE79DF8740028B9FFE79DF8730008B969
:10B86000FFE758E141F69010C2F2034000788DF8EE
:10B87000770041F69210C2F203400088ADF87000E4
:10B8800041F69410C2F203400088ADF86E00FCF758
:10B890000BFF1F980079022805D0FFE71F98007959
:10B8A000042806D1FFE746F28F20C0F6010016906B
:10B8B0000EE01F98027946F2F111C0F6010146F23E
:10B8C0001760C0F60100032A08BF08461690FFE77C
:10B8D000169818909DF8760030B3FFE7694641F658
:10B8E000E30008608C2015909A21149140F23F12D9
:10B8F000A92306F79DF91F980079FDF729FF1499F0
:10B90000034615981F9A12794FF6E07C062A08BF65
:10B910004FF4784C6A46C2F808C053601023136095
:10B92000B422FFF685FDFFE79DF87500C8B1FFE77B
:10B93000694641F6E30008608C201290F0211391D3
:10B94000AF22FF2306F774F9129813991F9A527ABF
:10B95000EC464FF6FF73CCF800301023FFF7B4FD30
:10B96000FFE79DF87400002852D0FFE7694641F6D2
:10B97000E30008604FF4CF700C90F0210D9140F27D
:10B98000C112FF2306F754F90C980D991A9AEC4648
:10B990004FF6FF73CCF800301023FFF795FD694692
:10B9A00042F6451008602C200E904FF489710F91DB
:10B9B00040F22E22109240F22B13119306F738F921
:10B9C0000E980F99109A119BEE4649F6F34CCEF85B
:10B9D00000C001F0F1FF1A98C8B1FFE71A98C0EB58
:10B9E0000020400048F21F51C5F2EB11A0FB0101FD
:10B9F0002E2000EB51116B4640F2ED521A608AB2D4
:10BA00004FF48A7140F2291306F712F9FFE7FFE7B6
:10BA10009DF8730008B3FFE7694641F6E30008604C
:10BA20002C200A904FF4A5710B9140F2292240F28C
:10BA3000591306F7FDF80A980B991F9A02F125038E
:10BA40006A464FF6FF7CC2F808C0536010231360AB
:10BA50004FF4FF72FFF6ECFCFFE79DF87200002840
:10BA60004ED0FFE7189808901F984179012009905F
:10BA700041B9FFE71F9800790338B0FA80F0400918
:10BA80000990FFE7089A099800F001034FF41B7032
:10BA900005907821FDF668FC05981F998B7A46F28F
:10BAA000CB02C0F60102AA210491FDF65DFC0499C7
:10BAB0001F98837A46F2C402C0F6010240F2BD200C
:10BAC0000690FDF651FC05981F994B7A002B18BF84
:10BAD000012346F20E02C0F60102DC210791FDF6B9
:10BAE00043FC069807991F9A527A0023642A38BFAC
:10BAF000012346F20802C0F60102FDF635FCFFE71D
:10BB00009DF8770038B1FFE7BDF87000BDF86E1002
:10BB1000FCF6E6FEFFE720B080BD0000000000005C
:10BB200080B582B003F760FC01F0B2FCA02001F008
:10BB30006FFC01F0F5FC8DF8070001F0D1FC9DF8D9
:10BB40000700B0FA80F0400902B080BD000000009C
:10BB500080B503F749FC80BD80B584B0ADF80E0018
:10BB60000291ADF80620FFE7BDF80600411EADF8D2
:10BB7000061060B1FFE7BDF80E00411CADF80E10D5
:10BB800000F00AF802994A1C02920870ECE704B02F
:10BB900080BD00000000000080B582B0ADF8060056
:10BBA000002000908DF8050001F072FC9DF8071050
:10BBB000A02000EB4100C0B201F02AFC01F0B0FC73
:10BBC0009DF8060001F024FC01F0AAFC01F060FCE5
:10BBD000A12001F01DFC01F0A3FC009801F0CCFBBA
:10BBE0008DF8050001F07CFC9DF8050002B080BDD9
:10BBF00080B584B0ADF80E000291ADF80620FFE7E5
:10BC0000BDF80600411EADF8061078B1FFE7BDF89B
:10BC10000E000299097800F7E3FFBDF80E0001302D
:10BC2000ADF80E00029801300290E9E704B080BD43
:10BC3000B0B584B00390039800B3FFE70399019176
:10BC400041F29422C2F20342029210695369D2F87F
:10BC500018C0D2F81CE0146A556A4D610C61C1F835
:10BC60000CE0C1F808C04B600860906AD26ACA61F3
:10BC7000886105F0C9FC03998861FFE704B0B0BD95
:10BC800080B582B000208DF80700FFE79DF807001F
:10BC90000A280FD8FFE79DF8072041F29421C2F24D
:10BCA000034100208854FFE79DF8070001308DF81C
:10BCB0000700EBE741F29421C2F203410020C87271
:10BCC0000873086148618861C861086248628862D7
:10BCD00081F82C0081F82D0081F82E0005F0D4FCAD
:10BCE00001F756F902B080BD83B001900091009831
:10BCF000023800900098019949690239884203D3BB
:10BD0000FFE70020029007E00198826A40890099CD
:10BD100000FB01200290FFE7029803B0704700008B
:10BD200080B588B006900591069800680090059847
:10BD300080B9FFE70098C0680290029830B1FFE731
:10BD4000029800994969884203D3FFE701200290D5
:10BD5000FFE71EE00698059900F096FF049004980E
:10BD6000012803D8FFE701200790C7E004980130BD
:10BD700018B9FFE704980790C0E004980099496952
:10BD8000884203D2FFE704980790B7E00598029035
:10BD9000FFE70098006918B9FFE700200790ADE0C1
:10BDA0000020039002980599884233D1FFE702985A
:10BDB00001300390039800994969884203D3FFE753
:10BDC00002200390FFE70698039900F05DFF0490BE
:10BDD0000498012804D0FFE70498013018B9FFE760
:10BDE000049807908AE0049898B1FFE70098C0682B
:10BDF00004900498022809D3FFE704980099496940
:10BE0000884203D2FFE704980290FFE700200390E6
:10BE1000FFE7FFE70398A8BBFFE702980390FFE75F
:10BE200003980130039003980099496988420BD325
:10BE3000FFE70220039003980299884203D9FFE7A5
:10BE4000002007905AE0FFE70698039900F01CFFD6
:10BE50000490049808B9FFE713E00498012804D07F
:10BE6000FFE70498013018B9FFE70498079045E010
:10BE700003980299884203D1FFE7002007903DE034
:10BE8000CEE7FFE7009803994FF0FF3204F020FA65
:10BE90008DF807009DF8070058B9FFE7059840B1F5
:10BEA000FFE700980599039A04F012FA8DF807004D
:10BEB000FFE79DF80700A8B9FFE703980099C8605D
:10BEC0000099086949690239884205D8FFE7009955
:10BED000086901380861FFE70099087940F001001E
:10BEE000087108E09DF807100120012908BF4FF0F4
:10BEF000FF300390FFE703980790FFE7079808B02B
:10BF000080BD00000000000080B5022000F0A4F811
:10BF100080BD00000000000080B584B08DF80F00E7
:10BF200000208DF80E00FFE79DF80E00072829DCA1
:10BF3000FFE79DF80F00C20942F20000C5F60200BB
:10BF4000082107F77DFCFFF7DFFF41F60040C5F64B
:10BF50000200019040210291012207F771FCFFF7D6
:10BF6000D3FF01980299002207F76AFC9DF80F00A1
:10BF700040008DF80F00FFE79DF80E0001308DF8AE
:10BF80000E00D1E742F20000C5F6020008210122AE
:10BF900007F756FC04B080BD80B586B042F20000C1
:10BFA000C5F602000190082102910122009207F7D4
:10BFB00047FC009A41F60040C5F60200039040217C
:10BFC000049107F73DFCFFF79FFF019802990022BB
:10BFD000059207F735FCFFF797FF03980499059A38
:10BFE00007F72EFCFFF790FF06B080BD00000000B1
:10BFF00080B584B042F20000C5F60200019008212D
:10C000000291002207F71CFCFFF77EFF41F600407B
:10C01000C5F6020040210122039207F711FCFFF749
:10C0200073FF01980299039A07F70AFCFFF76CFF68
:10C0300004B080BD0000000082B08DF803009DF8C0
:10C04000030018B1FFE70020019002E000200190FA
:10C05000FFE7019802B0704786B00590002001907C
:10C060004EF21400CEF2000000680090059843F6EE
:10C07000A421C2F203410968484304904EF218001B
:10C08000CEF2000000680390FFE74EF21800CEF2F7
:10C090000000006802900298039988421ED0FFE7D2
:10C0A00002980399884207D2FFE703980299411A40
:10C0B00001980844019008E000980299401A0399F9
:10C0C0000144019808440190FFE702980390019809
:10C0D0000499884201D3FFE701E0FFE7D5E706B006
:10C0E000704700000000000080B586B00590049104
:10C0F0000598006801900598002100F0F9F88DF886
:10C100000F009DF80F0098BBFFE700200290FFE7AB
:10C1100001980599896906F713FC8DF80F009DF8C1
:10C120000F0008B1FFE722E00598C0690078E52814
:10C1300005D0FFE70598C069007848B9FFE7029885
:10C14000013002900499884201D1FFE70FE002E03C
:10C1500000200290FFE70598012101F769FA8DF8A8
:10C160000F00FFE79DF80F000028D1D0FFE7FFE7A1
:10C170009DF80F00042804D1FFE707208DF80F0079
:10C18000FFE79DF80F0006B080BD00000000000032
:10C1900080B58AB008900791089804F029FC20B176
:10C1A000FFE701208DF8270040E008980799FFF786
:10C1B0009BFD069006980899C862089830300021C7
:10C1C00002914FF4007206F7A3FB029808993031F0
:10C1D0000391012104910590FFE705990898428990
:10C1E0000020914201900ED2FFE708984078039911
:10C1F000069A059B1A44049B01F7BEFBB0FA80F037
:10C2000040090190FFE70198C00730B1FFE7FFE761
:10C210000499059808440590DFE70598089949892D
:10C22000401A18BF01208DF82700FFE79DF827006E
:10C230000AB080BD0000000080B586B0049004986C
:10C24000006802900498002100F052F88DF80F0069
:10C250009DF80F0028B1FFE79DF80F008DF817003B
:10C2600040E0FFE702980499896906F769FB8DF8B9
:10C270000F009DF80F0008B1FFE72EE00498C06999
:10C2800000788DF807009DF8070020B9FFE704202B
:10C290008DF80F0021E00499C869C07A00F03F00D2
:10C2A00088710498C069C07A0007002809D4FFE7A4
:10C2B0000499C86920310B2206F7FEFA08B9FFE796
:10C2C0000BE00498002101F7B3F98DF80F00FFE7A8
:10C2D0009DF80F000028C5D0FFE79DF80F008DF8EE
:10C2E0001700FFE79DF8170006B080BD00000000B2
:10C2F00080B586B00490039104980068009003997B
:10C300000020B0EB515F05D1FFE79DF80C00C0069F
:10C3100020B1FFE702208DF8170072E0039804991E
:10C320000861049880680190019848B9FFE7009877
:10C330000078032804DBFFE70098406A0190FFE7DC
:10C34000019880B9FFE7039900980089B0EB511F6D
:10C3500004D8FFE702208DF8170052E00098406AE9
:10C360000499886130E00098408940020290FFE71C
:10C3700003980299884220D3FFE70498019900F0BE
:10C3800083FC01900198013020B9FFE701208DF86E
:10C39000170036E00198022806D3FFE701980099BC
:10C3A0004969884204D3FFE702208DF8170028E08E
:10C3B00002990398401A0390DAE700980199FFF771
:10C3C00093FC04998861FFE70198049948610498F7
:10C3D000806920B9FFE702208DF8170011E0039A69
:10C3E0000499886900EB52208861009803996FF3E3
:10C3F0005F21084430300499C86100208DF817008F
:10C40000FFE79DF8170006B080BD000000000000A7
:10C4100083B08DF80A008DF8091001929DF80A008A
:10C4200020B1FFE704208DF80B0056E040F22D000C
:10C43000C2F200400078C00720B1FFE703208DF86A
:10C440000B004AE09DF8090001460091032840D8FE
:10C450000099DFE801F00206213000208DF80B0082
:10C460003BE0019820B9FFE704208DF80B0034E091
:10C4700040F2B061C2F20041886CC96CCA1710EB7F
:10C48000D25041F10001400A40EAC15001990860D0
:10C4900000208DF80B0020E0019820B9FFE7042070
:10C4A0008DF80B0019E001994FF40070088000200E
:10C4B0008DF80B0011E0019820B9FFE704208DF8FA
:10C4C0000B000AE001990120086000208DF80B00A4
:10C4D00003E004208DF80B00FFE79DF80B0003B08C
:10C4E000704700000000000080B584B08DF80E0099
:10C4F0000291019200939DF80E0030B9FFE7029877
:10C5000018B1FFE7009820B9FFE704208DF80F006D
:10C5100016E040F22D00C2F200400078C00720B1C2
:10C52000FFE703208DF80F000AE002980199009AB6
:10C53000F5F7EEFE002818BF01208DF80F00FFE789
:10C540009DF80F0004B080BD80B584B003900398BF
:10C5500001F742FD8DF80B009DF80B0078B9FFE75D
:10C56000039801A907F7C0FF8DF80B009DF80B0099
:10C5700020B9FFE7039900200860FFE7FFE79DF877
:10C580000B0004B080BD000080B584B00390039818
:10C5900001A907F7A9FF8DF80B009DF80B0020B942
:10C5A000FFE7039900200860FFE79DF80B0004B047
:10C5B00080BD00000000000080B58AB0089007919F
:10C5C000089805A907F790FF8DF81B009DF81B0040
:10C5D00028B9FFE70898407C8DF81B00FFE79DF81D
:10C5E0001B0028B1FFE79DF81B008DF827001EE116
:10C5F00007980899C96888420AD9FFE70898007C1B
:10C600008007002804D4FFE70898C0680790FFE778
:10C6100008984069019000200290089948610798A5
:10C62000002800F0B480FFE705984089400203909D
:10C630000198E0B1FFE707980138039AB0FBF2F0E8
:10C6400001990139B1FBF2F1884210D3FFE701985B
:10C65000013803994942084008994861089841699E
:10C660000798401A079008988069049026E0089877
:10C67000806804900498E8B9FFE708980021FFF764
:10C680004FFB04900498012806D1FFE70899022087
:10C6900048748DF82700CAE00498013030B9FFE7EC
:10C6A0000899012048748DF82700C0E00498089983
:10C6B0008860FFE7049808998861FFE704980028DC
:10C6C00064D0FFE7FFE70798039988423FD9FFE767
:10C6D00003990798401A0790039A089948691044EB
:10C6E00048610898007C800700280CD5FFE708986F
:10C6F0000499FFF715FB0490049818B9FFE7002090
:10C70000079024E005E00898049900F0BDFA049031
:10C71000FFE70498013030B9FFE708990120487419
:10C720008DF8270083E00498022806D3FFE70498D9
:10C7300005994969884206D3FFE7089902204874A1
:10C740008DF8270073E0049808998861BBE7079A81
:10C750000899486910444861BDF81C00C005A0B1A3
:10C76000FFE705980499FFF7BFFA0290029830B9E5
:10C77000FFE70899022048748DF8270057E00799D1
:10C78000029800EB51200290FFE7FFE7FFE70898CF
:10C79000C1684069884209D9FFE708994869C860BB
:10C7A0000899087C40F040000874FFE70898808AE8
:10C7B000C005B8B3FFE702980899C969884231D02B
:10C7C000FFE70898007C0006002817D5FFE70598CA
:10C7D0004078089A02F12801D269012301F7CCF8C8
:10C7E00030B1FFE70899012048748DF827001EE05A
:10C7F0000899087C00F07F000874FFE705984078EE
:10C8000008992831029A0123FFF76EFE30B1FFE745
:10C810000899012048748DF8270008E002980899CB
:10C82000C861FFE79DF81B008DF82700FFE79DF822
:10C8300027000AB080BD000080B588B00690059141
:10C840008DF8132005980090684600F0B9FA029020
:10C850000298B0F1FF3F04DCFFE70B208DF81F00CA
:10C8600031E0029940F2A460C2F2004050F8210089
:10C870000390039820B1FFE7039900200870FFE7B9
:10C88000069820B1FFE7069900200870FFE7069898
:10C89000029A40F2A461C2F2004141F822009DF8E0
:10C8A000130020B9FFE700208DF81F000BE005A85A
:10C8B00006A9002201F73CFE8DF807009DF807004D
:10C8C0008DF81F00FFE79DF81F0008B080BD000035
:10C8D00080B598B0169015918DF85320169820B910
:10C8E000FFE709208DF85F008AE19DF8530000F012
:10C8F0003F008DF853009DF8532015A808A901F7B3
:10C9000017FE8DF852009DF85200002840F06B8110
:10C91000FFE708980990159909A802F785F88DF89E
:10C9200052009DF8520058B9FFE79DF84F000006ED
:10C93000002804D5FFE706208DF85200FFE7FFE747
:10C940009DF8530010F01C0F73D0FFE79DF85200C4
:10C9500090B1FFE79DF85200042806D1FFE709A82F
:10C9600000F776FF8DF85200FFE79DF8530040F086
:10C9700008008DF8530015E09DF82A0010F0110F03
:10C9800004D0FFE707208DF852000AE09DF853001D
:10C990004007002804D5FFE708208DF85200FFE784
:10C9A000FFE7FFE79DF85200002841D1FFE79DF81F
:10C9B0005300000700283BD5FFE70898109905F7BA
:10C9C0002BFB069010980E300021C4F6214103F095
:10C9D0006FFF10992020C8720898109900220192C8
:10C9E00006F7D2FC019910981C3003F061FF0899FA
:10C9F0000120C8700698D0B1FFE70898C06A079078
:10CA0000069909A8002206F7ABFA8DF852009DF8A6
:10CA1000520058B9FFE70898079905F791FF8DF87C
:10CA20005200069801380899C860FFE7FFE7FFE762
:10CA30001FE09DF85200D8B9FFE79DF82A00C00614
:10CA4000002804D5FFE704208DF852000FE09DF880
:10CA500053008007002809D5FFE79DF82A00C0078A
:10CA600020B1FFE707208DF85200FFE7FFE7FFE75F
:10CA7000FFE79DF85200A8B9FFE79DF853000007B3
:10CA8000002807D5FFE79DF8530040F040008DF8DF
:10CA90005300FFE70898C06A169908621098169923
:10CAA0004862FFE79DF85200002840F09B80FFE7B6
:10CAB0000898109905F7B0FA1699886010981C30FC
:10CAC00002F056F91699C8600898169908600898F7
:10CAD000C088169988809DF8530016990874169896
:10CAE000002141741698C16116984161169828304A
:10CAF0004FF4007205F70CFF9DF8530080060028E4
:10CB00006FD5FFE71698C06800286AD0FFE716992E
:10CB1000C868486108984089400205901698806866
:10CB200004901698C0680290FFE79DF8521000200C
:10CB3000009041B9FFE70299059A0020914288BF11
:10CB400001200090FFE70098C007D8B1FFE71698D2
:10CB5000049900F099F804900498012804D8FFE79C
:10CB600002208DF85200FFE70498013020B9FFE75A
:10CB700001208DF85200FFE7FFE705990298401A5F
:10CB80000290D2E70498169988619DF8520038BB4C
:10CB9000FFE7BDF80800C00510B3FFE70898049947
:10CBA000FFF7A2F8039020B9FFE702208DF85200AA
:10CBB00015E00398029900EB51201699C861089876
:10CBC0004078169A02F12801D2690123FFF78CFC04
:10CBD00020B1FFE701208DF85200FFE7FFE7FFE7F4
:10CBE000FFE7FFE7FFE79DF8520020B1FFE7169946
:10CBF00000200860FFE79DF852008DF85F00FFE716
:10CC00009DF85F0018B080BD80B584B0ADF80E000F
:10CC100002918DF80720FFF7BFF97020FFF77CF92C
:10CC200000F77EFC9DF80E00FFF776F900F778FC20
:10CC3000FFF7B2F97120FFF76FF900F771FC0020E0
:10CC40008DF80600FFE79DF806009DF80710884262
:10CC500015DAFFE79DF806009DF807100139401A24
:10CC600018BF012000F710FC02999DF80620885497
:10CC7000FFE79DF8060001308DF80600E3E7FFF7B7
:10CC8000B7F904B080BD000080B588B00790069168
:10CC90000798006802900698022806D3FFE70698D6
:10CCA00002994969884203D3FFE70120039081E09C
:10CCB0004FF0FF300390029800780146019101285F
:10CCC00008D0FFE70198022845D0FFE70198032824
:10CCD00055D06BE006980490049800EB5000049047
:10CCE0000298016A049A01EB522105F729FE08B166
:10CCF000FFE75EE0029804990A466FF35F22104452
:10CD00000131049190F8300005900298016A049A6C
:10CD100001EB522105F714FE08B1FFE749E0029844
:10CD200004996FF35F21084490F83010059840EAA9
:10CD3000012005909DF81800C00720B1FFE7059875
:10CD40000009009004E005986FF31F300090FFE7A2
:10CD5000009803902DE00298016A069A01EB1221D7
:10CD600005F7EEFD08B1FFE723E002989DF81810E3
:10CD700000EB4100303005F76BF9039019E00298A1
:10CD8000016A069A01EBD21105F7DAFD08B1FFE757
:10CD90000FE00298069901F07F0100EB810030302E
:10CDA00001F0E6FF20F07040039002E001200390C4
:10CDB000FFE7FFE7039808B080BD00000000000017
:10CDC00088B006904FF0FF300190069800680590FB
:10CDD0000490059818B9FFE70198079048E0FFE72D
:10CDE0000498411C049100788DF80F00FFE79DF82E
:10CDF0000F1000202129009007D3FFE79DF80F00B6
:10CE00003A3818BF01200090FFE70098C0070028BB
:10CE1000E6D1FFE79DF80F003A2824D1FFE7012073
:10CE2000029005980078302810DBFFE7059800781D
:10CE300039280BDCFFE7059802300499884205D1B8
:10CE4000FFE70598007830380290FFE70298002845
:10CE500006DCFFE702980190049806990860FFE756
:10CE60000198079004E00020019001980790FFE7E7
:10CE7000079808B07047000080B584B08DF80F00A7
:10CE800000208DF80A008DF809004AF29020C2F2C5
:10CE90000340017801310170007849F69812C1F61B
:10CEA00099124CF6CD41CCF6CC4100FB01204FEA63
:10CEB000700049F69911C1F69911884209D3FFE72C
:10CEC0004AF29020C2F203400078092800F39C81C6
:10CED000FFE748F24E100DF10F01012202F7E8F9C9
:10CEE0009DF80F000006002817D5FFE79DF80F00FA
:10CEF00000F00F0040F22C01C2F200410978884294
:10CF00000BDCFFE700208DF80A0048F24E100DF10F
:10CF10000A01012200F0B4F9FFE79DF80F000007B5
:10CF2000002800F07081FFE79DF80F0000F00F006F
:10CF300040F22C01C2F200410978884200F363817B
:10CF4000FFE79DF80F0000F00F014FF6FF708840DB
:10CF5000ADF8060040F23001C2F20041888EADF813
:10CF60000400BDF806204FF4404060EA02008886C5
:10CF70000B4633F80C0F40F22C02C2F2004292F83A
:10CF800000C003EB4C0323F8020C31F8200F127899
:10CF900001EB420121F8020C00208DF80A00FFE7A6
:10CFA0009DF80A0040F22C01C2F200410978884243
:10CFB00080F2CE80FFE740F23000C2F20040808E67
:10CFC0009DF80A10C840C007002800F0BA80FFE7AB
:10CFD0009DF80A1042F6CA30C0F6110030F8110070
:10CFE0000DF10B01042202F763F94AF29220C2F21A
:10CFF0000340808845F21051884214D0FFE74AF27E
:10D000009220C2F20340808849F6060188420AD085
:10D01000FFE74AF29220C2F20340808847F29671FD
:10D02000884246D1FFE740F23000C2F2004090F85B
:10D030004400C00708B3FFE74AF29220C2F203405F
:10D0400000889DF80D109DF80E2041EA0221401A3B
:10D050009DF80A2040F23001C2F2004101EB420289
:10D0600090819DF80B009DF80C2040EA02209DF86D
:10D070000A2001EB420108841AE09DF80B009DF89C
:10D080000C1040EA01209DF80A2040F23001C2F263
:10D09000004101EB420290819DF80D009DF80E20A9
:10D0A00040EA02209DF80A2001EB42010884FFE7D4
:10D0B00046E040F23000C2F2004090F84400C00761
:10D0C000D8B1FFE79DF80B009DF80C1040EA012055
:10D0D0009DF80A2040F23001C2F2004101EB420209
:10D0E00090819DF80D009DF80E2040EA02209DF8E9
:10D0F0000A2001EB4201088421E04AF29220C2F2A8
:10D10000034001889DF80D009DF80E2040EA0220A2
:10D11000C04308449DF80A2040F23001C2F20041A9
:10D1200001EB420290819DF80B009DF80C2040EA33
:10D1300002209DF80A2001EB42010884FFE7FFE787
:10D14000FFE7FFE79DF80A0001308DF80A0027E7A6
:10D1500001208DF8090040F23000C2F200408089C1
:10D160004AF29221C2F20341098888420DDCFFE7AE
:10D1700040F23000C2F20040008C4AF29221C2F22A
:10D1800003414988884236DDFFE79DF80F0000F033
:10D190000F0002280FDBFFE740F23001C2F200412E
:10D1A000C8898881488C08844AF29021C2F20341E0
:10D1B000002008701EE040F22C00C2F2004003780C
:10D1C00040F23001C2F2004101F10C0202EB4302D5
:10D1D00032F8022C8A81027801F1200000EB420033
:10D1E00030F8020C088480208DF80F00BDF8040090
:10D1F0008886FFE706E04AF29021C2F20341002050
:10D200000870FFE7FFE7FFE79DF80F0000F08F00D1
:10D21000802820D1FFE740F23000C2F20040808E2B
:10D220000004002809D5FFE740F23001C2F20041B6
:10D23000888E6FF3DF3088860CE040F23001C2F256
:10D2400000414FF6FF7088810884888E00F46040AA
:10D250008886FFE7FFE74AF29020C2F20340007899
:10D26000F12807DBFFE74AF29021C2F203410A20CE
:10D270000870FFE79DF8090004B080BD00000000C1
:10D2800080B584B0ADF80E0002918DF80720002023
:10D2900000908DF80500FEF77FFE40F22B00C2F2F1
:10D2A00000400078FEF738FE00F73AF99DF80F00CD
:10D2B000FEF732FE00F734F99DF80E00FEF72CFE63
:10D2C00000F72EF900988DF80600FFE79DF806009C
:10D2D0009DF80710884216DAFFE702989DF80610BD
:10D2E000405CFEF719FE00F71BF98DF805009DF86C
:10D2F000050008B1FFE706E0FFE79DF806000130F2
:10D300008DF80600E2E7FEF773FE9DF8050004B015
:10D3100080BD00000000000080B586B041F60040EE
:10D32000C5F602000390202104910022029206F724
:10D3300087FA00F019F80398102101910122059253
:10D3400006F77EFA00F010F80199029A039806F7A2
:10D3500077FA00F009F803980499059A06F770FA2D
:10D3600000F002F806B080BD80B50220FEF774FE22
:10D3700080BD00000000000080B582B08DF807007D
:10D3800000208DF805008DF80600FFE79DF80600E7
:10D3900007282DDCFFE79DF8050040008DF805000B
:10D3A00041F60040C5F6020000901021012206F768
:10D3B00047FAFFF7D9FF0098202103F055FB30B161
:10D3C000FFE79DF8050001308DF80500FFE741F605
:10D3D0000040C5F602001021002206F731FAFFF7DF
:10D3E000C3FFFFE79DF8060001308DF80600CDE78A
:10D3F0009DF8070018B9FFE702F72AF802E0FFF7E7
:10D400008BFFFFE79DF8050002B080BD0000000023
:10D4100080B584B08DF80F0000208DF80E00FFE776
:10D420009DF80E00072826DCFFE79DF80F00C209D3
:10D4300041F60040C5F602000190202106F700FAEF
:10D44000FFF792FF019810210291012206F7F8F9E7
:10D45000FFF78AFF01980299002206F7F1F99DF87B
:10D460000F0040008DF80F00FFE79DF80E0001301F
:10D470008DF80E00D4E741F60040C5F602002021E9
:10D48000012206F7DDF904B080BD000000000000B5
:10D4900080B586B041F60040C5F602000390202119
:10D4A00002910122019206F7CBF9019A039810210B
:10D4B000049106F7C5F9FFF757FF02990398002278
:10D4C000059206F7BDF9FFF74FFF03980499059AF7
:10D4D00006F7B6F9FFF748FF06B080BD0000000070
:10D4E00080B584B041F60040C5F6020001902021CD
:10D4F0000291002206F7A4F9FFF736FF01981021E8
:10D500000122039206F79CF9FFF72EFF019802997A
:10D51000039A06F795F9FFF727FF04B080BD0000D6
:10D5200080B584B000208DF80F008DF80E0041F614
:10D530000040C5F60200019020210122029206F768
:10D540007FF9FFF711FF0198029A102106F778F989
:10D55000FFF70AFFFFE741F60040C5F60200202171
:10D5600003F082FA88B1FFE79DF80F0001308DF8D3
:10D570000F009DF80F00FB2806DBFFE7FFF7B0FF69
:10D5800001208DF80E0000E0E5E741F60040C5F609
:10D5900002001021002206F753F9FFF7E5FE9DF87F
:10D5A0000E0004B080BD000080B582B08DF8070089
:10D5B0009DF807004AF29221C2F2034188714AF2B3
:10D5C000A020C2F20340006888B1FFE79DF8070081
:10D5D00004F7FEFD4AF2A020C2F20340C28A4AF2DA
:10D5E0009221C2F203410A80008B4880FCE09DF842
:10D5F0000700002840F08080FFE74AF29220C2F244
:10D600000340F02101804FF4A0714180808845F2F1
:10D610001051884214D1FFE74AF29221C2F203412D
:10D620004FF4305008814FF4285048814FF42C506B
:10D6300088814FF4F07008804FF44870488026E0ED
:10D640004AF29220C2F20340808841F66311884278
:10D6500011D1FFE74AF29221C2F203412C20088146
:10D660002B2048812A2088814FF4F07008804FF4E5
:10D67000487048800AE04AF29221C2F203412C200D
:10D6800008812A2048812B208881FFE7FFE74AF2A2
:10D690009220C2F20340808845F2103188420AD0BD
:10D6A000FFE74AF29220C2F20340808847F2967167
:10D6B00088420BD1FFE74AF29221C2F203414FF4B4
:10D6C000A07008804FF4F0704880FFE74AF2922083
:10D6D000C2F20340808849F6060188420BD1FFE779
:10D6E0004AF29221C2F203414FF4F07008804FF4E5
:10D6F00048704880FFE773E04AF29220C2F203408C
:10D700004FF4A0710180F0214180808845F21051D2
:10D71000884214D1FFE74AF29221C2F203414FF44A
:10D72000305008814FF4285048814FF42C508881A4
:10D730004FF4487008804FF4F070488030E04AF2AF
:10D740009220C2F20340808841F6631188420AD0D9
:10D75000FFE74AF29220C2F20340808849F60601B0
:10D76000884211D1FFE74AF29221C2F203412C20F4
:10D7700008812A2048812B2088814FF44870088036
:10D780004FF4F07048800AE04AF29221C2F203415D
:10D790002C2008812A2048812B208881FFE7FFE781
:10D7A0004AF29220C2F20340808845F2103188424A
:10D7B0000AD0FFE74AF29220C2F20340808847F283
:10D7C000967188420BD1FFE74AF29221C2F20341DF
:10D7D0004FF4F07008804FF4A0704880FFE7FFE737
:10D7E000002000F05DFFFFE702B080BD00000000F8
:10D7F00080B586B0ADF81600ADF814108DF8132082
:10D80000ADF81030002003909DF8130002909DF8B1
:10D8100013100320A0EB41000190FFE70398029949
:10D82000884200F38D80FFE7BDF816000399084495
:10D83000BDF81410029A891ABDF8102080B289B27E
:10D8400001F7FEFEBDF8160002990844BDF8141059
:10D85000039A891ABDF8102080B289B201F7F0FE50
:10D86000BDF8160002990844BDF81410039A11443B
:10D87000BDF8102080B289B201F7E2FEBDF81600B3
:10D8800003990844BDF81410029A1144BDF8102001
:10D8900080B289B201F7D4FEBDF816000399401A90
:10D8A000BDF81410029A1144BDF8102080B289B25C
:10D8B00001F7C6FEBDF816000299401ABDF8141013
:10D8C000039A1144BDF8102080B289B201F7B8FE66
:10D8D000BDF816000399401ABDF81410029A891A6F
:10D8E000BDF8102080B289B201F7AAFEBDF816007B
:10D8F0000299401ABDF81410039A891ABDF8102035
:10D9000080B289B201F79CFE039801300390019820
:10D91000B0F1FF3F07DCFFE70399019800EB8100BE
:10D92000063001900BE003980299411A019800EB30
:10D9300081000A300190029801380290FFE76DE7FC
:10D9400006B080BD0000000080B584B0ADF80E00C8
:10D95000ADF80C10ADF80A20ADF80830BDF80A009B
:10D96000A0B1FFE7BDF80E004AF29221C2F20341D6
:10D97000098888420ADCFFE7BDF80C004AF29221D0
:10D98000C2F203414988884201DDFFE711E0BDF89A
:10D990000E00BDF80C30BDF80A1001440139BDF885
:10D9A0000820EC46CCF800208AB2194604F740F96A
:10D9B000FFE704B080BD000080B584B084460698BF
:10D9C000ADF80EC0ADF80C10ADF80A20ADF8083077
:10D9D000ADF80600BDF80E00BDF80C30BDF80A2009
:10D9E000BDF80610EC46CCF80010194601F790FD82
:10D9F000BDF80E20BDF80C10BDF80830BDF80600CB
:10DA0000EC46CCF80000104601F782FDBDF80E0090
:10DA1000BDF80830BDF80A20BDF80610EC46CCF879
:10DA20000010194601F774FDBDF80A20BDF80C106E
:10DA3000BDF80830BDF80600EC46CCF800001046F2
:10DA400001F766FD04B080BD80B58CB0CF2004F72F
:10DA5000D3FA00200A9004F7BFFAC120009004F71F
:10DA6000BBFA3020019004F7B7FAED2004F7C4FAAE
:10DA7000642004F7B1FA032004F7AEFA122004F789
:10DA8000ABFA812004F7A8FAE82004F7B5FA85205C
:10DA900004F7A2FA1020049004F79EFA7A2004F703
:10DAA0009BFACB2004F7A8FA392004F795FA2C202A
:10DAB00004F792FA0A9804F78FFA342004F78CFAE4
:10DAC000022004F789FAF72004F796FA202004F7D9
:10DAD00083FAEA2004F790FA0A9804F77DFA0A9884
:10DAE00004F77AFAC02004F787FA1B2004F774FAC7
:10DAF000009804F781FA0120079004F76DFAC52019
:10DB000004F77AFA019804F767FA019804F764FABF
:10DB1000C72004F771FAB72004F75EFA362004F73D
:10DB20006BFA482004F758FA3A2004F765FA5520B2
:10DB300004F752FAB12004F75FFA0A9804F74CFA96
:10DB40001A2004F749FAB62004F756FA0A2003907F
:10DB500004F742FAA22004F73FFAF22004F74CFA45
:10DB60000A9804F739FA262004F746FA079804F7CA
:10DB700033FAE02004F740FA0F20059004F72CFA5E
:10DB80002A20099004F728FA282004F725FA08200B
:10DB9000029004F721FA0E2004F71EFA029804F707
:10DBA0001BFA542004F718FAA92004F715FA4320A9
:10DBB00004F712FA039804F70FFA059804F70CFA21
:10DBC0000A9804F709FA0A9804F706FA0A9804F77B
:10DBD00003FA0A9804F700FAE12004F70DFA0A980C
:10DBE00004F7FAF9152004F7F7F9172004F7F4F908
:10DBF000072004F7F1F911200B9004F7EDF9062046
:10DC000004F7EAF92B20069004F7E6F9562004F70A
:10DC1000E3F93C2004F7E0F9052004F7DDF9049866
:10DC200004F7DAF9059804F7D7F93F20089004F7CC
:10DC3000D3F9089804F7D0F9059804F7CDF90698B8
:10DC400004F7DAF90A9804F7C7F90A9804F7C4F94F
:10DC5000079804F7C1F9089804F7BEF9099804F782
:10DC6000CBF90A9804F7B8F90A9804F7B5F90A98B5
:10DC700004F7B2F9EF2004F7AFF90B9804F7BCF9F9
:10DC80007820FFF6C5FC292004F7B6F90CB080BD5A
:10DC900080B58CB0112004F7AFF978200A90FFF618
:10DCA000B7FC3620059004F7A7F9482004F794F94B
:10DCB0003A2004F7A1F9552004F78EF9F0200990D5
:10DCC00004F79AF9C32004F787F9099804F794F93F
:10DCD000962004F781F9B42004F78EF9012004F7A7
:10DCE0007BF9B62004F788F90A2004F775F9A22019
:10DCF00004F772F9B72004F77FF9C62004F76CF92E
:10DD0000B92004F779F9022004F766F9E0200490BD
:10DD100004F762F9C02004F76FF9802004F75CF97A
:10DD20001620019004F758F9C12004F765F919206D
:10DD3000039004F751F9C22004F75EF9A72004F715
:10DD40004BF9C52004F758F9019804F745F9E82084
:10DD500004F752F9402004F73FF98A2004F73CF910
:10DD60000020029004F738F9029804F735F92920C9
:10DD70000B9004F731F9039804F72EF9A52004F766
:10DD80002BF9332004F728F9049804F735F909989A
:10DD900004F722F9072004F71FF90D2004F71CF9F6
:10DDA000042004F719F9052004F716F91420069049
:10DDB00004F712F9059804F70FF9542004F70CF949
:10DDC0004C20079004F708F9382004F705F91320D0
:10DDD00004F702F9069804F7FFF82E2004F7FCF880
:10DDE000342004F7F9F8E12004F706F9099804F75C
:10DDF000F3F81020089004F7EFF8069804F7ECF811
:10DE00000E2004F7E9F80C2004F7E6F8082004F7E0
:10DE1000E3F8352004F7E0F8442004F7DDF807982C
:10DE200004F7DAF8262004F7D7F8089804F7D4F8AE
:10DE3000122004F7D1F82C2004F7CEF8322004F792
:10DE4000CBF8099804F7D8F83C2004F7C5F80998EE
:10DE500004F7D2F8692004F7BFF80A98FFF6D8FB58
:10DE6000212004F7C9F80B9804F7C6F80CB080BD60
:10DE700080B59CB001F020FB01464AF29220C2F22C
:10DE800003408180808818B1FFE700F0E1FF43E2A2
:10DE9000FFE744F2E041C5F60201086840F00800DF
:10DEA0000860FFE7FFE744F2E041C5F602010868B9
:10DEB00040F008000860FFE7FFE744F2E041C5F6E4
:10DEC0000201086840F008000860FFE7FFE744F23D
:10DED000E041C5F60201086840F008000860FFE76D
:10DEE000FFE744F2E041C5F60201086840F0020095
:10DEF0000860FFE744F2E041C5F60201086840F01F
:10DF00001800086044F2D441C5F60201086840F4E4
:10DF100080500860694601201190486003201290EB
:10DF2000086040F60040C5F60200149080210D9173
:10DF3000022213920023199302F0AEFD1299139A54
:10DF40001498199BDDF844E0EC46CCF804E0CCF8DA
:10DF5000001020210E9102F09FFD1299139A14983F
:10DF6000199BDDF844E0EC46CCF804E0CCF8001056
:10DF700010210F9102F090FD1299139A1498199B99
:10DF8000DDF844E0EC46CCF804E0CCF800104FF4A7
:10DF90000051109102F080FD0E99119A1298199B70
:10DFA000EC46CCF80420CCF8000040F20040C5F666
:10DFB000020002F071FD0D9914980C22189205F7D9
:10DFC000F7FB0E991498189A05F7F2FB0F9914981D
:10DFD000189A05F7EDFB10991498189A05F7E8FBC5
:10DFE0001299139A1498199BDDF844E0EC46CCF88A
:10DFF00004E0CCF800104CF20371159102F04CFDD6
:10E00000DDF844C01298139A199B6946C1F804C000
:10E01000086041F20000C5F6020016904FF68071CC
:10E02000179102F039FD14981599189A05F7C0FB5D
:10E0300016981799189A05F7BBFB199844F2000136
:10E04000C5F200211A91086044F20403C5F20023CE
:10E05000186044F20412C5F200221060086840F40F
:10E0600080500860086840F480400860086840F00C
:10E070001000086018681860186840F00F001860F9
:10E08000186840F49C40186010681060106840F0F8
:10E090000F001060106840F470601060086840F075
:10E0A00001000860086840F0004008604FF6FF700B
:10E0B000C0F20F0000F050FAD32003F79DFF03F7E2
:10E0C000BBFE4AF29221C2F203411B91888003F702
:10E0D000B3FE1B99888003F7AFFE1B998880888860
:10E0E0000002888003F7A8FE02461B98818811432E
:10E0F0008180808849F24131884200F00C81FFE73D
:10E10000042003F779FF03F797FE4AF29221C2F247
:10E1100003410C91888003F78FFE0C99888003F7E8
:10E120008BFE0C99888088880002888003F784FE23
:10E1300002460C98818811438180808848F25251B0
:10E14000884208D1FFE74AF29221C2F2034147F226
:10E1500089708880FFE74AF29220C2F203408088EB
:10E1600047F28971884200F0D580FFE7D42003F799
:10E1700043FF03F761FE4AF29221C2F203410B9181
:10E18000888003F759FE0B99888003F755FE0B9999
:10E19000888088880002888003F74EFE02460B982C
:10E1A000818811438180808845F21031884200F0D7
:10E1B000B080FFE7D32003F71FFF03F73DFE4AF2CD
:10E1C0009221C2F203410A91888003F735FE0A9931
:10E1D000888003F731FE0A99888088880002888049
:10E1E00003F72AFE02460A988188114381808088BD
:10E1F00047F29671884200F08B80FFE74FF4704041
:10E20000552100F0A1FD4FF20100AA2100F09CFD74
:10E210004FF20200522100F097FD4FF20300082157
:10E2200000F092FD4FF20400012100F08DFD4FF44B
:10E23000454003F7E1FE03F7FFFD4AF29221C2F2E7
:10E240000341099188808888000288804CF201503F
:10E2500003F7D2FE03F7F0FD0999024688881043C0
:10E2600088800520FFF6D4F90998808845F210517E
:10E2700088424CD0FFE7D32003F7BEFE03F7DCFD56
:10E280004AF29221C2F203410891888003F7D4FD3B
:10E290000899888003F7D0FD089988808888000253
:10E2A000888003F7C9FD0246089881881143818060
:10E2B000808849F60601884228D0FFE7A12003F7AD
:10E2C0009BFE03F7B9FD4AF29221C2F20341079186
:10E2D000888003F7B1FD07998880888800028880CC
:10E2E00003F7AAFD02460798818811438180808840
:10E2F00045F26171884208D1FFE74AF29221C2F2E9
:10E30000034141F663108880FFE7FFE7FFE7FFE77F
:10E31000FFE7FFE7FFE7FFE74AF29220C2F2034080
:10E320000690818846F6FE40C0F60100F2F684F8B9
:10E330000698808847F28971884203D1FFE703F786
:10E3400093FB56E04AF29220C2F20340808849F2E1
:10E350004131884203D1FFE7FFF776FB48E04AF2FC
:10E360009220C2F20340808845F21031884203D1E6
:10E37000FFE701F745FB3AE04AF29220C2F2034080
:10E38000808847F29671884203D1FFE7FFF780FC4F
:10E390002CE04AF29220C2F20340808845F21051EC
:10E3A000884203D1FFE702F7F7FA1EE04AF2922013
:10E3B000C2F20340808849F60601884203D1FFE794
:10E3C00001F766F910E04AF29220C2F20340808819
:10E3D00041F66311884206D1FFE703F781FA642012
:10E3E00000F076FCFFE7FFE7FFE7FFE7FFE7FFE767
:10E3F000FFE74AF29220C2F20340808847F2897117
:10E40000884216D1FFE744F20411C5F200210591BC
:10E41000086820F00F000860086820F47060086049
:10E42000086840F005000860086840F4A0600860D3
:10E4300080E04AF29220C2F20340808841F66311E4
:10E44000884216D1FFE744F20411C5F2002104917D
:10E45000086820F00F000860086820F47060086009
:10E46000086840F007000860086840F4E060086051
:10E470005FE04AF29220C2F20340808845F21051D8
:10E4800088420AD0FFE74AF29220C2F20340808815
:10E4900049F60601884216D1FFE744F20411C5F29D
:10E4A00000210391086820F00F000860086820F43C
:10E4B00070600860086840F002000860086840F476
:10E4C0000070086034E04AF29220C2F20340808873
:10E4D00045F21031884214D0FFE74AF29220C2F28E
:10E4E0000340808847F2967188420AD0FFE74AF2DB
:10E4F0009220C2F20340808849F24131884216D10D
:10E50000FFE744F20411C5F200210291086820F0EF
:10E510000F000860086820F470600860086840F028
:10E5200003000860086840F440700860FFE7FFE7F8
:10E53000FFE7FFE70020FFF737F840F20040C5F69D
:10E5400002002021012205F77BF94FF6FF7000F74A
:10E550009FFF1CB080BD000081B00090FFE70098D5
:10E56000411E009108B1FFE7F9E701B070470000D4
:10E5700080B584B0ADF80A00ADF808100020ADF801
:10E580000600ADF80400ADF80200BDF80A004AF23A
:10E590009221C2F20341098888420ADAFFE7BDF8F6
:10E5A00008004AF29221C2F203414988884203DB03
:10E5B000FFE7002003906FE04AF2A020C2F2034080
:10E5C000006840B1FFE7BDF80A00BDF8081004F785
:10E5D00053F8039060E0BDF80A00BDF8081003F797
:10E5E00037FC4AF29220C2F20340808845F2105173
:10E5F000884205D1FFE74FF4385003F7FDFC03E0F4
:10E600002E2003F7F9FCFFE703F716FCADF8060030
:10E610004AF29220C2F20340808841F66311884298
:10E6200004D1FFE7BDF80600039035E00220FFF7B4
:10E6300093FF03F701FCADF806004AF29220C2F204
:10E640000340808847F29671884204D1FFE7BDF805
:10E650000600039020E00220FFF77EFF03F7ECFBAB
:10E66000ADF802009DF80600ADF80400BDF8040006
:10E670000002ADF80400BDF8060000F47840BDF8D3
:10E6800004204FF4FC6101EA52110844BDF8021065
:10E6900040EAD1200390FFE7039804B080BD00005A
:10E6A00080B588B08DF81F000020ADF81C00ADF8D3
:10E6B0001A004AF29220C2F20340807901280AD15E
:10E6C000FFE74AF29220C2F20340808841F66311CC
:10E6D000884212D1FFE74AF29220C2F203408079C9
:10E6E000002838D1FFE74AF29220C2F20340808826
:10E6F00041F6631188422ED1FFE79DF81F000146C5
:10E700000591072826D80599DFE801F004080C10C8
:10E7100014181C2006208DF81F001BE007208DF820
:10E720001F0017E004208DF81F0013E005208DF86E
:10E730001F000FE001208DF81F000BE000208DF876
:10E740001F0007E003208DF81F0003E002208DF872
:10E750001F00FFE7FFE79DF81F000146049107280F
:10E7600038D80499DFE801F004050C131A21282F8A
:10E7700030E0BDF81C0040F08000ADF81C0029E03E
:10E78000BDF81C0040F04000ADF81C0022E0BDF8D0
:10E790001C0040F0C000ADF81C001BE0BDF81C00E0
:10E7A00040F02000ADF81C0014E0BDF81C0040F063
:10E7B0006000ADF81C000DE0BDF81C0040F0A000AA
:10E7C000ADF81C0006E0BDF81C0040F0E000ADF81C
:10E7D0001C00FFE73620ADF81A004AF29220C2F280
:10E7E0000340808845F21051884205D1FFE74FF47D
:10E7F0005850ADF81A00FFE74AF29220C2F20340E7
:10E80000808849F24131884214D0FFE74AF29220D1
:10E81000C2F20340808847F2897188420AD0FFE73C
:10E820004AF29220C2F20340808847F296718842F1
:10E8300007D1FFE7BDF81C0040F00800ADF81C0050
:10E84000FFE7BDF81A00BDF81C1000F07DFA4AF28F
:10E850009220C2F20340808841F66311884235D08D
:10E86000FFE7BDF81C008006002817D5FFE74AF235
:10E870009221C2F203410888498888420DDAFFE7F5
:10E880004AF29221C2F203410888ADF81800488884
:10E890000880BDF818004880FFE716E04AF2922190
:10E8A000C2F203410888498888420DDDFFE74AF239
:10E8B0009221C2F203410888ADF818004888088008
:10E8C000BDF818004880FFE7FFE7FFE74AF2922013
:10E8D000C2F20340808845F21051884258D1FFE7C8
:10E8E0004AF29220C2F203400390408903F784FB6E
:10E8F0000020029003F770FB03984089013080B23A
:10E9000003F77AFB029803F767FB0398408902300C
:10E9100080B203F771FB039800880138C0F30F2021
:10E9200003F75AFB03984089033080B203F764FB76
:10E93000039800880138C0B203F74EFB0398808922
:10E9400003F75AFB029803F747FB039880890130CD
:10E9500080B203F751FB029803F73EFB03988089CE
:10E96000023080B203F748FB039840880138C0F3B7
:10E970000F2003F731FB03988089033080B203F73F
:10E980003BFB039840880138C0B203F725FB33E016
:10E990004AF29220C2F203400190408903F72CFB17
:10E9A0000020009003F718FB009803F715FB01986F
:10E9B00000880138C0F30F2003F70EFB0198008890
:10E9C0000138C0B203F708FB0198808903F714FBF4
:10E9D000009803F701FB009803F7FEFA01984088BE
:10E9E0000138C0F30F2003F7F7FA01984088013887
:10E9F000C0B203F7F1FAFFE708B080BD00000000E5
:10EA000010B588B08C4686460B980A99ADF81EE082
:10EA1000ADF81CC08DF81B208DF81A308DF8191038
:10EA2000ADF81600BDF81C00ADF8100000208DF800
:10EA30000F0002909DF81A10C808012202EBD102C3
:10EA40004B07002B18BF1046490848438DF80F00AC
:10EA50009DF81B0020388DF81B009DF81A000C381B
:10EA600001460191142839D80199DFE801F00B37EC
:10EA7000373717373737373737372137373737375C
:10EA800037372D009DF81B0000EB400145F6FE10C6
:10EA9000C0F6010000EB8100029020E09DF81B1001
:10EAA00042F65E40C0F6110000EB0110029016E045
:10EAB0009DF81B0000EBC00143F24E20C0F6110090
:10EAC00000EB810002900AE09DF81B1043F6AA704B
:10EAD000C0F6110000EB8110029000E07BE0002006
:10EAE0008DF81300FFE79DF813009DF80F10884282
:10EAF00071DAFFE702989DF81310405C8DF815005D
:10EB000000208DF81400FFE79DF8140007285BDC57
:10EB1000FFE79DF815000006002809D5FFE7BDF8BE
:10EB20001E00BDF81C10BDF8162000F789FD10E08E
:10EB30009DF8190060B9FFE7BDF81E00BDF81C1074
:10EB400040F21C02C2F20042126800F779FDFFE7B2
:10EB5000FFE79DF8150040008DF81500BDF81C007A
:10EB60000130ADF81C00BDF81C004AF29221C2F23F
:10EB700003414988884201DBFFE72CE0BDF81C0017
:10EB8000BDF81010401A9DF81A10884215D1FFE701
:10EB9000BDF81000ADF81C00BDF81E000130ADF846
:10EBA0001E00BDF81E004AF29221C2F203410988FC
:10EBB000884201DBFFE70EE006E0FFE79DF8140066
:10EBC00001308DF814009FE7FFE79DF81300013036
:10EBD0008DF8130087E708B010BD000000000000AA
:10EBE00010B588B08C4686460C980B990A99ADF8FA
:10EBF0001EE0ADF81CC0ADF81A20ADF818308DF845
:10EC00001710ADF814009DF81E008DF81300BDF824
:10EC10001E10BDF81A000844ADF81A00BDF81C100B
:10EC2000BDF818000844ADF81800FFE70B9801780C
:10EC300000207E29039008DCFFE70B980178002074
:10EC40001F29C8BF01200390FFE70398C007D0B376
:10EC5000FFE7BDF81E00BDF81A1088420CDBFFE785
:10EC60009DF81300ADF81E009DF81710BDF81C00AC
:10EC70000844ADF81C00FFE7BDF81C00BDF81810F3
:10EC8000884201DBFFE71EE0BDF81E00BDF81C1046
:10EC90000B9A12789DF81730BDF814C0EE46CEF8E6
:10ECA00004C04FF0000CCEF800C0FFF7A9FE9DF89D
:10ECB0001710BDF81E0000EB5100ADF81E000B98B8
:10ECC00001300B90B2E708B010BD0000000000005A
:10ECD00080B582B08DF80700BE2003F78DF90520BE
:10ECE00003F77AF99DF8070000EE100AB8EEC00BA2
:10ECF0009FED0D1B20EE010BBCEEC00B10EE100AB9
:10ED000003F76AF9012003F767F9FF2003F764F9B5
:10ED10000020009003F760F9009803F75DF902B056
:10ED200080BD00BF00BF00BF6666666666660440C1
:10ED30004AF29220C2F2034000894FF6FE71C6F2F9
:10ED4000070108807047000081B0ADF80200ADF8FF
:10ED50000010BDF802004FF6FE71C6F207010880F0
:10ED6000BDF800000021C6F20801088001B070471C
:10ED700082B001900198C078009000990198807845
:10ED800040EA0120009000990198407840EA012073
:10ED9000009000990198007840EA012000900098C6
:10EDA00002B070470000000080B586B0FFE744F273
:10EDB000E041C5F60201086840F002000860FFE784
:10EDC000FFE744F2E041C5F60201086840F00200A6
:10EDD0000860FFE76846012205924260026040F247
:10EDE0000040C5F602000490022103910023029323
:10EDF00001F052FE029B0498059A69464A600A6037
:10EE0000114601F049FE03990498059A04F718FD8C
:10EE10000498059A114604F713FD06B080BD000062
:10EE200080B582B001904AF2A020C2F20340C18AAC
:10EE30000139008B0138019A6B461A608AB283B29D
:10EE40000021084603F734FA02B080BD000000003C
:10EE500010B59EB000201D90ADF8720000F02CFBA4
:10EE6000ADF87200FFE744F2E041C5F60201086820
:10EE700040F002000860FFE7FFE744F2E041C5F61A
:10EE80000201086840F020000860FFE7FFE744F255
:10EE9000E041C5F60201086840F480700860FFE7B1
:10EEA000FFE744F2E041C5F60201086840F48070D3
:10EEB0000860FFE7FFE744F2E041C5F60201086899
:10EEC00040F040000860FFE76946012414944C605C
:10EED00003201190086040F20040C5F60200202196
:10EEE00000231393224601F0D7FD1198139B694626
:10EEF0004C60086041F20040C5F602000D904FF4EE
:10EF000080610F910222129201F0C6FD1198129AAF
:10EF1000139B69464C60086042F20000C5F602008F
:10EF200019904FF400710E9101F0B6FD0F99DDF8C4
:10EF300044C0129A139B1998EE46CEF80440CEF8BE
:10EF400000C001F0A9FDDDF850C01198129A139B82
:10EF50006946C1F804C0086041F60000C5F6020029
:10EF600015908021109101F097FD0D980F990E22B8
:10EF70001B9204F71DFC0E9919981B9A04F718FCB4
:10EF80000F9919981B9A04F713FC109915981B9A5E
:10EF900004F70EFC1199129A139B1598DDF850E0B6
:10EFA00044F2E444C5F60204D4F800C04CF0080C66
:10EFB000C4F800C044F2E044C5F60204D4F800C02E
:10EFC0004CF4E07CC4F800C0EC46CCF804E0CCF88B
:10EFD00000104FF40461169101F05EFDDDF850C0A1
:10EFE0001198129A139B6946C1F804C0086041F653
:10EFF0000040C5F6020017904FF47E41189101F0D1
:10F000004BFD1199129A139B1998DDF850E0EC46CC
:10F01000CCF804E0CCF80010F7211A9101F03CFD87
:10F02000159816991B9A04F7C3FB179818991B9A01
:10F0300004F7BEFB19981A991B9A04F7B9FBBDF89F
:10F04000720044F2423188421CD1FFE74AF2A0210B
:10F05000C2F203410C914FF4F07008604FF48870D5
:10F060004860012008814881282088810820C881C3
:10F0700005220A8248824FF496701921212202F754
:10F08000FBFFA5E0BDF8720047F2840188421DD164
:10F09000FFE74AF2A021C2F203410B914FF44870FE
:10F0A00008604FF4F07048600120088148812E20EC
:10F0B00088811720C881D2200882162048824FF408
:10F0C00096701921092202F7D7FF80E0BDF872007F
:10F0D00047F2160188421DD1FFE74AF2A021C2F291
:10F0E00003410A914FF4806008604FF41670486045
:10F0F0001420088103224A818C228A81C881A020A1
:10F1000008820C2048824FF496701921062202F7DB
:10F11000B3FF5BE0BDF8720047F2180188420BD1E3
:10F12000FFE74AF2A021C2F203414FF4A060086059
:10F130004FF44870486048E0BDF8720044F28431F2
:10F1400088421ED1FFE74AF2A021C2F20341099191
:10F150004FF4487008604FF4F07048605820888180
:10F1600028200882302008812020C8810D20488274
:10F17000032048814FF496701921092202F77CFF81
:10F1800022E0BDF8720041F2180188421BD1FFE76E
:10F190004AF2A021C2F2034108914FF4A060086036
:10F1A0004FF4487048608C2088810A2008820881CA
:10F1B000C8814882032048814FF4967019210622A5
:10F1C00002F75AFFFFE7FFE7FFE7FFE7FFE7FFE789
:10F1D000BDF8720041F21801884204D1FFE74FF0F8
:10F1E00080501D9002E000201D90FFE71D9841F225
:10F1F0001801C5F2000108604AF2A022C2F20342DF
:10F200000592508901381D9011890020CFF6FF70BA
:10F2100000EB01431D9919431D911D9941F208030B
:10F22000C5F2000319605189D389194401391D9130
:10F2300011899389194400EB01431D9919431D91CC
:10F240001D9941F20C03C5F2000319605189D3895D
:10F2500019445368194401391D911189938919443E
:10F260001368194400EB01431D9919431D911D9921
:10F2700041F21003C5F2000319605189D389194482
:10F2800053681944538A194401391D91118993898E
:10F29000194413681944128A114400EB01411D9866
:10F2A00008431D901D9841F21401C5F20001086049
:10F2B00041F22C01C5F200010020069008600120F7
:10F2C000079003F729FA059B069849F6C041C2F258
:10F2D000034140F20002CCF200020A600222DA612D
:10F2E00009686B46D8604FF0070CC3F808C04FF0B0
:10F2F000060CC3F804C01860FF2300F025F8059839
:10F30000069A03888088694608601046114603F70C
:10F31000A7F8059906980B684AF29222C2F20342B6
:10F3200013804968518003F7EBF9079A40F20040D7
:10F33000C5F60200202104F783FA4FF0FF30FFF7F3
:10F340006FFD1EB010BD0000B0B584B094468E466F
:10F3500004460B980A980999089A8DF80F40CDF841
:10F3600008E08DF807C08DF806308DF805208DF87F
:10F3700004108DF803009DF80F0050BBFFE70298C2
:10F3800041F2AC01C5F2000108609DF8070041F2AE
:10F390009401C5F2000108609DF8060041F2980151
:10F3A000C5F2000108609DF805100B9840EA016065
:10F3B00041F29C01C5F2000108609DF804109DF81F
:10F3C000030040EA012041F2A001C5F200010860FB
:10F3D00029E0029841F22C11C5F2000108609DF865
:10F3E000070041F21411C5F2000108609DF8060003
:10F3F00041F21811C5F2000108609DF805100B9844
:10F4000040EA016041F21C11C5F2000108609DF85C
:10F4100004109DF8030040EA012041F22011C5F2DA
:10F4200000010860FFE704B0B0BD0000000000006C
:10F4300081B08DF803008DF802109DF80200B8B17C
:10F44000FFE79DF8030048B9FFE741F28401C5F2E8
:10F450000001086840F00100086008E041F2041172
:10F46000C5F20001086840F001000860FFE716E0FF
:10F470009DF8030048B9FFE741F28401C5F200019D
:10F48000086820F00100086008E041F20411C5F2AC
:10F490000001086820F001000860FFE7FFE741F283
:10F4A0002401C5F20001086840F00100086001B0C5
:10F4B000704700000000000047F284007047000021
:10F4C00085B00490039102920498019003980090F3
:10F4D000029888B1FFE7FFE70098411C009100788F
:10F4E00001994A1C01920870FFE7029801380290C6
:10F4F0000028F1D1FFE7FFE705B0704700000000EA
:10F500004EF62451CEF20001086820F480300860E5
:10F510004EF69451CEF20001086820F00100086018
:10F5200070470000000000004EF69451CEF200013A
:10F53000052008604EF62451CEF20001086840F420
:10F54000803008607047000070B588B09C469646D1
:10F550000C4605460F980E990D9A0C9B069505943E
:10F56000CDF810E08DF80FC08DF80E308DF80D201D
:10F570008DF80C108DF80B00002001908DF8030021
:10F580009DF81400C00618B9FFE7059820B9FFE7F9
:10F5900001208DF81F0047E0059803F701FA0138B4
:10F5A0008DF80300FFF7ACFF04984EF69851CEF2A9
:10F5B0000001086006984EF69C51CEF200010860EA
:10F5C0009DF80F10019840EA017001909DF80E100F
:10F5D000019840EA0160019001989DF80D1040EA01
:10F5E000814001909DF80C10019840EA4140019043
:10F5F0009DF80B10019840EA0140019001989DF898
:10F60000031040EA41000190019840F00100019090
:10F6100001984EF6A051CEF200010860FFF784FF7A
:10F6200000208DF81F00FFE79DF81F0008B070BD97
:10F6300080B588B0079006914AF2B440C2F2054006
:10F64000006804904AF2CC20C2F2034000680390A4
:10F650004AF2D420C2F20340006802904AF2C42069
:10F66000C2F203400068043002F01AF888B9FFE7DC
:10F670004AF2C420C2F203400068C16A012000FAC5
:10F6800001F24AF29831C2F20541086890430860DD
:10F6900000E0FFE70798013028BBFFE7069810B3AA
:10F6A000FFE7FFE74AF28C41C2F20541486801904A
:10F6B000019A4AF2C420C2F2034003689A60019A98
:10F6C00092680368DA6002680432019B9B685A60A2
:10F6D00002680432019B9A60006841610868013049
:10F6E0000860FFE735E004980799084405900598FD
:10F6F0004AF2C421C2F2034109684860059804999E
:10F7000088420AD2FFE702984AF2C421C2F20341BA
:10F710000968043102F058F81AE003984AF2C4214B
:10F72000C2F203410968043102F04EF805984AF22A
:10F73000F831C2F205410968884207D2FFE705980F
:10F740004AF2F831C2F20541086000E0FFE7FFE746
:10F75000FFE708B080BD000080B582B0019004F7DB
:10F76000C7FD4AF28831C2F20541086801300860DD
:10F770004AF2C420C2F20340006898B9FFE701983A
:10F780004AF2C421C2F2034108604AF28830C2F250
:10F7900005400068012803D1FFE700F0E1FA00E02E
:10F7A000FFE71CE04AF28040C2F205400068A0B9C1
:10F7B000FFE74AF2C420C2F203400068C06A019920
:10F7C000C96A884207D8FFE701984AF2C421C2F209
:10F7D0000341086000E0FFE700E0FFE7FFE74AF2CF
:10F7E0009430C2F20540016801310160006801995E
:10F7F0004864FFE70198C16A012000FA01F24AF269
:10F800009831C2F20541086810430860FFE701988B
:10F81000C06A00EB80004AF2DC21C2F2034101EB36
:10F820008000406800900098019A9060009880687D
:10F83000019AD06001980430009A92685060019853
:10F840000430009A9060019AD06A00EB800001EBCE
:10F85000800050610198C06A00EB800251F82200DC
:10F86000013041F82200FFE7FFE704F771FD4AF29B
:10F870008040C2F205400068D8B1FFE7FFE74AF2D6
:10F88000C420C2F203400068C06A0199C96A884274
:10F890000CD2FFE74EF60451CEF200014FF080503B
:10F8A0000860BFF34F8FBFF36F8F00E0FFE7FFE704
:10F8B00000E0FFE702B080BD80B582B0FFE74AF20A
:10F8C0008C30C2F20540006808B3FFE704F710FD72
:10F8D0004AF2A040C2F20540C068C0680190019899
:10F8E000043001F0DDFE4AF28831C2F205410868B9
:10F8F000013808604AF28C31C2F2054108680138CB
:10F90000086004F725FD019800F0D6F8D7E702B0AB
:10F9100080BD00000000000080B582B00190009121
:10F920000198006CB8B1FFE70199C8680A6C1044EF
:10F93000C86001988168C068884204D3FFE70199D4
:10F940000868C86000E0FFE70098019AD168126C6F
:10F95000F0F6BEFDFFE702B080BD00000000000031
:10F9600080B586B00590049103920020029005981E
:10F97000806B01900598006C78B9FFE705980068E6
:10F9800048B9FFE70598806805F7F2F902900599F4
:10F990000020886000E0FFE741E00398B8B9FFE786
:10F9A000059A04995068126CF0F692FD0599486822
:10F9B0000A6C10444860059948688968884204D3F5
:10F9C000FFE705990868486000E0FFE726E0059A30
:10F9D0000499D068126CF0F67BFD0599C8680A6C32
:10F9E000801AC86005980168C068884206D2FFE79F
:10F9F000059988680A6C801AC86000E0FFE70398E0
:10FA0000022809D1FFE7019820B1FFE701980138EA
:10FA1000019000E0FFE700E0FFE7FFE7FFE7019864
:10FA2000013005998863029806B080BD000000008F
:10FA300070B58AB0DDF83CC0DDF838C00990089197
:10FA4000079206930798800000F01EFD049004982A
:10FA5000A0B1FFE75C2000F017FD0590059840B1CC
:10FA6000FFE705985C21F0F680FD0498059908638E
:10FA700003E0049801F0E0FEFFE702E000200590BB
:10FA8000FFE70598A8B1FFE709980899079A069B30
:10FA9000DDF838C00F9C059DEE460026CEF80C60C0
:10FAA000CEF80850CEF80440CEF800C000F0ACF814
:10FAB000FFE705980AB070BD80B582B0019001984B
:10FAC000006B01F0B9FE019801F0B6FE02B080BDF6
:10FAD00084B04FF4003000904AF28030C2F203400C
:10FAE00002909DF80800400788B1FFE702980730B0
:10FAF0000290029820F007000290029A4AF28031A8
:10FB0000C2F203410098891A08440090FFE7029965
:10FB10004AF28440C2F2054001600021416002982F
:10FB2000009A10440190019808380190019820F043
:10FB300007000190019A4AF2D020C2F2034002600D
:10FB40000268516002681160029903910199039A59
:10FB5000891A5160006803990860039840684AF266
:10FB6000F431C2F205410860039840684AF2EC3172
:10FB7000C2F20541086004B07047000000000000B8
:10FB800080B582B00190FFE7FFF796FE4AF2DC20D5
:10FB9000C2F20340006802280CD3FFE74EF604517E
:10FBA000CEF200014FF080500860BFF34F8FBFF3DB
:10FBB0006F8F00E0FFE7E7E780B584B0DDF818C09D
:10FBC0000390029101928DF80330029818B9FFE773
:10FBD0000698006003E0019806990860FFE7039823
:10FBE0000699C8630298069908640698012104F7EB
:10FBF000BFFC9DF80300069981F85000069900208B
:10FC0000886404B080BD000080B586B0DDF82CC0EB
:10FC1000DDF828C0DDF824C0DDF820C0059004918F
:10FC2000039202930A98006B03998900A522F0F6CB
:10FC300094FC0A98006B039900EB81000438019052
:10FC4000019820F007000190FFE79DF804004007AD
:10FC500050B1FFE746F68050C0F6110040F239710E
:10FC6000F4F78AF8FFE7FEE7FFE70498F8B1FFE74B
:10FC700000200090FFE700980F2813D8FFE70498B2
:10FC8000009A805C0A99114481F834000498009924
:10FC9000405C08B9FFE705E0FFE7FFE700980130A7
:10FCA0000090E8E70A99002081F8430000E0FFE7B0
:10FCB000FFE7089808280AD3FFE746F68050C0F609
:10FCC000110040F26F71F4F757F8FFE7FEE7FFE726
:10FCD0000898082803D3FFE70720089000E0FFE713
:10FCE00008980A99C86208980A99C8640A98043062
:10FCF00001F062FD0A98183001F05EFD0A9800617B
:10FD00000898C0F108000A9988610A984062019831
:10FD10000599029A00F050FD0A990860FFE70198E2
:10FD20000A990968411A0398B0EBA10F0AD8FFE7B6
:10FD300046F68050C0F6110040F2D271F4F71CF87C
:10FD4000FFE7FEE7FFE7099820B1FFE70A98099966
:10FD5000086000E0FFE706B080BD00000000000082
:10FD600080B584B000200390FFE70398072810D8DF
:10FD7000FFE7039800EB80014AF2DC20C2F2034067
:10FD800000EB810001F000FDFFE7039801300390D4
:10FD9000EBE74AF2C430C2F20540019001F0F4FCF6
:10FDA0004AF2D830C2F20540029001F0EDFC4AF26E
:10FDB0000C40C2F2054001F0E7FC4AF2A040C2F25A
:10FDC000054001F0E1FC4AF28C40C2F2054001F02E
:10FDD000DBFC019902984AF2CC22C2F20342116084
:10FDE0004AF2D421C2F20341086004B080BD000091
:10FDF00080B582B0019004F77BFA0198806B18B946
:10FE0000FFE70120009002E000200090FFE704F7E8
:10FE10009FFA009802B080BD80B586B00590059825
:10FE2000806C049000200390FFE7049850B9FFE72E
:10FE300046F63D50C0F6110040F61151F3F79CFF15
:10FE4000FFE7FEE7FFE7FFE70498806B0499C96BC3
:10FE500088420AD3FFE746F63D50C0F6110040F64F
:10FE60001251F3F789FFFFE7FEE7FFE70498806B85
:10FE70000499C96B884246D2FFE7049890F8450080
:10FE80008DF80B00049805A90022FFF769FD039087
:10FE90009DF90B00013088B9FFE70498406A58B11A
:10FEA000FFE70498243002F0D7FC18B1FFE70120E7
:10FEB000039000E0FFE700E0FFE723E0FFE701F049
:10FEC0002FFC01909DF90B000199884218D2FFE7A1
:10FED000FFE79DF90B007F280AD1FFE746F63D506A
:10FEE000C0F6110040F63451F3F746FFFFE7FEE796
:10FEF000FFE79DF80B000130049981F84500FFE70A
:10FF0000FFE7FFE700E0FFE7039806B080BD0000D1
:10FF100080B584B0039002914AF2C820C2F2034037
:10FF20000068C068C06801900198043001F0B8FB17
:10FF3000019890F828004007002806D5FFE70198AF
:10FF40000399029A00F010F907E0019991F828004E
:10FF500000F0FE0081F82800FFE70198016A884759
:10FF600004B080BD0000000080B588B0002007907C
:10FF700006900590FFE74AF2B840C2F205400068DB
:10FF800005A9002204F76CFC002800F09A80FFE726
:10FF90000598002800F19480FFE7079804900498E2
:10FFA000002800F08B80FFE70498406928B1FFE744
:10FFB0000498043001F074FB00E0FFE703A800F0B0
:10FFC0000FF902900598013801460191082800F2C6
:10FFD00073800199DFE801F00505323A5C050532CE
:10FFE0003A00049991F8280040F0010081F82800B7
:10FFF0000498069B81691944029A02F7ADFED8B1B4
:020000040811E1
:10000000FFE7049890F828004007002808D5FFE78C
:100010000498069982691144029A00F0A5F807E055
:10002000049991F8280000F0FE0081F82800FFE70D
:100030000498016A884700E0FFE73EE0049991F8E0
:10004000280000F0FE0081F8280036E0049991F8BD
:10005000280040F0010081F8280006980499886182
:10006000FFE70498806950B9FFE746F61E70C0F6B6
:10007000010040F20E41F3F77FFEFFE7FEE7FFE7E6
:100080000498029B816919441A4602F765FE14E040
:10009000049890F828008007002804D4FFE704980B
:1000A00001F0CAFB07E0049991F8280000F0FE0077
:1000B00081F82800FFE700E0FFE700E0FFE7FFE747
:1000C00059E708B080BD000080B584B0039002916C
:1000D00001F09AFD684600F083F801900098D8BBC3
:1000E000FFE7029860B9FFE703980199884207D8B3
:1000F000FFE704F7E1FE03980199FFF709FF2AE003
:10010000029858B1FFE74AF2D820C2F203400068D3
:100110000068B0FA80F040090290FFE74AF2B84068
:10012000C2F2054000680399019A891A029A01F007
:10013000B7FC04F7C1FE60B9FFE74EF60451CEF2FA
:1001400000014FF080500860BFF34F8FBFF36F8FF7
:1001500000E0FFE7FFE702E004F7AEFEFFE704B0D0
:1001600080BD00000000000080B584B003900291C3
:100170000192FFE70398029B81691944019A02F7F3
:10018000EBFD48B1FFE703988169029808440290AB
:100190000398016A8847EDE704B080BD00000000C5
:1001A0004AF2CC20C2F203400068006840B9FFE781
:1001B0004AF2F831C2F205414FF0FF3008600CE01E
:1001C0004AF2CC20C2F203400068C06800684AF2DC
:1001D000F831C2F205410860FFE7704700000000F7
:1001E00080B582B0019004F7B7FD009000984AF204
:1001F000C021C2F203410968884206D2FFE700F03D
:1002000013F801990120086003E0019900200860BB
:10021000FFE700984AF2C021C2F20341086000984B
:1002200002B080BD0000000080B582B0FFE74AF256
:10023000C820C2F203400068006870B1FFE74AF2CC
:10024000C820C2F203400068C068006801900198AD
:100250004FF0FF31FFF75CFEE9E74AF2C822C2F235
:100260000342106800904AF2D821C2F203410868A4
:1002700010600098086002B080BD0000000000001F
:1002800082B0019000200090FFE701980078A52837
:1002900007D1FFE7019801300190009801300090EC
:1002A000F3E7009880080090009802B070470000C3
:1002B00080B584B00390FFE701A802F795FC029097
:1002C00002980199FFF700FFFFF74EFEF4E70000E8
:1002D00080B58AB009900891079202208DF813002A
:1002E00008980228C0F0C980FFE708980999496971
:1002F000884280F0C280FFE70998007801460391A8
:10030000012809D0FFE7039802286CD0FFE7039883
:10031000032800F08480AFE008980690069800EB70
:10032000500006900998016A069A01EB522102F7E3
:1003300007FB8DF813009DF8130008B1FFE79BE061
:10034000099806990A466FF35F221044013106911D
:10035000303005909DF82000C00750B1FFE70598A8
:10036000007800F00F009DF81C1040EA0110029088
:1003700003E09DF81C000290FFE7029805990870C1
:1003800009990120C8700998016A069A01EB522167
:1003900002F7D6FA8DF813009DF8130008B1FFE7B5
:1003A0006AE0099806996FF35F21084430300590A0
:1003B0009DF82000C00728B1FFE70798C0F3071099
:1003C000019009E00598007800F0F0000799C1F36A
:1003D000032108440190FFE70198059908700999E5
:1003E0000120C87048E00998016A089A01EB1221BF
:1003F00002F7A6FA8DF813009DF8130008B1FFE785
:100400003AE009989DF8201000EB41003030BDF82B
:100410001C1000F071FA09990120C8702CE00998AD
:10042000016A089A01EBD21102F78AFA8DF81300DB
:100430009DF8130008B1FFE71EE0079800900998A7
:10044000089901F07F0100EB81003030FEF790FC4D
:1004500001460098090F61F31F70079009980899E9
:1004600001F07F0100EB81003030079900F020FAA5
:1004700009990120C870FFE7FFE79DF813000AB053
:1004800080BD00000000000080B58CB00B90002003
:10049000079005900B9840B3FFE70B9810F1090FF8
:1004A0001FD8FFE70B9808300B909DF82C004007F1
:1004B000A8B1FFE70B9800F00700C0F10800069014
:1004C0000B980699C943884205D8FFE706990B980F
:1004D00008440B9002E000200B90FFE700E0FFE7EC
:1004E00002E000200B90FFE700E0FFE701F08CFB4B
:1004F0004AF2D020C2F20340006818B9FFE7FFF7C4
:10050000E7FA00E0FFE79DF82F000006002800F161
:100510003481FFE70B98002800F02D81FFE70B984E
:100520004AF2EC31C2F205410968884200F22381A7
:10053000FFE74AF28440C2F20540099000680A9041
:10054000FFE70A9900204AF28032C2F20342914248
:10055000049010D3FFE70A994AF28030C2F20340B8
:100560004FF6FF72C0F2010202440020914298BF90
:1005700001200490FFE70498C00748B9FFE746F65A
:10058000AF50C0F61100F621F3F7F6FBFFE7FEE7E8
:10059000FFE7FFE70A9841680B9A00209142039019
:1005A00007D2FFE70A980068002818BF01200390CF
:1005B000FFE70398C00778B3FFE70A9809900A9805
:1005C00000680A90FFE70A9900204AF28032C2F2DE
:1005D00003429142029010D3FFE70A994AF2803019
:1005E000C2F203404FF6FF72C0F201020244002043
:1005F000914298BF01200290FFE70298C00748B9D6
:10060000FFE746F6AF50C0F61100FC21F3F7B4FB4C
:10061000FFE7FEE7FFE7BDE70A984AF2D021C2F202
:1006200003410968884200F0A480FFE70998006848
:1006300008300790FFE7079900204AF28032C2F2A3
:1006400003429142019010D3FFE707994AF28030AC
:10065000C2F203404FF6FF72C0F2010202440020D2
:10066000914298BF01200190FFE70198C00750B95F
:10067000FFE746F6AF50C0F611004FF48371F3F771
:100680007BFBFFE7FEE7FFE70A980068099908602F
:10069000FFE70A9840680B9988420AD2FFE746F6BE
:1006A000AF50C0F611004FF48771F3F765FBFFE719
:1006B000FEE7FFE70A9840680B99401A112826D3F5
:1006C000FFE70A980B9908440890FFE79DF820007F
:1006D000400750B1FFE746F6AF50C0F6110040F2B8
:1006E0001711F3F749FBFFE7FEE7FFE70A984068B9
:1006F0000B99401A089948600B980A994860099824
:1007000000680899086008980999086000E0FFE708
:100710000A9842684AF2EC30C2F205400168891A30
:10072000016000684AF2F431C2F20541096888426A
:100730000BD2FFE74AF2EC30C2F2054000684AF201
:10074000F431C2F20541086000E0FFE70A98406812
:1007500005900A99486840F0004048600A990020D6
:1007600008604AF20041C2F20541086801300860A1
:1007700000E0FFE700E0FFE700E0FFE704F79CFB95
:10078000079818B9FFE703F78FFD00E0FFE7FFE7E1
:100790009DF81C00400750B1FFE746F6AF50C0F689
:1007A000110040F25D11F3F7E7FAFFE7FEE7FFE71C
:1007B00007980CB080BD000083B0029001910092B8
:1007C00002980438029002994FF0807008600298F5
:1007D00004380290019820F0010002990860029804
:1007E00004380290029942F63960C0F601000860B0
:1007F0000298143802900098029908600298043810
:10080000029002996FF0020008600298203802906E
:10081000029803B07047000084B08DF80E008DF888
:100820000D108DF80C20ADF80A30002001900090DA
:100830009DF80D100098084300909DF80E00C0F13F
:100840000401012000FA01F10098084300909DF88E
:100850000C10009840EA41100090BDF80A10009872
:1008600040EA41200090009844F25011C5F2002166
:100870000860FFE744F25810C5F2002000688006C7
:1008800000280DD5FFE70198013001900198B0F5DF
:10089000001F04D3FFE701208DF80F0004E0E9E713
:1008A00000208DF80F00FFE79DF80F0004B070479F
:1008B00082B001900091009801994A1C0192087041
:1008C0000098000A0090009801994A1C0192087053
:1008D0000098000A0090009801994A1C0192087043
:1008E0000098000A0090009801994A1C0192087033
:1008F00002B070470000000082B00190ADF8021015
:100900009DF8020001994A1C019208709DF80300AD
:10091000ADF802009DF8020001994A1C019208708E
:1009200002B070470000000080B584B003900398C7
:1009300000F05EF88DF80B009DF80B00002853D1F5
:10094000FFE703980078032841D1FFE70398007977
:1009500001283CD1FFE703983030002101914FF48A
:10096000007201F7D5FF039800F22E204AF65521B8
:10097000FFF7C2FF0398303045F25221C4F26111F3
:10098000FFF796FF039800F5057047F27221C6F253
:100990004111FFF78DFF039901F506700969FFF713
:1009A00087FF039901F50770C968FFF781FF039975
:1009B000C8690130C862039A507802F13001D26AE6
:1009C0000123FCF6D9FF019803990871FFE703980A
:1009D000407800221146FBF71BFD20B1FFE7012004
:1009E0008DF80B00FFE7FFE79DF80B0004B080BD1A
:1009F00080B582B0019000208DF803000198C07886
:100A000060B3FFE7019A507802F13001D26A012306
:100A1000FCF6B2FFE8B9FFE701990020C870019821
:100A20008169026AC06A801A884211D2FFE7019880
:100A3000807802280BD1FFE7019B587803F1300141
:100A4000DA6A9B691A440123FCF696FFFFE7FFE789
:100A500003E001208DF80300FFE7FFE79DF80300A6
:100A600002B080BD0000000083B00190ADF802101C
:100A700001980069BDF80210084204D0FFE7012088
:100A80008DF80B0003E000208DF80B00FFE79DF8C8
:100A90000B0003B07047000087B0DDF820C0DDF820
:100AA0001CC00690ADF8161004920393002002902B
:100AB000019000900290FFE702980F2863D8FFE7AB
:100AC0000299012088400190BDF816000199084064
:100AD000009000980199884250D1FFE702984100A8
:100AE000032000FA01F20699086890430860049810
:100AF0000299490000FA01F206990868104308605B
:100B00000498012804D0FFE70498022823D1FFE7C6
:100B100002984100032000FA01F206998868904388
:100B2000886007980299490000FA01F206998868DE
:100B3000104388600299012000FA01F20699486882
:100B4000904348600398029900FA01F206994868B8
:100B500010434860FFE702984100032000FA01F2C9
:100B60000699C8689043C86008980299490000FA3D
:100B700001F20699C8681043C860FFE7FFE70298D2
:100B80000130029098E707B07047000000000000B5
:100B900072B670470000000062B6704700000000A7
:100BA00080B582B08DF807008DF806108DF805200D
:100BB0008DF804309DF8040002F75EFE9DF80700F2
:100BC0009DF80410C1F10401884000909DF80600D2
:100BD0009DF804200F21D140014000980843009067
:100BE000009800F00F0000909DF8051001F01F0222
:100BF000012000FA02F31C2000EAD1014EF200129B
:100C0000CEF20002885818438850009B9DF80510CA
:100C10004EF20042CEF20002885C40EA0310885493
:100C200002B080BD0000000082B0019000910198E8
:100C3000009940F2FF12914308434EF60851CEF25C
:100C40000001086002B0704780B586B0059004913D
:100C50000392029344F20041C5F6020101200860AC
:100C600044F21042C5F6020200210191116044F2E3
:100C70001842C5F60202116044F21C42C5F6020297
:100C8000116044F22042C5F60202116044F228428B
:100C9000C5F60202116044F22C42C5F60202116050
:100CA00044F26042C5F60202116048F20811C5F232
:100CB0000011086005980499039A029B02F7F8FB5B
:100CC00002F77EFB01994FF00060FFF7ADFF06B021
:100CD00080BD00000000000080B5ACB020A81C90D2
:100CE00000201E908DF89B00ADF87E008DF89B00D3
:100CF0004FF6FF70FEF6CCFB69464FF478401D902E
:100D0000886046F63460C0F6010048601020086034
:100D10002821A02264230846FDF762FF1D9A1421B2
:100D2000084600F021FA1E9840F23001C2F200415C
:100D30008886FFE740F23000C2F200401B90416815
:100D4000012088471B98808E00F44040B0F5804F0A
:100D500040F0EE81FFE70020ADF87E0040F2300069
:100D6000C2F20040818E21F48041818682899DF803
:100D70009B3027A921F82320008C9DF89B2001EBB4
:100D8000820148809DF89B0001308DF89B009DF802
:100D90009B00013801461A91042800F2C8811A9973
:100DA000DFE801F003172F485900142119914FF67D
:100DB000FF72084600F0D8F919994AF29220C2F25F
:100DC00003400088143880B24FF4784200F0CCF928
:100DD000ADE14AF29220C2F2034017900088143825
:100DE00080B2142118914FF6FF7200F0BDF91799E7
:100DF00018984988143989B24FF4784200F0B4F950
:100E000095E14AF29220C2F20340169040881438CD
:100E100081B214204FF6FF7200F0A6F916990888E7
:100E200014384988143980B289B24FF4784200F0FE
:100E30009BF97CE14FF6FF70FEF62AFB4AF2922105
:100E4000C2F2034108884008498849084FF47842B3
:100E500000F08AF96BE11C98BDF8A010BDF89C2049
:100E6000891AADF89810BDF8A810BDF8A420891A09
:100E7000ADF89410BDF8AA10BDF8A220891AADF8FB
:100E80009610BDF8A610BDF89E20891AADF89210F4
:100E9000BDF9981000EE101AB8EEC00BBDF9941011
:100EA00001EE101AB8EEC11B80EE010B80ED020BB3
:100EB000BDF9961000EE101AB8EEC00BBDF99210F5
:100EC00001EE101AB8EEC11B80EE010B80ED000B95
:100ED00090ED020BB5EE400BF1EE10FA08DAFFE7E9
:100EE0001C9890ED020BB1EE400B80ED020BFFE77A
:100EF0001C9890ED000BB5EE400BF1EE10FA08DAFD
:100F0000FFE71C9890ED000BB1EE400B80ED000B5D
:100F1000FFE71C9890ED020B9FED8F1BB4EE410B89
:100F2000F1EE10FAC0F28A80FFE71C9890ED020BF8
:100F30009FED8B1BB4EE410BF1EE10FA7EDCFFE768
:100F40001C9890ED000B9FED841BB4EE410BF1EE6D
:100F500010FA73DBFFE71C9890ED000B9FED801BF0
:100F6000B4EE410BF1EE10FA68DCFFE7BDF9980032
:100F700014900028159002D51498404215901598A9
:100F8000B0F5805F5ADAFFE7BDF9960012900028AD
:100F9000139002D51298404213901398B0F5805FD9
:100FA0004CDAFFE7BDF9940010900028119002D5AB
:100FB0001098404211901198B0F5805F3EDAFFE73B
:100FC000BDF992000E9000280F9002D50E98404275
:100FD0000F900F98B0F5805F30DAFFE7BDF9980009
:100FE0000C9000280D9002D50C9840420D900D9861
:100FF00020B3FFE7BDF996000A9000280B9002D5B8
:101000000A9840420B900B98C0B1FFE7BDF99400DD
:1010100008900028099002D5089840420990099844
:1010200060B1FFE7BDF9920006900028079002D555
:101030000698404207900798F0B9FFE700208DF826
:101040009B004AF29221C2F2034108884008498875
:1010500049084FF6FF7200F087F814214FF47842E8
:10106000084600F081F81C9890ED020B90ED001BF3
:1010700027A802F739FD5DE6BDF99800BDF9941087
:10108000084400EE100AB8EEC00A4AF29222C2F2F8
:101090000342049211886FF04F0000EB410101EE12
:1010A000101AB8EEC11A80EE010A40F23001C2F205
:1010B000004181ED0E0ABDF99630BDF992C063443E
:1010C00000EE103AB8EEC00A528800EB420001EE82
:1010D000100AB8EEC11A80EE010A81ED0F0ABDF8C0
:1010E000AC00A1F84000BDF8AE00A1F842004FF6F8
:1010F000FF700590FEF6CCF9049802884388694693
:101100001F20886046F61C60C0F601004860102071
:10111000086023206E21FDF763FD4FF47A70FCF622
:1011200077FA02F705FF0598FEF6B2F912E0FFE73D
:101130000A20FCF66DFABDF87E000130ADF87E00A5
:10114000BDF87E00B0F57A7F03DDFFE702F7A8FD6A
:1011500000E0EFE52CB080BD666666666666EE3F31
:10116000CDCCCCCCCCCCF03F80B584B0ADF80E006B
:10117000ADF80C10ADF80A20BDF80E10A1F10C006E
:10118000BDF80C300D31BDF80A20EC46CCF800203B
:1011900080B28AB21946FEF6BBF9BDF80E20BDF842
:1011A0000C00A0F10C010D30BDF80A30EC46CCF873
:1011B000003089B283B21046FEF6AAF9BDF80E00DF
:1011C0000130BDF80C100131BDF80A2080B289B29F
:1011D000FEF636FABDF80E000138BDF80C100131EC
:1011E000BDF80A2080B289B2FEF62AFABDF80E00D8
:1011F0000130BDF80C100139BDF80A2080B289B267
:10120000FEF61EFABDF80E000138BDF80C100139CB
:10121000BDF80A2080B289B2FEF612FABDF80E00BF
:10122000BDF80C10BDF80A300622FCF7E1FA04B054
:1012300080BD00000000000080B588B040F23002A0
:10124000C2F20042002082F844004AF29220C2F228
:101250000340817901F0010392F84410194382F8A8
:101260004410808847F29671884218D1FFE7FDF656
:101270000BFF98B9FFE740F23001C2F200414CF693
:101280007960C0F61000486091F8440040F080009A
:1012900081F8440000208DF81F0021E1FFE74AF2A9
:1012A0009220C2F20340808845F21051884228D033
:1012B000FFE74AF29220C2F20340808844F24231B2
:1012C00088421ED0FFE74AF29220C2F20340808893
:1012D00041F21801884214D0FFE74AF29220C2F28C
:1012E0000340808844F2843188420AD0FFE74AF202
:1012F0009220C2F20340808849F60601884215D147
:10130000FFE7FDF6C1FE40F23001C2F200414CF6AB
:101310007960C0F61000486091F8440040F0800009
:1013200081F8440000208DF81F00D9E04AF2922095
:10133000C2F20340808841F66311884214D0FFE76F
:101340004AF29220C2F20340808847F28401884228
:101350000AD0FFE74AF29220C2F20340808847F2A7
:101360001601884228D1FFE7FDF6F6FB50B9FFE7EA
:1013700040F23001C2F200414EF6B140C0F600002A
:1013800048600BE0FDF680FE40F23001C2F2004101
:101390004CF67960C0F610004860FFE740F230017B
:1013A000C2F2004191F8440040F0800081F844000E
:1013B00000208DF81F0093E0FFE744F2E041C5F6FE
:1013C0000201086840F080000860FFE7FFE744F290
:1013D000E041C5F60201086840F480700860FFE74C
:1013E000FFE744F2E041C5F60201086840F0400022
:1013F0000860FFE7FFE744F2E041C5F60201086834
:1014000040F480700860FFE7FFE744F2E041C5F672
:101410000201086840F080000860FFE7694601208B
:1014200005904860086041F60040C5F60200039050
:101430008021002306931A46FFF72EFB0598069B92
:1014400069464860086041F60000C5F602000821C0
:1014500002911A46FFF720FB0299059A069B6846FF
:101460004260026042F20000C5F602000490FFF7FD
:1014700013FB0398059A069B69464A600A6040215F
:10148000FFF70AFB0498059A069B69464A600A60C2
:101490004FF48071FFF700FB40F23001C2F20041CF
:1014A00001F10C00203102F7ABFCFAF751FB02F717
:1014B000F7FB20B1FFE700208DF81F0010E04FF68A
:1014C000FF70FDF6E5FFFFF707FC02F731FDFFE7D0
:1014D00002F7E6FBFFE7FFE701208DF81F00FFE7BB
:1014E0009DF81F0008B080BD80B586B08DF817004C
:1014F0000020ADF80600ADF81400FFE7BDF81400B9
:10150000042810DCFFE79DF8170002F7F1FBBDF897
:10151000142002A921F81200FFE7BDF814000130E1
:10152000ADF81400EAE70020ADF81400FFE7BDF8BD
:10153000140003283BDCFFE7BDF814000130ADF8D0
:101540001200FFE7BDF81200042829DCFFE7BDF810
:10155000140002A931F81000BDF8122031F8121061
:10156000884216DDFFE7BDF8140002A931F810002B
:10157000ADF80400BDF8120031F81000BDF81420D9
:1015800021F81200BDF80400BDF8122021F8120065
:10159000FFE7FFE7BDF812000130ADF81200D1E718
:1015A000FFE7BDF814000130ADF81400BFE70020DC
:1015B000ADF806000120ADF81400FFE7BDF81400F7
:1015C000032811DCFFE7BDF8141002A830F8111051
:1015D000BDF806000844ADF80600FFE7BDF81400AA
:1015E0000130ADF81400E9E7BDF8060045F25651A8
:1015F000C5F25551A0FB0110ADF80400BDF8040080
:1016000006B080BD000000004AF28010C2F2034024
:10161000006870470000000083B00190019820B975
:10162000FFE700208DF80B002AE04AF28620C2F284
:1016300003400088ADF80200BDF802004AF28411B0
:10164000C2F203410988884204D1FFE700208DF8E7
:101650000B0015E0BDF802104AF28610C2F20340FA
:10166000405C01990870BDF802000130C0B24AF236
:101670008621C2F20341088001208DF80B00FFE7AC
:101680009DF80B0003B070474AF28410C2F2034089
:1016900000884AF28621C2F20341088070470000A8
:1016A00082B00190019800690090019841688068BB
:1016B0008860019948688968486000984068019985
:1016C000884205D1FFE7019880680099486000E0F2
:1016D000FFE7019900200861009908680138086057
:1016E0000098006802B0704780B582B00190FFE7B3
:1016F000019850B9FFE746F63D50C0F6110040F69C
:101700009E01F2F739FBFFE7FEE7FFE702F7F0FD86
:101710000198806B009002F71BFE009802B080BD1C
:101720004AF28830C2F205400068704700000000AD
:1017300080B586B00590059838B9FFE74AF2C42015
:10174000C2F203400068019002E005980190FFE7B3
:1017500001980490FFE7049850B9FFE746F68050DF
:10176000C0F6110041F69011F2F706FBFFE7FEE725
:10177000FFE70498006B03900398FEF781FD029049
:10178000029806B080BD000081B00090009901F180
:101790000800486000994FF0FF308860009901F11F
:1017A0000800C860009901F1080008610099002054
:1017B000086001B07047000081B0009000990020DF
:1017C000086101B07047000084B003900291029854
:1017D000006800900098013020B9FFE70398006985
:1017E000019010E0039808300190FFE701984068ED
:1017F00000680099884205D8FFE7FFE70198406834
:101800000190F3E7FFE70198406802994860029869
:10181000416888600198029988600298019948603F
:10182000039802990861039908680130086004B0C0
:10183000704700000000000080B584B0039003985A
:101840000290039800287ED0FFE7029808380290A3
:1018500002980190FFE7019900204AF28032C2F21B
:1018600003429142009010D3FFE701994AF2803081
:10187000C2F203404FF6FF72C0F2010202440020A0
:10188000914298BF01200090FFE70098C00750B92F
:10189000FFE746F6AF50C0F611004FF4B871F2F70B
:1018A0006BFAFFE7FEE7FFE7FFE70198C179002049
:1018B000B0EBD11F0AD1FFE746F6AF50C0F61100DA
:1018C00040F27111F2F758FAFFE7FEE7FFE7FFE792
:1018D0000198006850B1FFE746F6AF50C0F611001E
:1018E0004FF4B971F2F748FAFFE7FEE7FFE7019816
:1018F000C1790020B0EBD11F23D0FFE70198006829
:10190000E8B9FFE70199486820F00040486000F01E
:101910007BF9019842684AF2EC31C2F2054108684D
:1019200010440860019801F77FF94AF20441C2F2BD
:10193000054108680130086003F7BEFA00E0FFE7E0
:1019400000E0FFE7FFE704B080BD000000000000FA
:1019500080B582B0EFF305800190019810281FD365
:10196000FFE701984EF2F031CEF20001405C8DF8B5
:101970000300FFE79DF803004AF28031C2F20541FF
:10198000097888420ADAFFE746F65670C0F6010089
:1019900040F26E31F2F7F0F9FFE7FEE7FFE7FFE70D
:1019A000FFE74EF60C50CEF20000006800F4E06055
:1019B0004AF28431C2F20541096888420AD9FFE738
:1019C00046F65670C0F6010040F27E31F2F7D4F9C7
:1019D000FFE7FEE7FFE702B080BD00000000000067
:1019E00080B584B00390029100200090FFE7039837
:1019F00050B9FFE746F63D50C0F6110040F6CE3133
:101A0000F2F7BAF9FFE7FEE7FFE70298C8B3FFE78E
:101A100000200190FFE701980B2831D8FFE70398D9
:101A2000019A4AF22041C2F2054101EBC201496824
:101A3000884209D1FFE701994AF22040C2F20540ED
:101A400000EBC10000901BE0009890B9FFE70199FE
:101A50004AF22040C2F2054050F8310048B9FFE791
:101A600001994AF22040C2F2054000EBC10000900B
:101A700000E0FFE7FFE7FFE7019801300190CAE7C8
:101A8000FFE7009838B1FFE70298009908600398D3
:101A900000994860FFE704B080BD0000000000002E
:101AA00080B584B00390029101920398009002F7F0
:101AB0001FFC009890F94400013028B9FFE7009915
:101AC000002081F84400FFE7009890F945000130BC
:101AD00028B9FFE70099002081F84500FFE702F7E9
:101AE00037FC0098806B38B9FFE7009824300299E2
:101AF000019A00F045F800E0FFE7009801F7C8F907
:101B000004B080BD0000000080B582B001900020CC
:101B100000900198F0B1FFE700F076F8FFE74AF295
:101B20009030C2F20540006801280AD0FFE746F66F
:101B30008050C0F6110040F6D511F2F71DF9FFE70D
:101B4000FEE7FFE701980021FDF772FD03F7B4F906
:101B5000009000E0FFE7009860B9FFE74EF60451FF
:101B6000CEF200014FF080500860BFF34F8FBFF3FB
:101B70006F8F00E0FFE702B080BD000000000000B2
:101B800080B584B0039002910192FFE7039850B9A9
:101B9000FFE746F68050C0F6110041F25D51F2F7C2
:101BA000EBF8FFE7FEE7FFE7FFE7039840680090E8
:101BB00000984AF2C421C2F203410A68D061009839
:101BC00080680A68106208681830009A926850604D
:101BD00008681830009A9060039809688862039931
:101BE000086801300860FFE7019820B1FFE74FF077
:101BF000FF300290FFE702980199FDF719FD04B04C
:101C000080BD0000000000004AF29031C2F20541A0
:101C1000086801300860704780B588B04AF290309B
:101C2000C2F20540006838B1FFE74AF2C041C2F293
:101C30000541012008608DE04AF2C041C2F2054131
:101C400000200860FFE74AF2C421C2F2034108689D
:101C5000006B05904FF0A530049008680068096893
:101C6000096B884218D9FFE705980068B0F1A53FD5
:101C700012D1FFE705984068B0F1A53F0CD1FFE70E
:101C800005988068B0F1A53F06D1FFE70598C068C8
:101C9000B0F1A53F0CD0FFE74AF2C420C2F20340E6
:101CA0000168343103910068039902F709FBFFE7EB
:101CB000FFE7FFE74AF29830C2F20540006807905C
:101CC0000798B0FA80F08DF81B009DF81B00C0F15A
:101CD0001F000290FFE7029800EB80014AF2DC202F
:101CE000C2F2034050F8210050B9FFE746F6805099
:101CF000C0F6110041F29941F2F73EF8FFE7FEE726
:101D0000FFE7FFE7029800EB80014AF2DC20C2F215
:101D1000034000EB810001900199486840684860E9
:101D2000019948680831884204D1FFE70199C868E1
:101D30004860FFE701984068C0684AF2C421C2F2D7
:101D400003410860FFE7FFE74AF2C420C2F2034004
:101D50000068FFE708B080BD4AF2F430C2F20540E7
:101D6000006870470000000080B586B04EF608504D
:101D7000CEF2000000680590FFE70598C06A42F6C1
:101D8000D111C0F6100188420AD0FFE746F656701E
:101D9000C0F601004FF4A571F1F7EEFFFFE7FEE793
:101DA000FFE7FFE70598806B41F21921C0F60001BB
:101DB00088420AD0FFE746F65670C0F6010040F2AE
:101DC0004B11F1F7D9FFFFE7FEE7FFE70020039093
:101DD0004EF20040CEF20000029001788DF8131010
:101DE000FF21017000788DF807009DF8070000F0D2
:101DF00050004AF28031C2F205410870FFE74AF212
:101E00008030C2F20540007850B9FFE746F65670C0
:101E1000C0F601004FF4B771F1F7AEFFFFE7FEE740
:101E2000FFE7FFE79DF80700C04310F0500F0AD00E
:101E3000FFE746F65670C0F601004FF4B971F1F7AE
:101E40009BFFFFE7FEE7FFE7FFE79DF807000006BF
:101E5000002809D5FFE70398013003909DF807009B
:101E600040008DF80700F0E70398082809D1FFE744
:101E7000FFE7FFE74AF28431C2F205410020086023
:101E800008E00398C0F107004AF28431C2F205412C
:101E90000860FFE74AF28431C2F205410868000297
:101EA0000860086800F4E06008609DF813004EF2D6
:101EB0000041CEF2000108704EF62051CEF2000132
:101EC000086840F47F000860086840F07F400860C0
:101ED0004EF61C51CEF2000100200090086002F77F
:101EE0005FFA009840F27801C2F20041086002F700
:101EF000F3F94EF63471CEF20001086840F040402C
:101F0000086000F785FFFFF787FE00F795FF009850
:101F100006B080BD0000000080B588B00790069133
:101F20008DF8172000200490079880B3FFE70799E9
:101F30004FF0FF30B0FBF1F00699884227D3FFE75E
:101F400007980699484310F1550F20D8FFE70798E6
:101F500006994843039003985430FEF795FA04908D
:101F6000049890B1FFE704980290029854300290D0
:101F700007980699029A9DF81730DDF810C0EE46D2
:101F8000CEF800C0FDF718FE00E0FFE70FE0FFE726
:101F9000049850B9FFE746F63D50C0F6110040F2F4
:101FA0002D21F1F7E9FEFFE7FEE7FFE7FFE70498E1
:101FB00008B080BD0000000080B58EB00C900B9181
:101FC0000A920993002008900C980490FFE7049867
:101FD00050B9FFE746F63D50C0F611004FF470715E
:101FE000F1F7CAFEFFE7FEE7FFE7FFE70B990020E6
:101FF000029039B9FFE70498006C002818BF01204F
:102000000290FFE70298C00750B1FFE746F63D5047
:10201000C0F6110040F2C131F1F7AEFEFFE7FEE776
:10202000FFE7FFE7099900200229019007D1FFE7A8
:102030000498C06B013818BF01200190FFE7019898
:10204000C00750B1FFE746F63D50C0F6110040F220
:10205000C231F1F791FEFFE7FEE7FFE7FFE702F786
:102060005FFE01460020009031B9FFE70A98002882
:1020700018BF01200090FFE70098C00750B1FFE7AC
:1020800046F63D50C0F6110040F2C531F1F774FE3E
:10209000FFE7FEE7FFE7FFE702F72AF90498806B06
:1020A0000499C96B884204D3FFE70998022858D1E4
:1020B000FFE70498806B039004980B99099AFDF749
:1020C0004FFC07900498806CE0B1FFE70998022864
:1020D00004D1FFE7039808B1FFE712E00498FDF789
:1020E0009BFE60B1FFE74EF60451CEF200014FF0C7
:1020F00080500860BFF34F8FBFF36F8F00E0FFE7A2
:10210000FFE729E00498406AA0B1FFE70498243073
:1021100000F0A2FB60B1FFE74EF60451CEF20001E1
:102120004FF080500860BFF34F8FBFF36F8F00E018
:10213000FFE710E0079860B1FFE74EF60451CEF2DA
:1021400000014FF080500860BFF34F8FBFF36F8FD7
:1021500000E0FFE7FFE7FFE702F7FAF801200D9044
:1021600065E00A9828B9FFE702F7F2F800200D9021
:102170005DE0089830B9FFE705A802F729F90120CA
:10218000089000E0FFE7FFE7FFE702F7E1F8FFF75D
:102190003BFD02F7ADF8049890F94400013028B9EE
:1021A000FFE70499002081F84400FFE7049890F9C4
:1021B0004500013028B9FFE70499002081F8450067
:1021C000FFE702F7C5F805A80AA900F035F828BB13
:1021D000FFE7049800F704FEC8B1FFE70498103049
:1021E0000A9902F711F9049800F752FE02F764FE0B
:1021F00060B9FFE74EF60451CEF200014FF0805077
:102200000860BFF34F8FBFF36F8FFFE705E00498BF
:1022100000F73EFE02F750FEFFE707E0049800F7E4
:1022200037FE02F749FE00200D9000E034E70D98DC
:102230000EB080BD0000000080B586B0059004910E
:10224000FFE7059850B9FFE746F68050C0F6110049
:1022500041F24461F1F790FDFFE7FEE7FFE7FFE79A
:10226000049850B9FFE746F68050C0F6110041F2DD
:102270004561F1F781FDFFE7FEE7FFE702F738F878
:102280004AF2B440C2F205400068029002980599F3
:102290004968401A019004980068013018B9FFE7B6
:1022A000002003902EE04AF2FC30C2F205400068A4
:1022B0000599096888420CD0FFE70298059949689A
:1022C000884206D3FFE701200390049900200860AC
:1022D00017E001980499096888420BD2FFE7019A38
:1022E00004990868801A0860059802F771F80020C0
:1022F000039005E004990020086001200390FFE7A7
:10230000FFE7FFE702F724F8039806B080BD00005E
:1023100080B590B0DDF84CC0DDF848C00C900B9152
:102320000A928DF8273001200690FFE70C9850B9EB
:10233000FFE746F68050C0F6110041F6D371F1F781
:102340001BFDFFE7FEE7FFE7FFE70B9850B1FFE754
:1023500046F68050C0F6110041F6D471F1F70CFD3D
:10236000FFE7FEE7FFE7FFF7F3FA0C980890EFF3BB
:1023700011814FF0500072B680F31188BFF36F8F58
:10238000BFF34F8F62B60E910D900E980590129884
:1023900040B1FFE708980B9900EB8100406D12995E
:1023A0000860FFE708980B99084490F858008DF8EA
:1023B0001F0008980B990144022081F858009DF8ED
:1023C00027000146019104282ED80199DFE801F089
:1023D0002B030C141B000A9A08980B9900EB81013F
:1023E000486D1043486533E008980B9900EB810174
:1023F000486D013048652BE00A9808990B9A01EB6B
:102400008201486524E09DF81F00022807D0FFE7FD
:102410000A9808990B9A01EB8201486502E00020B6
:102420000690FFE714E013E0FFE74AF2B440C2F27F
:102430000540006850B1FFE746F68050C0F6110035
:1024400042F21E01F1F798FCFFE7FEE7FFE7FFE726
:102450009DF81F00012840F0AF80FFE7FFE70898D4
:10246000806A50B1FFE746F68050C0F6110042F294
:102470002901F1F781FCFFE7FEE7FFE74AF2903020
:10248000C2F20540006800285DD1FFE7FFE7089829
:102490004069049008988168C068886008998868D5
:1024A000C96848600498406808990431884205D199
:1024B000FFE70898C06804994860FFE70899002082
:1024C00048610499086801380860FFE7FFE7089849
:1024D000C16A012000FA01F24AF29831C2F20541C4
:1024E000086810430860FFE70898C06A00EB8000A6
:1024F0004AF2DC21C2F2034101EB80004068039004
:102500000398089A906003988068089AD0600898A9
:102510000430039A9268506008980430039A9060DF
:10252000089AD06A00EB800001EB800050610898A7
:10253000C06A00EB800251F82200013041F822000D
:10254000FFE7FFE71DE0FFE74AF20C41C2F2054159
:10255000486802900298089AD06102988068089AA8
:10256000106208981830029A9268506008981830E3
:10257000029A906008988162086801300860FFE75D
:10258000FFE70898C06A4AF2C421C2F20341096811
:10259000C96A88420ED9FFE7139820B1FFE7139963
:1025A00001200860FFE74AF2C041C2F20541012064
:1025B000086000E0FFE7FFE705980F900F9880F3B1
:1025C0001188069810B080BD81B04AF2C420C2F2D2
:1025D000034000680090009801B0704700000000C0
:1025E00080B588B0002005904AF29030C2F20540D4
:1025F0000068002840F02481FFE74AF2B441C2F2AB
:10260000054108680130049004980860049870BB84
:10261000FFE7FFE7FFE74AF2CC20C2F20340006881
:10262000006850B1FFE746F68050C0F6110041F255
:10263000FC21F1F7A1FBFFE7FEE7FFE74AF2CC221E
:10264000C2F20342106803904AF2D421C2F203415D
:1026500008681060039808604AF2FC31C2F2054134
:10266000086801300860FDF79BFDFFE700E0FFE729
:1026700004984AF2F831C2F2054109688842C0F074
:10268000BE80FFE7FFE74AF2CC20C2F203400068B9
:10269000006840B9FFE74AF2F831C2F205414FF055
:1026A000FF300860AAE04AF2CC20C2F20340006882
:1026B000C068C0680790079840680690049806991B
:1026C000884207D2FFE706984AF2F831C2F2054184
:1026D000086093E0FFE7FFE70798406902900798DA
:1026E0008168C068886007998868C96848600298EE
:1026F000406807990431884205D1FFE70798C06810
:1027000002994860FFE7079900204861029908682C
:1027100001380860FFE70798806A08B3FFE7FFE722
:102720000798806A01900798C169006A88600799D4
:10273000C869096A48600198406807991831884259
:1027400005D1FFE70798006A01994860FFE70799FC
:10275000002088620199086801380860FFE700E0FE
:10276000FFE7FFE70798C16A012000FA01F24AF289
:102770009831C2F20541086810430860FFE70798E6
:10278000C06A00EB80004AF2DC21C2F2034101EB97
:102790008000406800900098079A906000988068D8
:1027A000079AD06007980430009A926850600798A2
:1027B0000430009A9060079AD06A00EB800001EB29
:1027C000800050610798C06A00EB800251F8220037
:1027D000013041F82200FFE7FFE70798C06A4AF29C
:1027E000C421C2F203410968C96A884203D9FFE7DC
:1027F0000120059000E0FFE7FFE744E7FFE74AF22A
:10280000C420C2F203400068C06A00EB80014AF2B3
:10281000DC20C2F2034050F82100022803D3FFE776
:102820000120059000E0FFE74AF2C040C2F20540F7
:10283000006818B1FFE70120059000E0FFE707E01E
:102840004AF20841C2F20541086801300860FFE71A
:10285000059808B080BD000080B588B00790079843
:10286000C068C0680690FFE7069850B9FFE746F6D3
:102870008050C0F6110041F29451F1F77DFAFFE764
:10288000FEE7FFE7FFE70698806A04900698C169B3
:10289000006A88600699C869096A486004984068B7
:1028A00006991831884205D1FFE70698006A049915
:1028B0004860FFE70699002088620499086801389B
:1028C0000860FFE74AF29030C2F205400068002835
:1028D0005DD1FFE7FFE7069840690390069881689D
:1028E000C068886006998868C9684860039840682D
:1028F00006990431884205D1FFE70698C06803991C
:102900004860FFE70699002048610399086801388C
:102910000860FFE7FFE70698C16A012000FA01F2AC
:102920004AF29831C2F20541086810430860FFE797
:102930000698C06A00EB80004AF2DC21C2F2034133
:1029400001EB8000406802900298069A906002981D
:102950008068069AD06006980430029A92685060A7
:1029600006980430029A9060069AD06A00EB8000C4
:1029700001EB800050610698C06A00EB800251F8BC
:102980002200013041F82200FFE7FFE71DE0FFE7EA
:102990004AF20C41C2F20541486801900198069A3A
:1029A000D06101988068069A106206981830019AE2
:1029B0009268506006981830019A9060069881627B
:1029C000086801300860FFE7FFE70698C06A4AF22E
:1029D000C421C2F203410968C96A884208D9FFE7E5
:1029E000012005904AF2C041C2F20541086002E0B0
:1029F00000200590FFE7059808B080BD00000000AA
:102A000080B584B00020039000F752F84AF2B84035
:102A1000C2F205400068B8B1FFE74AF2BC40C2F21A
:102A20000540694648600220086040F2B120C0F6C7
:102A3000110046F64E71C0F601014FF400720023FA
:102A400002F702F8039000E0FFE7FFE7039850B9B0
:102A5000FFE746F61E70C0F601004FF4A371F1F7D0
:102A60008BF9FFE7FEE7FFE7039804B080BD5FEA5C
:102A7000400C08BF91F0000F4FEA8C234FEAC122AF
:102A800043EA51514FEA1C5018BF00F5F0404FEA9D
:102A9000300018BF41F000415FEA6C5C00F0068036
:102AA000BCF1FF3F08BF40F08040704711F0004F7D
:102AB00008BF704731F0004100F03E800B0C06BFAC
:102AC00009044FF0100C4FF0000C0B0E04BF09026C
:102AD0000CF1080C0B0F04BF09010CF1040C8B0F57
:102AE00004BF89000CF1020CCB0F04BF49000CF1AC
:102AF000010CCCF1200322FA03F341EA030102FAAC
:102B00000CF2A0EB0C0000F1010070472DE9804CA5
:102B100070B49A46934691E8380007C831EA400CF1
:102B200048BF34EA430C03D502F728FB02F7C2FC86
:102B3000F0BCBDE8008C000002F7FCBA30380A286F
:102B400001D20120704700207047000010B5002915
:102B50000AD00878002807D005487844EDF78CFBA8
:102B6000002801D0002010BD0248784410BD0000AC
:102B70006644F0FF5E44F0FFF1EE100A4FF6FF717D
:102B8000C0F2C03120EA010040F04070E1EE100ACE
:102B90007047EDF657BEEDF7A9BE0000000000003B
:102BA0000000000030313233343536373839616255
:102BB00063646566787000303132333435363738C7
:102BC0003941424344454658500050815881608104
:102BD00068817081788180818881908198810000EE
:102BE000DC050000DC050000102700008813000051
:102BF000D00700001D6D11080D6D1108296D110819
:102C00002D6D1108396D1108216D1108196D11080C
:102C1000156D1108256D1108316D1108356D1108FC
:102C2000116D110853544D333220534420544553F1
:102C3000540053544D333220534420575249544585
:102C4000204F4B0D0A000102030405060708090A7C
:102C5000000B01030507090B020406080A0C00001B
:102C60000000000000000000000000000000000064
:102C7000000000001FCC000C00000000000000005D
:102C800008003000600008003000600000000220F2
:102C900003FC1E20022003FC1E2002200000000076
:102CA0000E1811043FFF10840C78000000000F0084
:102CB00010840F3800C0077818840078000000786E
:102CC0000F8410C411240E9800E40084000808004A
:102CD000680070000000000000000000000000001C
:102CE0000000000007E01818200440020000000067
:102CF00040022004181807E0000000000000024015
:102D0000024001800FF0018002400240000000807C
:102D1000008000800FF8008000800080000000012B
:102D2000000D000E00000000000000000000000088
:102D30000080008000800080008000800080000013
:102D4000000C000C0000000000000000000000006B
:102D50000006001800600180060018002000000036
:102D600007F0080810041004080807F0000000002D
:102D7000080408041FFC0004000400000000000018
:102D80000E0C10141024104411840E0C00000000CE
:102D90000C1810041104110412880C7000000000BB
:102DA00000E00320042408241FFC0024000000008D
:102DB0001F98108411041104108810700000000086
:102DC00007F0088811041104188800700000000042
:102DD0001C00100010FC13001C001000000000007C
:102DE0000E3811441084108411440E380000000085
:102DF0000700088C10441044088807F00000000009
:102E000000000000030C030C0000000000000000A4
:102E100000000001010600000000000000000000AA
:102E20000080014002200410080810040000022065
:102E300002200220022002200220022000000000C6
:102E40001004080804100220014000800000000067
:102E50000E001200100C106C10800F00000003E038
:102E60000C1813E4142417C4082807D00000000429
:102E7000003C03C41C40074000E4001C0004100494
:102E80001FFC1104110411040E880070000003E0FF
:102E90000C1810041004100410081C10000010047A
:102EA0001FFC100410041004080807F000001004B0
:102EB0001FFC1104110417C41004081800001004AA
:102EC0001FFC1104110017C010000800000003E0EF
:102ED0000C181004100410441C780040000010046A
:102EE0001FFC10840080008010841FFC1004000070
:102EF000100410041FFC1004100400000000000364
:102F00000001100110011FFE10001000000010044D
:102F10001FFC110403801464181C1004000010042A
:102F20001FFC1004000400040004000C0000100446
:102F30001FFC1F0000FC1F001FFC100400001004F9
:102F40001FFC0C04030000E010181FFC100007F029
:102F50000808100410041004080807F0000010040A
:102F60001FFC10841080108010800F00000007F0FC
:102F7000081810241024101C080A07F2000010047E
:102F80001FFC1104110011C011300E0C00040000D0
:102F90000E1C11041084108410441C38000018000A
:102FA000100010041FFC1004100018000000100096
:102FB0001FF810040004000410041FF81000100093
:102FC0001E0011E0001C007013801C0010001FC0C8
:102FD000103C00E01F0000E0103C1FC00000100487
:102FE000180C163401C001C01634180C100410005F
:102FF0001C00130400FC13041C0010000000080453
:10300000101C1064108413041C041018000000002D
:10301000000000007FFE400240024002000000006D
:1030200030000C0003800060001C00030000000062
:103030004002400240027FFE00000000000000004D
:10304000000020004000400040002000000000017F
:103050000001000100010001000100010001000069
:1030600040004000200000000000000000000000C0
:103070000098012401440144014400FC00041000B4
:103080001FFC00880104010400880070000000009B
:1030900000700088010401040104008800000000A1
:1030A000007000880104010411081FFC00040000E6
:1030B00000F8014401440144014400C8000000003C
:1030C000010401040FFC1104110411001800000098
:1030D00000D601290129012901C9010600001004B7
:1030E0001FFC008401000100010400FC000400003A
:1030F0000104190419FC0004000400000000000091
:10310000000300010101190119FE00000000100474
:103110001FFC0024004001B4010C01040000000069
:10312000100410041FFC000400040000000001044F
:1031300001FC0104010001FC0104010000FC010488
:1031400001FC008401000100010400FC00040000F7
:1031500000F8010401040104010400F80000010169
:1031600001FF0085010401040088007000000000D8
:103170000070008801040104010501FF0001010441
:10318000010401FC00840104010001800000000032
:1031900000CC012401240124012401980000000036
:1031A0000100010007F80104010400000000010013
:1031B00001F8000400040004010801FC00040100FF
:1031C00001800170000C001001600180010001F01D
:1031D000010C003001C00030010C01F001000000C2
:1031E0000104018C00740170018C010400000101D4
:1031F00001810171000E00180160018001000000D2
:103200000184010C013401440184010C0000000020
:1032100000000000000001003EFC400240020000EF
:10322000000000000000FFFF0000000000000000A0
:10323000400240023EFC01000000000000000000CF
:10324000600080008000400040002000200000005E
:10325000000000000000000000000000000000006E
:10326000000000000000000000000000000000005E
:10327000000000000000000000000000000000004E
:10328000000F80380FFE380F80380000000000006B
:103290000000000000000000000000000100000627
:1032A00000000C00003800003100000600000C0097
:1032B00000380000300000000000000000006180C5
:1032C0000067F807F980006180006180006180007C
:1032D00061800067F807F98000618000000000004D
:1032E0000000000001C0E003E0F006300804180808
:1032F0001FFFFE040E080787F00381E000000000B6
:10330000000001F000060C00040408060C7001F92E
:10331000C0000E00003BE000EC18070808040C1881
:103320000003E00000000001E00007F003F81804CB
:103330001C0804170807E1D003C0E00023B0003CDC
:10334000080020080000100000000000000100003C
:103350003100003200001C000000000000000000EE
:10336000000000000000000000000000000000005D
:1033700000000000000000000000000000007F00CE
:1033800001FFC00780F00C001810000420000200AC
:1033900000000000002000021000040C001807804C
:1033A000F001FFC0007F00000000000000000000EE
:1033B0000000000000000000000042000066000065
:1033C0006600003C0000180003FFC0001800003C2D
:1033D00000006600006600004200000000000800D7
:1033E00000080000080000080000080001FFC000FD
:1033F00008000008000008000008000008000000A5
:103400000000000100003100003200001C0000003C
:1034100000000000000000000000000000000000AC
:10342000000000000000080000080000080000087C
:103430000000080000080000080000080000080064
:10344000000800000000000000000000000038003C
:1034500000380000380000000000000000000000FC
:103460000000000000000000000000000000000656
:1034700000001C000070000180000E0000380000F9
:10348000C0000700001C0000300000000000000029
:1034900000007F8001FFE003807006001804000830
:1034A00004000806001803807001FFE0007F800020
:1034B00000000000000000000100080100080100F9
:1034C0000803FFF807FFF8000008000008000008E4
:1034D00000000000000000000001C03802C05804D5
:1034E0000098040118040218040418061C1803F8B4
:1034F0001801E0F800000000000000000001C0E03A
:1035000003C0F004000804080804080806180803AB
:10351000F41801E7F00001E00000000000000000E6
:1035200000000300000D0000110000610000810890
:1035300003010807FFF80FFFF80001080001080069
:1035400000000000000000E007FCD006080806109C
:1035500008061008061008061838060FF00607C0FF
:10356000000000000000000000003F8001FFE003B9
:103570008430020818041008041008041008071802
:1035800010030FF00007C000000000000000000062
:1035900003C0000700000600000600F80607F80652
:1035A000180006E000070000060000000000000010
:1035B0000001E1E003F7F0063410041808041808CD
:1035C000040C08040C0806161803F3F001C1E0000F
:1035D000000000000000F80003FC3003063804027D
:1035E000080402080402080404100308F001FFC0E4
:1035F000007F00000000000000000000000000004C
:1036000000000000000070380070380070380000C2
:1036100000000000000000000000000000000000AA
:1036200000000000000000000000301A00301C0004
:10363000000000000000000000000000000000008A
:1036400000000000000800001400002200004100FB
:1036500000808001004002002004001008000800E3
:1036600000000000000021000021000021000021D6
:1036700000002100002100002100002100002100A5
:103680000021000000000000000000000800080405
:103690000010020020010040008080004100002254
:1036A0000000140000080000000000000003C0003B
:1036B00004C000040000080038080F380808380863
:1036C00010000C300007E00003C000000000000004
:1036D00000003F8000FFE0038070020F100670883A
:1036E00004C088048308047F8802C090030120007E
:1036F000FE400000080000180001F8003E0801C26A
:103700000007020007E20000FE00001FC80001F8E9
:1037100000003800000804000807FFF807FFF8045D
:10372000080804080804080804080806180803F430
:103730001801E7F00001E0000000000000003F80F9
:1037400001FFE00380700200180400080400080470
:1037500000080400100600200780C00000000400DC
:103760000807FFF807FFF804000804000804000831
:1037700004001802001003807001FFE0007F800049
:10378000000004000807FFF807FFF8040808040811
:1037900008040808040808043E0804000806001885
:1037A00001006000000004000807FFF807FFF804AC
:1037B0000808040800040800040800043E0006008D
:1037C00000060000018000000000000000003F80B3
:1037D00001FFE003807006001804000804020804DA
:1037E00002080203F00783F0000200000200040058
:1037F0000807FFF807FFF8040808000800000800A1
:1038000000080000080004080807FFF807FFF80494
:103810000008000000000000040008040008040084
:103820000807FFF807FFF804000804000804000870
:10383000000000000000000000000006000007007B
:10384000000104000104000104000307FFFE07FF5C
:10385000FC04000004000004000004000807FFF856
:1038600007FFF8040C08001800003E0004C780059C
:1038700003C80600F804003804001800000804001B
:103880000807FFF807FFF804000800000800000818
:103890000000080000080000080000180000600098
:1038A000000004000807FFF807800807FC00007FFD
:1038B000C00003F80007C000780007800807FFF881
:1038C00007FFF804000804000807FFF807000803D2
:1038D000C00000E000003800001E000007000001EA
:1038E000C00400F007FFF8040000000000007F8023
:1038F00001FFE003807006001804000804000806B9
:10390000001803003001FFE0007F80000000040089
:103910000807FFF807FFF804040804040004040083
:10392000040400040400060C0003F80001F0000089
:103930000000000000007F8001FFE00380700600AF
:10394000880400880400C806003C03003E01FFE62E
:10395000007F8400000004000807FFF807FFF80458
:103960000808040800040C00040F00040BC0061033
:10397000F003F03801E00800000800000001E0F862
:1039800003F030063010041808041808040C08046A
:103990000C080206180207F00781E0000000018011
:1039A0000006000004000004000004000807FFF8FF
:1039B00007FFF804000804000004000006000001EE
:1039C000800004000007FFE007FFF004001800007B
:1039D00008000008000008000008000008040010AB
:1039E00007FFE004000004000006000007E00007F5
:1039F000FE00041FE00001F80000380001E0043E72
:103A00000007C00006000004000004000007E000FA
:103A100007FFC0041FF80007C007F80007FF800475
:103A20003FF80007C004F800070000040000000091
:103A30000004000806001807C07805F1C8003E0021
:103A4000001F800463E80780F806001804000800DF
:103A5000000004000006000007800007E008047C66
:103A600008001FF80007F800180804E00807000025
:103A700006000004000000000001000806003804F1
:103A800000F80403E8040F08047C0805F00807C0E8
:103A9000080700180400600000000000000000009B
:103AA0000000000000000000003FFFFE2000022098
:103AB000000220000220000220000200000000009E
:103AC0000000000008000007000000C000003800EF
:103AD0000006000001C000003000000E00000100E0
:103AE0000000000000000000200002200002200072
:103AF000022000022000023FFFFE00000000000044
:103B000000000000000000000000000000000008AD
:103B10000000100000300000200000300000100005
:103B2000000800000000000000000000010000018B
:103B30000000010000010000010000010000010080
:103B40000001000001000001000001000001000070
:103B50000000000000000020000020000010000015
:103B60001000000000000000000000000000000045
:103B700000000000000000F00019F8001B180022EF
:103B800008002608002408002410003FF8001FF851
:103B900000000800001800000004000007FFF80FF4
:103BA000FFF000181800100800200800200800305E
:103BB00018001FF0000FC00000000000000007C048
:103BC000001FF00018300020080020080020080026
:103BD0003C08001C10000060000000000000000015
:103BE000000007C0001FF00038180020080020085F
:103BF00000200804101007FFF80FFFF0000010006D
:103C000000000000000000000007C0001FF00012CC
:103C100030002218002208002208003208001E107E
:103C2000000E20000000000000002000002008001E
:103C3000200801FFF803FFF80620080420080420EC
:103C40000807200003000000000000000000000E34
:103C5000000E6E001FF30031B10020B10020B10052
:103C60003191001F13002E1E00200E0030000000B6
:103C70000004000807FFF80FFFF8001008002000FC
:103C8000002000002008003FF8001FF80000080096
:103C900000000000000000000020080020080020B4
:103CA00008063FF8063FF80000080000080000087A
:103CB0000000000000000000000000000000030001
:103CC0000003002001002001002003063FFE063F04
:103CD000FC000000000000000000000000040008DC
:103CE00007FFF80FFFF8000188000300002FC00055
:103CF00038F800203800200800000800000000000C
:103D00000000000004000804000804000807FFF891
:103D10000FFFF80000080000080000080000000085
:103D20000000002008003FF8003FF80010080020C5
:103D300000003FF8003FF8001008002000003FF8A6
:103D4000003FF8000008000000002008003FF800D5
:103D50003FF8001008001000002000002008003F7D
:103D6000F8001FF80000080000000000000007C075
:103D7000000FF00018300030080020080020080074
:103D80003008001830000FF00007C00000000000ED
:103D900000002001003FFF003FFF0010110020093C
:103DA000002008002008003038001FF0000FC0007D
:103DB00000000000000007C0001FF00038180020BD
:103DC00008002008002009001011001FFF003FFF1D
:103DD000000001000000002008002008002008006A
:103DE0003FF8003FF80008080010080020080020F5
:103DF0000000300000300000000000000000000063
:103E0000000C78001E180033080023080021080069
:103E100021880021980030F0003860000000000088
:103E20000000200000200000200000FFF003FFF849
:103E300000200800200800200800003000000000DA
:103E40000000000000002000003FF0007FF80000AC
:103E500018000008000008002010003FF8007FF064
:103E600000001000000000000000200000300000F2
:103E70003C00003F800023F0000078000070002329
:103E800080003C00003000002000002000003C00CA
:103E9000003FE00023F80000E0002700003E0000A3
:103EA0003FE00021F80001E0003E0000200000009B
:103EB00000002008002008003838003E68002780F5
:103EC0000003C8002CF80038380020180020080033
:103ED0000000000000002000003003003C01003F13
:103EE000830023EC000070002380003C00002000D1
:103EF0000020000000000000000000000038080062
:103F000020380020F80023E8002F88003E08003801
:103F100008002018000070000000000000000000F1
:103F20000000000000000000000008000014001F56
:103F3000F7FC300006200002000000000000000036
:103F40000000000000000000000000000000000071
:103F5000FFFFFF0000000000000000000000000064
:103F600000000000000000002000023000061FF7E3
:103F7000FC00140000080000000000000000000029
:103F80000000000000000000001800006000004079
:103F900000004000002000001000000800000400A5
:103FA000000400000C0000100000000000000000F1
:103FB0000000000000000000000000000000000001
:103FC00000000000000000000000000000000000F1
:103FD00000000000000000000000000000000000E1
:103FE00000000000000000000000000000000000D1
:103FF00000000000000000000000000000000000C1
:10400000000007F000C007FFE1E007F001E000005A
:1040100000C00000000000000000000000000000E0
:104020000000000000000000000000000000000090
:1040300000000020000001C00000078000001F00F9
:1040400000001E0000001C20000001C000000780CE
:1040500000001F0000001E0000001C000000000007
:104060000000000000000000000000000000001838
:104070000C0000180C0000180FE0001FFC0003F8F3
:104080000C0000180C0000180C0000180C000018A0
:104090000C0000180FE0001FFC0003F80C000018D3
:1040A0000C0000180C0000000000000000000000E0
:1040B000000000000780007807C000FC0640010EE9
:1040C000002003070020020380200FFFFFFC0201F5
:1040D000C0200200E0600130704001F03F8000F03D
:1040E0001F00000000000000000000FE000001FFB3
:1040F00000000301800002008060030181C001FF15
:10410000070000FE18000000E0000003BF00000CE4
:10411000FFC00071806001C10020030180600000C9
:10412000FFC000003F000000000000001F00000072
:104130007FC000FCC0C001FF80600303E0200202DA
:10414000782002061E2003FC074001F003800001D6
:1041500003C000011C600001E020000100200001FC
:10416000004000000180000000000000000000206E
:1041700000001C6000001C4000001F8000000F00B9
:10418000000000000000000000000000000000002F
:10419000000000000000000000000000000000001F
:1041A000000000000000000000000000000000000F
:1041B00000000000000000000000000000000000FF
:1041C0000000000000000007F800003FFF0000783A
:1041D00007C001C000E00300003004000008080030
:1041E00000041000000200000000000000001000A9
:1041F000000208000004040000080300003001C0B1
:1042000000E0007807C0003FFF000007F800000052
:10421000000000000000000000000000000000009E
:10422000000000000000000000000000000000008E
:104230000000000C1800000E3800000E38000006C8
:104240003000000360000061438000FFFF800061D8
:1042500043000003600000063000000E3800000E2E
:104260003800000C180000000000000000000000F2
:1042700000000000800000008000000080000000BE
:1042800080000000800000008000007FFF00000030
:10429000800000008000000080000000800000001E
:1042A000800000008000000000000000000000000E
:1042B0000001000000E3000000E2000000FC00003C
:1042C0000078000000000000000000000000000076
:1042D00000000000000000000000000000000000DE
:1042E00000000000000000000000000000000000CE
:1042F00080000000800000008000000080000000BE
:1043000080000000800000008000000080000000AD
:10431000800000008000000080000000800000009D
:10432000800000008000000000000000000000008D
:104330000000000000C0000001E0000001E00000FB
:1043400000C00000000000000000000000000000AD
:10435000000000000000000000000000000000005D
:10436000000000000000000000000000000000004D
:10437000000C00000038000000E000000380000096
:104380000E00000038000000E00000038000000E76
:1043900000000038000000E00000038000000E0074
:1043A00000001800000000000000000000000000F5
:1043B0000000000FF800007FFF0000F00780018080
:1043C00000C0030000600200002002000020020084
:1043D000002003000060018000C000E00380007F37
:1043E000FF00000FF80000000000000000000000C7
:1043F00000000000000000800020008000200080FD
:1044000000200080006001FFFFE003FFFFE00000EC
:1044100000600000002000000020000000200000DC
:10442000000000000000000000000000000000008C
:104430000000007800E000980160010002600200C6
:1044400004600200086002001060020020600200A8
:104450004060030080600183006001FE00E0007C9A
:1044600007800000000000000000000000000000C5
:10447000000000F0078001F007C0010000400200CA
:10448000002002010020020100200201002003039D
:1044900080200186804001FCC0C000787F80000041
:1044A0001E000000000000000000000000000000EE
:1044B00008000000380000004800000188000006E5
:1044C0000800000C0810003008100040081001FF20
:1044D000FFF003FFFFF003FFFFF0000008100000F3
:1044E000081000000810000000000000000000009C
:1044F000000000000780001F864003E10020030247
:10450000002003040020030400200304002003040F
:10451000002003060040030301C00301FF800300E5
:104520007E0000000000000000000000000000000D
:1045300000000007FC00003FFF000070C380008106
:1045400080C001010060030200200202002002027C
:104550000020020200200203004001C180C000C010
:10456000FF8000007E00000000000000000000004E
:10457000000000F0000003C0000003800000030002
:104580000000030007E003003FE00301C000030652
:104590000000031800000360000003800000030017
:1045A000000000000000000000000000000000000B
:1045B0001F0000783F8000FC60C0018EC0400307F0
:1045C00080200203002002018020020180200201DD
:1045D000C0200301E040018670C000FC3F800078ED
:1045E0001F00000000000000000000000000003F6D
:1045F000000000FF81C001C0C1C0010060200200B6
:104600002020020020200200202002002060020062
:1046100040C00100C18000C18F00007FFE00001F6C
:10462000F00000000000000000000000000000009A
:10463000000000000000000000000000000000007A
:104640000000000300C0000781E0000781E00003D4
:1046500000C000000000000000000000000000009A
:10466000000000000000000000000000000000004A
:10467000000000000000000000000000000000003A
:104680000000000600660006007800000000000040
:10469000000000000000000000000000000000001A
:1046A000000000000000000000000000000000000A
:1046B0000000000080000001C00000036000000650
:1046C0003000000C180000180C00003006000060DC
:1046D000030000C00180010000400200002004002F
:1046E00000100000000000000000000000000004B6
:1046F000100000041000000410000004100000046A
:104700001000000410000004100000041000000459
:104710001000000410000004100000041000000449
:104720001000000410000000000000000000000065
:10473000000004000010020000200100004000C042
:104740000180006003000030060000180C00000C1F
:10475000180000063000000360000001C0000000E7
:1047600080000000000000000000000000000000C9
:1047700000000078000001F800000238000002008C
:104780000000040000C0040079E0040081E004019E
:1047900000C004030000020200000306000001FC48
:1047A000000000F800000000000000000000000F02
:1047B000F800003FFE000070078000C000C001014B
:1047C000F8400307FC20021E0420023008200220CB
:1047D0003020023FFC20013F044001800CC000E07B
:1047E0003180001FC2000000000000000020000017
:1047F0000060000003E000003E200003E020003ED7
:10480000200003E020000380200007FC2000003F80
:10481000E0000003FE2000003FE0000001E0000097
:104820000020000000200000000000000000020046
:1048300000200200002003FFFFE003FFFFE0020171
:1048400000200201002002010020020100200201DC
:104850000020030300200186806001FCC0C000F836
:104860007F8000001F000000000000000000000723
:10487000F800003FFF000070078000C000C001008A
:10488000004003000020020000200200002002007F
:1048900000200200002001000040018000C003C091
:1048A000018000300600000000000000000002004F
:1048B00000200200002003FFFFE003FFFFE00200F2
:1048C000002002000020020000200200002003005F
:1048D000006001000040018000C000F00780007F00
:1048E000FE00000FF80000000000000000000200C1
:1048F00000200200002003FFFFE003FFFFE00201B1
:10490000002002010020020100200201002002011B
:10491000002002038020020FE0200300006003C09B
:1049200000E0006003000000000000000000020042
:1049300000200200002003FFFFE003FFFFE0020170
:10494000002002010020020100000201000002011B
:1049500000000201000002038000030FE0000300DA
:10496000000003C00000006000000000000000071D
:10497000F800003FFE000070078001C001C0010088
:10498000004003000020020000200200002002007E
:104990000020010020200100204003C03F800030A3
:1049A0003F800000200000002000020000200200E4
:1049B000002003FFFFE003FFFFE002008020020071
:1049C00080200000800000008000000080000200C5
:1049D00080200200802003FFFFE003FFFFE00200D1
:1049E0000020020000200000000000000000000085
:1049F0000000000000000200002002000020020071
:104A000000200200002003FFFFE003FFFFE00200A0
:104A10000020020000200200002002000020000010
:104A20000000000000000000000000000000000086
:104A3000000E0000000F0000000F00000001020047
:104A4000000102000001020000030200000603FF53
:104A5000FFFC03FFFFF8020000000200000002005C
:104A60000000020000000000000000000000020042
:104A700000200200002003FFFFE003FFFFE0020030
:104A8000C0200201002000078000000FE00000307D
:104A9000F80002603E2003800F20030003E00200C4
:104AA00000E00200002000000020000000000200E2
:104AB00000200200002003FFFFE003FFFFE00200F0
:104AC0000020020000200000002000000020000064
:104AD0000020000000200000002000000060000016
:104AE00000E00000030000000000020000200200BF
:104AF000002003FFFFE003E0002003FF0020001F71
:104B0000F0000001FF8000000FE000001E00000325
:104B1000E000003E002003E0002003FFFFE003FF71
:104B2000FFE002000020020000200200002002003E
:104B3000002003FFFFE00380002003F0002000FCC2
:104B40000000001F00000007C0000001F00000008E
:104B50007C0002001F80020007E003FFFFE002006C
:104B60000000020000000000000000000000000F34
:104B7000F800003FFE0000F00780018000C0010047
:104B8000004002000020020000200200002002007D
:104B9000002001000040018000C000F00380003FC1
:104BA000FE00000FF80000000000000000000200FE
:104BB00000200200002003FFFFE003FFFFE00200EF
:104BC000802002008020020080000200800002009D
:104BD000800002008000030180000183000000FECD
:104BE0000000007C00000000000000000000000F3A
:104BF000F800007FFF0000F00380018001C0010089
:104C000006400200042002000420020006200200E8
:104C100003E0010000F80180005C00E0038C003F2D
:104C2000FF0C000FFC180000000000000000020054
:104C300000200200002003FFFFE003FFFFE002016D
:104C4000002002010020020180000201E0000201B8
:104C5000FC0003033F80018607E001FC00E000F850
:104C60000020000000200000000000000000000004
:104C700000000078060000FE01E0018600C003038A
:104C80000040020300200201802002018020020176
:104C9000C0200200C0200100E060018070C003E07D
:104CA0003F8000001F0000000000000000000060C6
:104CB000000003800000030000000200000002006A
:104CC00000200200002003FFFFE003FFFFE00200DE
:104CD000002002000020020000000200000003800B
:104CE000000000E0000000000000020000000200E0
:104CF000000003FFFF0003FFFFC0020000400200AE
:104D000000600000002000000020000000200000E3
:104D10000020020000400200008003FFFF000200AC
:104D2000000002000000000000000000000002007F
:104D300000000200000003C0000003FC0000023F6E
:104D4000C0000003F80000007F80000007E00000C2
:104D50000780000078000203C000023C000003C08E
:104D6000000002000000020000000200000003C07A
:104D7000000003FF8000023FFE0002007FE0000011
:104D80000F000200F00003EF000003FF8000020F9D
:104D9000FE0000003FE000001F000207E00003F8F3
:104DA00000000300000002000000000000000200FC
:104DB000002002000020038000E003F0032002FC3A
:104DC0000C20021F30000007C0000007F00002188E
:104DD0007C0002601F20038003E0020000E002006C
:104DE0000020000000200000000000000000020081
:104DF00000000300000003C0000003F80000023EB2
:104E00000020020FC0200001FFE000007FE000034F
:104E10008020021C002002700000038000000200BD
:104E20000000020000000000000000000000000080
:104E30000020006000E0038003E003000FA00200F8
:104E40003E200200F8200203E020020F8020023EF4
:104E500000200278002003E00060038000E00200F0
:104E6000030000000000000000000000000000003F
:104E70000000000000000000000000000000000032
:104E800000001FFFFFFC10000004100000041000D1
:104E900000041000000410000004100000041000C2
:104EA00000040000000000000000000000000000FE
:104EB0000000000000000700000003C000000078B0
:104EC0000000001E00000003C0000000F000000011
:104ED0001E0000000780000000F00000003C000001
:104EE00000060000000000000000000000000000BC
:104EF0000000100000041000000410000004100066
:104F000000041000000410000004100000041FFF43
:104F1000FFFC000000000000000000000000000096
:104F20000000000000000000000000000000000081
:104F3000000000000000000000000200000004006B
:104F40000000080000001800000010000000180019
:104F50000000180000000400000002000000000033
:104F60000000000000000000000000000001000040
:104F7000000100000001000000010000000100002D
:104F8000000100000001000000010000000100001D
:104F9000000100000001000000010000000100000D
:104FA00000010000000100000001000000000000FE
:104FB00000000000000010000000100000001000C1
:104FC00000001800000008000000040000000000BD
:104FD00000000000000000000000000000000000D1
:104FE00000000000000000000000000000000000C1
:104FF000038000018FC000038C60000618200004AD
:10500000102000041020000420200004204000068E
:1050100020400003FFC00001FFE00000002000006E
:105020000020000000C0000000000000000002009E
:1050300000000200000003FFFFE007FFFFC00001C7
:1050400080C0000200600002002000040020000474
:1050500000200004002000060040000300C0000102
:10506000FF800000FE0000000000000000000000C3
:10507000000000007E000001FF80000381C00002EC
:10508000004000060020000400200004002000046E
:105090000020000600200003C0400001C080000086
:1050A00003000000000000000000000000000000FD
:1050B000000000007E000001FF80000380C00006A9
:1050C000006000040020000400200004002002040E
:1050D00000400202008003FFFFE007FFFFC0000066
:1050E0000040000000400000000000000000000040
:1050F000000000007E000001FF80000311C00002DC
:10510000104000041060000410200004102000046F
:10511000102000061020000310400001F0C0000025
:10512000710000000000000000000000000000000E
:10513000000000040000000400200004002000041F
:105140000020007FFFE001FFFFE0010400200304D6
:1051500000200204002002040020020400000200DB
:10516000000001C0000001C00000000000000000BD
:1051700000000000001C0000E33E0003FFC200022C
:105180000CC3000404C1000404C1000404C10004F1
:1051900004C100060CC10003F8C30005F06200065C
:1051A000007E0006003C000000000000000002003D
:1051B00000200200002003FFFFE007FFFFE00001E6
:1051C000002000020020000600000004000000048F
:1051D000000000040020000600200003FFE00001A2
:1051E000FFE00000002000000020000000000000A0
:1051F0000000000000000004002000040020000463
:105200000020000400200387FFE0038FFFE00380FD
:10521000002000000020000000200000002000000E
:10522000000000000000000000000000000000007E
:105230000000000000000000000600000007000061
:10524000000100000001000400010004000100044E
:105250000003000400060387FFFC038FFFF80380B0
:10526000000000000000000000000000000002003C
:1052700000200200002003FFFFE007FFFFE0000026
:10528000082000001020000030000000FC00000595
:105290008E00000707A0000601E0000400E0000403
:1052A00000200000002000000000000000000000BE
:1052B00000000000000002000020020000200200A8
:1052C00000200200002003FFFFE007FFFFE00000D6
:1052D000002000000020000000200000002000004E
:1052E00000000000000000000000000000000004BA
:1052F00000200007FFE0000FFFE000020020000494
:105300000000000400200007FFE00003FFE00002AF
:10531000002000040000000400200007FFE000035C
:10532000FFE000000020000000000000000000047A
:105330000020000400200007FFE0000FFFE0000154
:105340000020000200200002000000040000000411
:10535000000000040020000600200003FFE0000120
:10536000FFE000000020000000200000000000001E
:10537000000000007E000000FF80000381C00002EA
:10538000004000060020000400200004002000046B
:1053900000200006002000020040000381C0000140
:1053A000FF8000007E0000000000000000000004FC
:1053B0000001000400010007FFFF000FFFFF0001D4
:1053C00000C100020041000400200004002000048D
:1053D00000200004002000060040000301C000017E
:1053E000FF8000007E0000000000000000000000C0
:1053F000000000007E000001FF80000380C000026A
:1054000000600004002000040020000400200004CC
:10541000002000020041000300C10003FFFF00075D
:10542000FFFF000000010000000100000000000478
:105430000020000400200004002000040020000FD1
:10544000FFE0000FFFE00000C0200001002000028C
:1054500000200006002000040000000400000007F7
:105460000000000300000000000000000000000039
:105470000000000003E00001C0E00003E04000067F
:1054800030200004302000041820000418200004FC
:10549000182000040C2000020C60000307C0000765
:1054A00083800000000000000000000000000000F9
:1054B0000000000400000004000000040000000CD4
:1054C0000000001FFF8000FFFFC000040060000418
:1054D0000020000400200004002000040040000020
:1054E0000180000000000000000000000000000437
:1054F0000000000400000007FF80000FFFC0000054
:1055000000600000002000000020000000200000DB
:10551000002000040040000400800007FFE0000FAE
:10552000FFC0000000400000004000000000000438
:10553000000000040000000780000007F0000004E5
:10554000FE0000041FC0000003E000000380000014
:105550001C0000046000000780000006000000043A
:105560000000000000000000000000040000000631
:1055700000000007C0000007FC0000043F8000009E
:1055800003E000040F800006F0000007F0000007B1
:10559000FF8000040FE00000038000043C000007CF
:1055A000C000000600000004000000000000000031
:1055B00000200004002000040060000700E0000755
:1055C00083200007E6000004F80000003C0000040F
:1055D0005E20000587A0000601E0000400600004D2
:1055E0000020000000200000000000000000000477
:1055F000000000040003000700030007E0010004AE
:10560000F80100041F02000007FC000000E0000099
:105610000700000438000007C00000060000000476
:105620000000000400000000000000000000000076
:10563000000000078060000600E0000403E00004B2
:1056400007A000040E2000043C2000047020000588
:10565000E0200007802000070060000400E0000058
:1056600003800000000000000000000000000000B7
:10567000000000000000000000000000000000002A
:105680000000000000000000800000008000000119
:10569000400007FE3FF80800000410000002100060
:1056A00000020000000000000000000000000000F8
:1056B00000000000000000000000000000000000EA
:1056C00000000000000000000000FFFFFFFF0000DE
:1056D00000000000000000000000000000000000CA
:1056E00000000000000000000000000000000000BA
:1056F000000010000002100000020800000407FE75
:105700003FF8000140000000800000008000000021
:105710000000000000000000000000000000000089
:105720000000000000000000000000000000180061
:105730000000300000004000000040000000400079
:1057400000002000000030000000080000000400FD
:1057500000000200000002000000020000000C0037
:105760000000180000000000000057AB120000000D
:1057700000FFFF0020232E2E2E2E2E0023232E2E60
:105780002E2E00232B232E2E2E00232B2B232E2ECA
:1057900000232B2B2B232E00232B2323232E00230C
:1057A000232B2E232E002E23232E2E2E000000002E
:1057B000DC005C0096007800636C010890015C00DE
:1057C000960078000A66010844025C0096007800A2
:1057D000D2600108DC00FA0096007800F964010844
:1057E0009001FA0096007800866401084402FA00ED
:1057F00096007800E9640108FF611108046F010850
:105800004260010844600108466001080B6D110800
:10581000506001085B6001085D6001086364010875
:10582000735A110852601108313233344C4344200A
:1058300067656F6D657472793A204641494C20283E
:1058400025752078202575290D0A0053746172741E
:10585000696E67204672656552544F5320736368C2
:105860006564756C65722E2E2E0D0A00415432341B
:105870004330323A2041434B206174203078353038
:105880000D0A00415432344330323A204E4F204109
:10589000434B20617420307835300D0A004C43446E
:1058A0002074696D696E673A20383030783438304A
:1058B0002C2050434C4B2033332E33204D487A2C30
:1058C000205247423536350D0A00546F7563682003
:1058D0004932433A206E6F20737570706F72746531
:1058E000642064657669636520617420307833389C
:1058F0002C2030783134206F7220307835440D0AF6
:1059000000534452414D20746573743A2050415302
:10591000530D0A004754397878782070726F647597
:1059200063742049443A2025732C20372D62697412
:1059300020616464726573733A2030782530325880
:105940000D0A00546F756368204932432073636108
:105950006E3A2041434B20617420372D62697420D8
:1059600061646472657373203078253032580D0A93
:1059700000534452414D20746573743A20464149A6
:105980004C206174203078253038580D0A000D0AFB
:1059900053544D333248373433206D6963726F206E
:1059A0006465736B746F702072756E74696D650DCC
:1059B0000A00546F75636820493243206275733A58
:1059C0002053434C3D2575205344413D25752C20E3
:1059D000646576696365733D25750D0A00546F75BE
:1059E000636820636F6E74726F6C6C65723A2046E8
:1059F000542F4353542066616D696C790D0A00532E
:105A0000797374656D20636C6F636B3A203430304A
:105A1000204D487A0D0A004E4F4E450046542F4304
:105A200053540053746F726167655461736B00481F
:105A300065616C74685461736B0047756954617378
:105A40006B00417564696F5461736B004D6F6E69D3
:105A5000746F725461736B00496E70757454617326
:105A60006B00546F7563684576656E7473004348C8
:105A70003933353000525443004D55534943204F7C
:105A800050454E454400554E4B4E4F574E204150C9
:105A900050204F50454E4544004D4F4E49544F52B3
:105AA000204F50454E45440046494C4553204F50E9
:105AB000454E45440053455454494E4753204F509A
:105AC000454E4544004C4F4753204F50454E4544AA
:105AD0000044524157204F50454E454400415050DC
:105AE0004C49434154494F4E20434C4F5345440089
:105AF0004D4F55534520434F4E4E4543544544006A
:105B00004D4F555345204E4F5420434F4E4E454325
:105B1000544544004D4F555345205245434F4E4E3A
:105B20004543544544004D4F555345204449534344
:105B30004F4E4E4543544544003630532043415068
:105B40005455524520535441525445440052554EE9
:105B500054494D45205441534B20535441525445D0
:105B6000440031305320464C4F4F44205445535449
:105B700020535441525445440057524F4E472050F1
:105B8000415353574F52440044533332333120541E
:105B9000494D45204F4E4C494E4500415554480013
:105BA000445333323331204E4F5420464F554E44E8
:105BB000202D20555054494D452046414C4C4241E2
:105BC000434B0053435245454E204F4646202D201F
:105BD0004D414E55414C00504F574552004C4F4798
:105BE000494E205355434345535300454E54455267
:105BF00020342044494749545300494E50555420BD
:105C00005354415453205245534554005343524535
:105C1000454E204F4646202D2054494D454F555462
:105C20000053435245454E2057414B452042592091
:105C3000494E505554004C4F47494E20534352450E
:105C4000454E205245414459005245534554205435
:105C500059504520256C75205441534B20252E3139
:105C600035730052544F53207469636B3D256C7536
:105C700020686561703D25752071756575653D25E8
:105C8000752F2575207261773D256C752073656EC3
:105C9000743D256C75206D657267653D256C7520BA
:105CA00064726F703D256C752064726F702F733D48
:105CB000256C75206C61743D25752F2575206D6FE1
:105CC00064653D257520737461636B28492F472FE8
:105CD0004D293D25752F25752F25752043483933CE
:105CE00035303D2573207265706F72743D256C757B
:105CF0002073746174653D256C75206C6173743D0F
:105D0000307825303258206C696E6B3D256C752FCC
:105D1000256C75206572723D256C752F256C752F6D
:105D2000256C750D0A0046524545204845415020D6
:105D300042454C4F57203332204B49420054415387
:105D40004B20535441434B204C4F5720574154450F
:105D5000524D41524B00494E5055542054455354D6
:105D6000204641494C0052544F5300494E5055541F
:105D7000205445535420504153530053415645201D
:105D80004348414E474553204245464F5245204CDB
:105D9000454156494E473F005344204449524543EC
:105DA000544F5259204C4F41444544004348414EC2
:105DB00047455320444953434152444544005245CA
:105DC0005455524E2043414E43454C4544004544B2
:105DD00049544F522043414E43454C45440053449F
:105DE00020434152442046494C45204F50455241A2
:105DF00054494F4E204641494C45440046494C4584
:105E00002052454E414D45440046494C45204F5097
:105E1000454E45440046494C452043524541544572
:105E2000440046494C452053454C454354454400A5
:105E300046494C452044454C45544544004F4E4C42
:105E40005920544558542046494C455320534D4100
:105E50004C4C4552205448414E2032353642204366
:105E6000414E204245204544495445440046494C52
:105E700045204352454154454420414E442053411E
:105E80005645440046494C4520534156454400463A
:105E9000494C4520574153204E4F5420464F554EB4
:105EA000440046494C4520524541442046524F4DFE
:105EB00020534420434152440046494C4520444528
:105EC0004C455445442046524F4D205344204341B5
:105ED00052440052454144494E472046494C4520D2
:105EE00046524F4D20534420434152440044454CB8
:105EF0004554494E472046494C452046524F4D2077
:105F00005344204341524400534156494E47204692
:105F1000494C4520544F20534420434152440050A3
:105F2000524556494F55532050414745004E45581C
:105F30005420504147450056494557204F4E4C5933
:105F4000202D2046494C452049532042494E41527C
:105F500059204F5220544F4F204C41524745005238
:105F6000454E414D452046494C450052454E414D18
:105F7000494E472046494C45004352454154494EFD
:105F800047204E45572046494C4500494E56414C06
:105F900049442046415433322046494C45204E4125
:105FA0004D4500494E56414C4944204F52204455DE
:105FB000504C49434154452046494C45204E414DA3
:105FC00045004E45572046494C45204E414D450021
:105FD000554E45585045435445442053544F524123
:105FE000474520524553504F4E534500434F4E5462
:105FF000454E542055504441544544202D20544F83
:106000005543482053415645004E4F204348414E8A
:1060100047455320544F205341564500414E4F545D
:106020004845522046494C45204F5045524154491D
:106030004F4E20495320414354495645005459502E
:1060400045204E414D45205448454E205052455321
:1060500053204F4B0053544F524147452051554513
:1060600055452049532046554C4C0053544F5241FE
:1060700047452052455155455354205155455545A6
:106080002049532046554C4C00454449544F52201A
:106090004255464645522049532046554C4C0054E3
:1060A0004F5543482044454C4554452041474149BC
:1060B0004E20544F20434F4E4649524D00574149C0
:1060C0005420464F522053544F52414745204F5081
:1060D00045524154494F4E00544849532046494C7B
:1060E000452049532052454144204F4E4C592049A8
:1060F0004E205448452044454D4F0046494C4520CC
:106100004E414D4520414C52454144592045584946
:1061100053545300454449542046494C4520434F6D
:106120004E54454E540046494C4520534156454433
:10613000202D204441544120495320504552534979
:106140005354454E540046494C45204C4953540045
:1061500046494C45205341564544202D2052455434
:1061600055524E454420544F204C495354005345FA
:106170004C45435420412046494C45204649525302
:1061800054004E455746494C452E545854005344EC
:106190002043415244204F5220464154333220493B
:1061A00053204E4F542052454144590045444954D0
:1061B000494E4720434F5059202D205052455353AC
:1061C000204F4B20544F204150504C59004F5045C8
:1061D0004E494E47205344204341524420444952A3
:1061E0004543544F52590052454144494E4720536C
:1061F00044204449524543544F5259004452573168
:106200000044524157494E47204C4F4144454400B9
:106210004E414D4520554E4348414E47454400525E
:10622000454E414D452043414E43454C4544005366
:10623000414D504C45204449414C4F472043414E2D
:1062400043454C4544005344204F50455241544926
:106250004F4E204641494C45440044524157204648
:10626000494C45204F5045524154494F4E204641DC
:10627000494C45440044524157494E472052454EEF
:10628000414D454400425255534820434F4C4F52D4
:106290002053454C45435445440044524157494ED0
:1062A000472053415645440044524157494E4720E8
:1062B00053414D504C4520574153204E4F5420469A
:1062C0004F554E440044524157494E472053414D8B
:1062D000504C45204C4F414445442046524F4D20A0
:1062E000534420434152440044524157494E4720B1
:1062F00053414D504C4520534156454420544F2066
:10630000534420434152440052454E414D494E476B
:106310002044524157494E472053414D504C45006F
:106320004F50454E494E472044524157494E472011
:1063300053414D504C4500534156494E472044521D
:106340004157494E472053414D504C4500494E5608
:10635000414C49442044524157494E472046494CFC
:1063600045204E414D4500494E56414C4944204F31
:1063700052204455504C49434154452044524157C2
:10638000204E414D4500382053414D504C45204C46
:10639000494D4954202D2052454E414D45204F52E4
:1063A000204F5645525752495445204F4E45004CB8
:1063B000415354205354524F4B4520554E444F4E59
:1063C0004500544F5543482053454C45435445449C
:1063D0002053414D504C4520414741494E20544F98
:1063E000204F56455257524954450052454E414D53
:1063F000452044524157494E4700504F494E542082
:106400004255464645522046554C4C0053454C4556
:10641000435420412053414D504C4520545749434B
:106420004520544F204F50454E00544F554348206F
:1064300053454C45435445442053414D504C452011
:10644000414741494E20544F204F50454E00464948
:106450004E495348494E472050524556494F55538F
:106460002053544F52414745204F504552415449C3
:106470004F4E004E4F5448494E4720544F20554EE2
:10648000444F00504F494E542042554646455220F5
:1064900046554C4C202D2053415645204F522055F7
:1064A0004E444F00445241572046494C45204352E8
:1064B00043204552524F5200494E56414C494420C8
:1064C000445241572046494C45204F5220435243A5
:1064D000204552524F520044524157205749544888
:1064E00020544F554348202D2053415645205355A5
:1064F00050504F52545320382053414D504C455327
:106500000052454144494E472044524157494E4765
:106510002053414D504C45530044524157494E473A
:10652000204E414D4520414C52454144592045584B
:10653000495354530053454C454354204120534143
:106540004D504C452046495253540053454C454309
:106550005420545749434520544F204F56455257D5
:10656000524954452C204F522053415645204E4508
:10657000570044524157494E472E445257005354F6
:106580004D3332483734332053595354454D204C02
:106590004F470D0A54494D4520202020204C455698
:1065A000454C204D4F44554C452020204D455353DC
:1065B0004147450D0A00257320252D357320252DD3
:1065C00038732025730D0A005344204558504F520C
:1065D00054204641494C45440053595354454D2E8F
:1065E0004C4F47204558504F5254204641494C4546
:1065F000440052414D204C4F47204255464645529B
:1066000020434C45415245440053595354454D2E67
:106610004C4F47204558504F52544544005359530E
:1066200054454D2E4C4F47204558504F52544544E9
:1066300020544F2053442043415244004558504F6A
:106640005254494E472053595354454D2E4C4F47B1
:1066500020544F2053442043415244004F4C444562
:1066600052204C4F472050414745004E4557455218
:10667000204C4F4720504147450053595354454DF6
:106680002E4C4F4700544F55434820434C454152F0
:1066900020414741494E20544F20434F4E464952D6
:1066A0004D004C4F47204558504F525420425546BC
:1066B000464552204552524F52004E45574553547D
:1066C000204556454E5453204152452053484F577C
:1066D0004E204649525354004F4C4420434F4E469F
:1066E0004947204D4947524154454420544F205674
:1066F000455253494F4E20330053455454494E4759
:10670000532E434647204C4F4144454400434F4E8F
:10671000464947204C4F4144454400434F4E46496B
:1067200047204C4F4144204641494C454400445386
:10673000333233312054494D45205550444154455E
:10674000204641494C45440053455454494E475313
:106750002E4346472053415645204641494C454427
:1067600000434F4E46494720534156452046414934
:106770004C45440054494D45204348414E4745202F
:1067800043414E43454C4C45440044454641554CDD
:10679000545320524553544F5245440044533332CE
:1067A0003331204441544520414E442054494D4505
:1067B000205550444154454400434F4E46494720DC
:1067C000534156454400434F4E4649472046494CA5
:1067D00045204E4F5420464F554E44005345545487
:1067E000494E47532E434647205341564544205473
:1067F0004F20534420434152440054494D452053B7
:10680000455420554E415641494C41424C45004467
:106810005333323331204953204F46464C494E457D
:106820000044454641554C542053455454494E4725
:1068300053202D20544F5543482053415645005670
:106840004F4C554D45204348414E47454420494E05
:10685000204D55534943202D204155544F2053413D
:106860005645004F4C4420434F4E46494720555013
:10687000475241444544202D204155544F20534117
:1068800056450053455249414C20535441545553A9
:1068900020454E41424C4544202D204155544F2027
:1068A000534156450053455249414C20535441549D
:1068B00055532044495341424C4544202D204155D5
:1068C000544F20534156450053435245454E2054A2
:1068D000494D454F55542044495341424C4544206D
:1068E0002D204155544F20534156450044454641C3
:1068F000554C545320524553544F524544202D205B
:106900004155544F205341564500564F4C554D4527
:10691000204D55544544202D204155544F2053417E
:10692000564500435552534F522053495A45204C27
:1069300041524745202D204155544F205341564543
:1069400000435552534F522053454E5349544956D4
:106950004954592048494748202D204155544F203B
:106960005341564500435552534F522053454E53C1
:1069700049544956495459204E4F524D414C202DAF
:10698000204155544F205341564500435552534FD3
:10699000522053495A4520534D414C4C202D204103
:1069A00055544F205341564500435552534F5220A2
:1069B00053495A45204D454449554D202D204155B8
:1069C000544F20534156450053435245454E204FA6
:1069D000464620313230205345434F4E4453202DFC
:1069E000204155544F20534156450053435245458D
:1069F0004E204F4646203330205345434F4E44539C
:106A0000202D204155544F205341564500534352A9
:106A100045454E204F4646203630205345434F4E85
:106A20004453202D204155544F2053415645005684
:106A30004F4C554D45203130302050455243454E46
:106A400054202D204155544F205341564500425269
:106A5000494748544E455353203130302050455219
:106A600043454E54202D204155544F205341564507
:106A700000564F4C554D452035302050455243452A
:106A80004E54202D204155544F205341564500422D
:106A900052494748544E45535320353020504552B3
:106AA00043454E54202D204155544F2053415645C7
:106AB00000564F4C554D45203235205045524345E8
:106AC0004E54202D204155544F20534156450042ED
:106AD00052494748544E4553532032352050455271
:106AE00043454E54202D204155544F205341564587
:106AF00000564F4C554D45203735205045524345A3
:106B00004E54202D204155544F20534156450042AC
:106B100052494748544E455353203735205045522B
:106B200043454E54202D204155544F205341564546
:106B300000435552534F522053454E5349544956E2
:106B4000495459204C4F57202D204155544F205324
:106B500041564500434F4E464947204C4F41442043
:106B60004641494C4544202D2044454641554C540E
:106B7000532041435449564500494E56414C4944DF
:106B800020434F4E464947202D2044454641554C11
:106B9000545320414354495645004C4F4144494EBB
:106BA000472053455454494E47532E4346470053BC
:106BB0004156494E472053455454494E47532E435E
:106BC0004647004C4F4144205155455545204655B8
:106BD0004C4C00534156452051554555452046558E
:106BE0004C4C0053455454494E4753204C4F41445C
:106BF0002051554555452049532046554C4C00538E
:106C0000455454494E47532053415645205155450C
:106C100055452049532046554C4C00434F4E46495C
:106C20004720435243204F522056455253494F4E1E
:106C3000204552524F52004453333233313A2041AF
:106C4000434B20617420307836380D0A00445333AA
:106C50003233313A204E4F2041434B206174203073
:106C60007836380D0A004453333233313A20746990
:106C70006D65207772697465206661696C65640D65
:106C80000A004453333233313A20696E69746961C2
:106C90006C697A65642066726F6D206669726D77C3
:106CA000617265206275696C642074696D650D0A96
:106CB000004453333233312074696D65206261734F
:106CC000653A20253034752D253032752D2530322A
:106CD0007520253032753A253032753A25303275B7
:106CE0002C20636F6D70656E736174696F6E3D25E6
:106CF000642070706D0D0A0032333A33343A333108
:106D000000536570202038203230323600466562EC
:106D10000044656300417567004A756C004A616E06
:106D2000004A756E00536570004D617200417072CB
:106D3000004F6374004E6F76004D6179002E2E2F48
:106D40002E2E2F4D6964646C6577617265732F46D2
:106D500072656552544F532D4B65726E656C2D6D87
:106D600061696E2F71756575652E6300092563096C
:106D700025750925750925750D0A0049444C4500FE
:106D80002E2E2F2E2E2F4D6964646C6577617265EF
:106D9000732F4672656552544F532D4B65726E6565
:106DA0006C2D6D61696E2F7461736B732E63002E91
:106DB0002E2F2E2E2F4D6964646C6577617265737A
:106DC0002F4672656552544F532D4B65726E656C3C
:106DD0002D6D61696E2F706F727461626C652F4DDD
:106DE000656D4D616E672F686561705F342E63005D
:106DF000070000001001000043000000F8FFFFFF43
:106E000000404040404040404040414141414140BD
:106E10004040404040404040404040404040404072
:106E20004005020202020202020202020202020201
:106E30000220202020202020202020020202020206
:106E4000020290909090909010101010101010105E
:106E5000101010101010101010101010020202026A
:106E600002028888888888880808080808080808AE
:106E700008080808080808080808080802020202AA
:106E800040000000000000000000000000000000C2
:106E900000000000000000000000000000000000F2
:106EA00000000000000000000000000000000000E2
:106EB00000000000000000000000000000000000D2
:106EC00000000000000000000000000000000000C2
:106ED00000000000000000000000000000000000B2
:106EE00000000000000000000000000000000000A2
:106EF0000000000000000000000000000000000092
:046F0000000000008D
:040000050800029954
:00000001FF
